
> orderfriends-api@0.0.1 start:dev
> nest start --watch

[2J[3J[H[[90m오전 2:14:28[0m] Starting compilation in watch mode...

[[90m오전 2:14:59[0m] Found 0 errors. Watching for file changes.

[33m[Nest] 32608  - [39m2026. 03. 24. 오전 2:15:13 [33m   WARN[39m [38;5;3m[Bootstrap] [39m[33mTOSS_SECRET_KEY not set — payment module will run in mock mode[39m
[33m[Nest] 32608  - [39m2026. 03. 24. 오전 2:15:13 [33m   WARN[39m [38;5;3m[Bootstrap] [39m[33mSENDGRID_API_KEY not set — email notifications will run in mock mode[39m
[33m[Nest] 32608  - [39m2026. 03. 24. 오전 2:15:13 [33m   WARN[39m [38;5;3m[Bootstrap] [39m[33mSMS_API_KEY not set — SMS notifications will run in mock mode[39m
[32m[Nest] 32608  - [39m2026. 03. 24. 오전 2:15:13 [32m    LOG[39m [38;5;3m[NestFactory] [39m[32mStarting Nest application...[39m[38;5;3m +8ms[39m
[32m[Nest] 32608  - [39m2026. 03. 24. 오전 2:15:13 [32m    LOG[39m [38;5;3m[InstanceLoader] [39m[32mConfigHostModule dependencies initialized[39m[38;5;3m +41ms[39m
[32m[Nest] 32608  - [39m2026. 03. 24. 오전 2:15:13 [32m    LOG[39m [38;5;3m[InstanceLoader] [39m[32mThrottlerModule dependencies initialized[39m[38;5;3m +0ms[39m
[33m[Nest] 32608  - [39m2026. 03. 24. 오전 2:15:13 [33m   WARN[39m [38;5;3m[NotificationsService] [39m[33mEmail notification running in mock mode (set SENDGRID_API_KEY + SENDGRID_LIVE_MODE=true for live mode)[39m
[33m[Nest] 32608  - [39m2026. 03. 24. 오전 2:15:13 [33m   WARN[39m [38;5;3m[NotificationsService] [39m[33mSMS notification running in mock mode (set SMS_API_KEY + SMS_API_URL + SMS_LIVE_MODE=true for live mode)[39m
[32m[Nest] 32608  - [39m2026. 03. 24. 오전 2:15:13 [32m    LOG[39m [38;5;3m[InstanceLoader] [39m[32mConfigModule dependencies initialized[39m[38;5;3m +0ms[39m
[32m[Nest] 32608  - [39m2026. 03. 24. 오전 2:15:13 [32m    LOG[39m [38;5;3m[InstanceLoader] [39m[32mConfigModule dependencies initialized[39m[38;5;3m +1ms[39m
[32m[Nest] 32608  - [39m2026. 03. 24. 오전 2:15:13 [32m    LOG[39m [38;5;3m[InstanceLoader] [39m[32mCacheModule dependencies initialized[39m[38;5;3m +0ms[39m
[32m[Nest] 32608  - [39m2026. 03. 24. 오전 2:15:13 [32m    LOG[39m [38;5;3m[InstanceLoader] [39m[32mTerminusModule dependencies initialized[39m[38;5;3m +0ms[39m
[33m[Nest] 32608  - [39m2026. 03. 24. 오전 2:15:13 [33m   WARN[39m [38;5;3m[ExportsQueue] [39m[33mbullmq package is not installed; order export queue and worker are disabled.[39m
[32m[Nest] 32608  - [39m2026. 03. 24. 오전 2:15:13 [32m    LOG[39m [38;5;3m[InstanceLoader] [39m[32mSupabaseModule dependencies initialized[39m[38;5;3m +2ms[39m
[32m[Nest] 32608  - [39m2026. 03. 24. 오전 2:15:13 [32m    LOG[39m [38;5;3m[InstanceLoader] [39m[32mAppModule dependencies initialized[39m[38;5;3m +3ms[39m
[32m[Nest] 32608  - [39m2026. 03. 24. 오전 2:15:13 [32m    LOG[39m [38;5;3m[InstanceLoader] [39m[32mDepositSyncModule dependencies initialized[39m[38;5;3m +0ms[39m
[32m[Nest] 32608  - [39m2026. 03. 24. 오전 2:15:13 [32m    LOG[39m [38;5;3m[InstanceLoader] [39m[32mAuthModule dependencies initialized[39m[38;5;3m +4ms[39m
[32m[Nest] 32608  - [39m2026. 03. 24. 오전 2:15:13 [32m    LOG[39m [38;5;3m[InstanceLoader] [39m[32mHealthModule dependencies initialized[39m[38;5;3m +0ms[39m
[32m[Nest] 32608  - [39m2026. 03. 24. 오전 2:15:13 [32m    LOG[39m [38;5;3m[InstanceLoader] [39m[32mPaymentsModule dependencies initialized[39m[38;5;3m +2ms[39m
[32m[Nest] 32608  - [39m2026. 03. 24. 오전 2:15:13 [32m    LOG[39m [38;5;3m[InstanceLoader] [39m[32mProductsModule dependencies initialized[39m[38;5;3m +0ms[39m
[32m[Nest] 32608  - [39m2026. 03. 24. 오전 2:15:13 [32m    LOG[39m [38;5;3m[InstanceLoader] [39m[32mBranchesModule dependencies initialized[39m[38;5;3m +0ms[39m
[32m[Nest] 32608  - [39m2026. 03. 24. 오전 2:15:13 [32m    LOG[39m [38;5;3m[InstanceLoader] [39m[32mBrandsModule dependencies initialized[39m[38;5;3m +0ms[39m
[32m[Nest] 32608  - [39m2026. 03. 24. 오전 2:15:13 [32m    LOG[39m [38;5;3m[InstanceLoader] [39m[32mMembersModule dependencies initialized[39m[38;5;3m +0ms[39m
[32m[Nest] 32608  - [39m2026. 03. 24. 오전 2:15:13 [32m    LOG[39m [38;5;3m[InstanceLoader] [39m[32mDashboardModule dependencies initialized[39m[38;5;3m +0ms[39m
[32m[Nest] 32608  - [39m2026. 03. 24. 오전 2:15:13 [32m    LOG[39m [38;5;3m[InstanceLoader] [39m[32mInventoryModule dependencies initialized[39m[38;5;3m +0ms[39m
[32m[Nest] 32608  - [39m2026. 03. 24. 오전 2:15:13 [32m    LOG[39m [38;5;3m[InstanceLoader] [39m[32mStampsModule dependencies initialized[39m[38;5;3m +0ms[39m
[32m[Nest] 32608  - [39m2026. 03. 24. 오전 2:15:13 [32m    LOG[39m [38;5;3m[InstanceLoader] [39m[32mCustomerDashboardModule dependencies initialized[39m[38;5;3m +0ms[39m
[32m[Nest] 32608  - [39m2026. 03. 24. 오전 2:15:13 [32m    LOG[39m [38;5;3m[InstanceLoader] [39m[32mCustomerBrandsModule dependencies initialized[39m[38;5;3m +1ms[39m
[32m[Nest] 32608  - [39m2026. 03. 24. 오전 2:15:13 [32m    LOG[39m [38;5;3m[InstanceLoader] [39m[32mCustomerBranchesModule dependencies initialized[39m[38;5;3m +0ms[39m
[32m[Nest] 32608  - [39m2026. 03. 24. 오전 2:15:13 [32m    LOG[39m [38;5;3m[InstanceLoader] [39m[32mCustomerMembersModule dependencies initialized[39m[38;5;3m +0ms[39m
[32m[Nest] 32608  - [39m2026. 03. 24. 오전 2:15:13 [32m    LOG[39m [38;5;3m[InstanceLoader] [39m[32mCustomerProductsModule dependencies initialized[39m[38;5;3m +0ms[39m
[32m[Nest] 32608  - [39m2026. 03. 24. 오전 2:15:13 [32m    LOG[39m [38;5;3m[InstanceLoader] [39m[32mAnalyticsModule dependencies initialized[39m[38;5;3m +0ms[39m
[32m[Nest] 32608  - [39m2026. 03. 24. 오전 2:15:13 [32m    LOG[39m [38;5;3m[InstanceLoader] [39m[32mUploadModule dependencies initialized[39m[38;5;3m +0ms[39m
[32m[Nest] 32608  - [39m2026. 03. 24. 오전 2:15:13 [32m    LOG[39m [38;5;3m[InstanceLoader] [39m[32mExportsModule dependencies initialized[39m[38;5;3m +0ms[39m
[32m[Nest] 32608  - [39m2026. 03. 24. 오전 2:15:13 [32m    LOG[39m [38;5;3m[InstanceLoader] [39m[32mNotificationsModule dependencies initialized[39m[38;5;3m +1ms[39m
[32m[Nest] 32608  - [39m2026. 03. 24. 오전 2:15:13 [32m    LOG[39m [38;5;3m[InstanceLoader] [39m[32mCustomerOrdersModule dependencies initialized[39m[38;5;3m +0ms[39m
[32m[Nest] 32608  - [39m2026. 03. 24. 오전 2:15:13 [32m    LOG[39m [38;5;3m[InstanceLoader] [39m[32mOrdersModule dependencies initialized[39m[38;5;3m +0ms[39m
[32m[Nest] 32608  - [39m2026. 03. 24. 오전 2:15:13 [32m    LOG[39m [38;5;3m[InstanceLoader] [39m[32mPublicOrderModule dependencies initialized[39m[38;5;3m +1ms[39m
[32m[Nest] 32608  - [39m2026. 03. 24. 오전 2:15:13 [32m    LOG[39m [38;5;3m[RoutesResolver] [39m[32mMeController {/}:[39m[38;5;3m +126ms[39m
[32m[Nest] 32608  - [39m2026. 03. 24. 오전 2:15:13 [32m    LOG[39m [38;5;3m[RouterExplorer] [39m[32mMapped {/me/profile, GET} route[39m[38;5;3m +6ms[39m
[32m[Nest] 32608  - [39m2026. 03. 24. 오전 2:15:13 [32m    LOG[39m [38;5;3m[RouterExplorer] [39m[32mMapped {/me/profile, PATCH} route[39m[38;5;3m +1ms[39m
[32m[Nest] 32608  - [39m2026. 03. 24. 오전 2:15:13 [32m    LOG[39m [38;5;3m[RouterExplorer] [39m[32mMapped {/me, GET} route[39m[38;5;3m +1ms[39m
[32m[Nest] 32608  - [39m2026. 03. 24. 오전 2:15:13 [32m    LOG[39m [38;5;3m[RoutesResolver] [39m[32mOrdersController {/admin/orders}:[39m[38;5;3m +0ms[39m
[32m[Nest] 32608  - [39m2026. 03. 24. 오전 2:15:13 [32m    LOG[39m [38;5;3m[RouterExplorer] [39m[32mMapped {/admin/orders, GET} route[39m[38;5;3m +0ms[39m
[32m[Nest] 32608  - [39m2026. 03. 24. 오전 2:15:13 [32m    LOG[39m [38;5;3m[RouterExplorer] [39m[32mMapped {/admin/orders/:orderId, GET} route[39m[38;5;3m +1ms[39m
[32m[Nest] 32608  - [39m2026. 03. 24. 오전 2:15:13 [32m    LOG[39m [38;5;3m[RouterExplorer] [39m[32mMapped {/admin/orders/:orderId/status, PATCH} route[39m[38;5;3m +1ms[39m
[32m[Nest] 32608  - [39m2026. 03. 24. 오전 2:15:13 [32m    LOG[39m [38;5;3m[RoutesResolver] [39m[32mPaymentsPublicController {/payments}:[39m[38;5;3m +0ms[39m
[32m[Nest] 32608  - [39m2026. 03. 24. 오전 2:15:13 [32m    LOG[39m [38;5;3m[RouterExplorer] [39m[32mMapped {/payments/prepare, POST} route[39m[38;5;3m +1ms[39m
[32m[Nest] 32608  - [39m2026. 03. 24. 오전 2:15:13 [32m    LOG[39m [38;5;3m[RouterExplorer] [39m[32mMapped {/payments/confirm, POST} route[39m[38;5;3m +0ms[39m
[32m[Nest] 32608  - [39m2026. 03. 24. 오전 2:15:13 [32m    LOG[39m [38;5;3m[RouterExplorer] [39m[32mMapped {/payments/:orderId/status, GET} route[39m[38;5;3m +1ms[39m
[32m[Nest] 32608  - [39m2026. 03. 24. 오전 2:15:13 [32m    LOG[39m [38;5;3m[RouterExplorer] [39m[32mMapped {/payments/webhook/toss, POST} route[39m[38;5;3m +1ms[39m
[32m[Nest] 32608  - [39m2026. 03. 24. 오전 2:15:13 [32m    LOG[39m [38;5;3m[RoutesResolver] [39m[32mPaymentsCustomerController {/customer/payments}:[39m[38;5;3m +0ms[39m
[32m[Nest] 32608  - [39m2026. 03. 24. 오전 2:15:13 [32m    LOG[39m [38;5;3m[RouterExplorer] [39m[32mMapped {/customer/payments, GET} route[39m[38;5;3m +0ms[39m
[32m[Nest] 32608  - [39m2026. 03. 24. 오전 2:15:13 [32m    LOG[39m [38;5;3m[RouterExplorer] [39m[32mMapped {/customer/payments/:paymentId, GET} route[39m[38;5;3m +1ms[39m
[32m[Nest] 32608  - [39m2026. 03. 24. 오전 2:15:13 [32m    LOG[39m [38;5;3m[RouterExplorer] [39m[32mMapped {/customer/payments/:paymentId/refund, POST} route[39m[38;5;3m +0ms[39m
[32m[Nest] 32608  - [39m2026. 03. 24. 오전 2:15:13 [32m    LOG[39m [38;5;3m[RoutesResolver] [39m[32mProductsController {/admin/products}:[39m[38;5;3m +0ms[39m
[32m[Nest] 32608  - [39m2026. 03. 24. 오전 2:15:13 [32m    LOG[39m [38;5;3m[RouterExplorer] [39m[32mMapped {/admin/products, GET} route[39m[38;5;3m +1ms[39m
[32m[Nest] 32608  - [39m2026. 03. 24. 오전 2:15:13 [32m    LOG[39m [38;5;3m[RouterExplorer] [39m[32mMapped {/admin/products/search, GET} route[39m[38;5;3m +0ms[39m
[32m[Nest] 32608  - [39m2026. 03. 24. 오전 2:15:13 [32m    LOG[39m [38;5;3m[RouterExplorer] [39m[32mMapped {/admin/products/categories, GET} route[39m[38;5;3m +0ms[39m
[32m[Nest] 32608  - [39m2026. 03. 24. 오전 2:15:13 [32m    LOG[39m [38;5;3m[RouterExplorer] [39m[32mMapped {/admin/products/:productId, GET} route[39m[38;5;3m +1ms[39m
[32m[Nest] 32608  - [39m2026. 03. 24. 오전 2:15:13 [32m    LOG[39m [38;5;3m[RouterExplorer] [39m[32mMapped {/admin/products, POST} route[39m[38;5;3m +0ms[39m
[32m[Nest] 32608  - [39m2026. 03. 24. 오전 2:15:13 [32m    LOG[39m [38;5;3m[RouterExplorer] [39m[32mMapped {/admin/products/:productId, PATCH} route[39m[38;5;3m +0ms[39m
[32m[Nest] 32608  - [39m2026. 03. 24. 오전 2:15:13 [32m    LOG[39m [38;5;3m[RouterExplorer] [39m[32mMapped {/admin/products/:productId, DELETE} route[39m[38;5;3m +1ms[39m
[32m[Nest] 32608  - [39m2026. 03. 24. 오전 2:15:13 [32m    LOG[39m [38;5;3m[RoutesResolver] [39m[32mBranchesController {/admin/branches}:[39m[38;5;3m +0ms[39m
[32m[Nest] 32608  - [39m2026. 03. 24. 오전 2:15:13 [32m    LOG[39m [38;5;3m[RouterExplorer] [39m[32mMapped {/admin/branches, GET} route[39m[38;5;3m +0ms[39m
[32m[Nest] 32608  - [39m2026. 03. 24. 오전 2:15:13 [32m    LOG[39m [38;5;3m[RouterExplorer] [39m[32mMapped {/admin/branches/:branchId, GET} route[39m[38;5;3m +1ms[39m
[32m[Nest] 32608  - [39m2026. 03. 24. 오전 2:15:13 [32m    LOG[39m [38;5;3m[RouterExplorer] [39m[32mMapped {/admin/branches, POST} route[39m[38;5;3m +0ms[39m
[32m[Nest] 32608  - [39m2026. 03. 24. 오전 2:15:13 [32m    LOG[39m [38;5;3m[RouterExplorer] [39m[32mMapped {/admin/branches/:branchId, PATCH} route[39m[38;5;3m +1ms[39m
[32m[Nest] 32608  - [39m2026. 03. 24. 오전 2:15:13 [32m    LOG[39m [38;5;3m[RouterExplorer] [39m[32mMapped {/admin/branches/:branchId, DELETE} route[39m[38;5;3m +0ms[39m
[32m[Nest] 32608  - [39m2026. 03. 24. 오전 2:15:13 [32m    LOG[39m [38;5;3m[RoutesResolver] [39m[32mBrandsController {/admin/brands}:[39m[38;5;3m +0ms[39m
[32m[Nest] 32608  - [39m2026. 03. 24. 오전 2:15:13 [32m    LOG[39m [38;5;3m[RouterExplorer] [39m[32mMapped {/admin/brands, GET} route[39m[38;5;3m +0ms[39m
[32m[Nest] 32608  - [39m2026. 03. 24. 오전 2:15:13 [32m    LOG[39m [38;5;3m[RouterExplorer] [39m[32mMapped {/admin/brands/:brandId, GET} route[39m[38;5;3m +1ms[39m
[32m[Nest] 32608  - [39m2026. 03. 24. 오전 2:15:13 [32m    LOG[39m [38;5;3m[RouterExplorer] [39m[32mMapped {/admin/brands, POST} route[39m[38;5;3m +0ms[39m
[32m[Nest] 32608  - [39m2026. 03. 24. 오전 2:15:13 [32m    LOG[39m [38;5;3m[RouterExplorer] [39m[32mMapped {/admin/brands/:brandId, PATCH} route[39m[38;5;3m +0ms[39m
[32m[Nest] 32608  - [39m2026. 03. 24. 오전 2:15:13 [32m    LOG[39m [38;5;3m[RouterExplorer] [39m[32mMapped {/admin/brands/:brandId, DELETE} route[39m[38;5;3m +0ms[39m
[32m[Nest] 32608  - [39m2026. 03. 24. 오전 2:15:13 [32m    LOG[39m [38;5;3m[RoutesResolver] [39m[32mMembersController {/admin/members}:[39m[38;5;3m +0ms[39m
[32m[Nest] 32608  - [39m2026. 03. 24. 오전 2:15:13 [32m    LOG[39m [38;5;3m[RouterExplorer] [39m[32mMapped {/admin/members/pending, GET} route[39m[38;5;3m +1ms[39m
[32m[Nest] 32608  - [39m2026. 03. 24. 오전 2:15:13 [32m    LOG[39m [38;5;3m[RouterExplorer] [39m[32mMapped {/admin/members/profile/:userId, PATCH} route[39m[38;5;3m +0ms[39m
[32m[Nest] 32608  - [39m2026. 03. 24. 오전 2:15:13 [32m    LOG[39m [38;5;3m[RouterExplorer] [39m[32mMapped {/admin/members/approve-brand-creator/:userId, POST} route[39m[38;5;3m +0ms[39m
[32m[Nest] 32608  - [39m2026. 03. 24. 오전 2:15:13 [32m    LOG[39m [38;5;3m[RouterExplorer] [39m[32mMapped {/admin/members/transfer, POST} route[39m[38;5;3m +1ms[39m
[32m[Nest] 32608  - [39m2026. 03. 24. 오전 2:15:13 [32m    LOG[39m [38;5;3m[RouterExplorer] [39m[32mMapped {/admin/members/brand/:brandId, GET} route[39m[38;5;3m +0ms[39m
[32m[Nest] 32608  - [39m2026. 03. 24. 오전 2:15:13 [32m    LOG[39m [38;5;3m[RouterExplorer] [39m[32mMapped {/admin/members/brand/:brandId, POST} route[39m[38;5;3m +1ms[39m
[32m[Nest] 32608  - [39m2026. 03. 24. 오전 2:15:13 [32m    LOG[39m [38;5;3m[RouterExplorer] [39m[32mMapped {/admin/members/brand/:brandId/:userId, PATCH} route[39m[38;5;3m +0ms[39m
[32m[Nest] 32608  - [39m2026. 03. 24. 오전 2:15:13 [32m    LOG[39m [38;5;3m[RouterExplorer] [39m[32mMapped {/admin/members/brand/:brandId/:userId, DELETE} route[39m[38;5;3m +1ms[39m
[32m[Nest] 32608  - [39m2026. 03. 24. 오전 2:15:13 [32m    LOG[39m [38;5;3m[RouterExplorer] [39m[32mMapped {/admin/members/branch/:branchId, GET} route[39m[38;5;3m +0ms[39m
[32m[Nest] 32608  - [39m2026. 03. 24. 오전 2:15:13 [32m    LOG[39m [38;5;3m[RouterExplorer] [39m[32mMapped {/admin/members/branch, POST} route[39m[38;5;3m +0ms[39m
[32m[Nest] 32608  - [39m2026. 03. 24. 오전 2:15:13 [32m    LOG[39m [38;5;3m[RouterExplorer] [39m[32mMapped {/admin/members/branch/:branchId/:userId, PATCH} route[39m[38;5;3m +1ms[39m
[32m[Nest] 32608  - [39m2026. 03. 24. 오전 2:15:13 [32m    LOG[39m [38;5;3m[RouterExplorer] [39m[32mMapped {/admin/members/branch/:branchId/:userId, DELETE} route[39m[38;5;3m +1ms[39m
[32m[Nest] 32608  - [39m2026. 03. 24. 오전 2:15:13 [32m    LOG[39m [38;5;3m[RoutesResolver] [39m[32mDashboardController {/admin/dashboard}:[39m[38;5;3m +0ms[39m
[32m[Nest] 32608  - [39m2026. 03. 24. 오전 2:15:13 [32m    LOG[39m [38;5;3m[RouterExplorer] [39m[32mMapped {/admin/dashboard/stats, GET} route[39m[38;5;3m +1ms[39m
[32m[Nest] 32608  - [39m2026. 03. 24. 오전 2:15:13 [32m    LOG[39m [38;5;3m[RoutesResolver] [39m[32mPublicOrderController {/public}:[39m[38;5;3m +0ms[39m
[32m[Nest] 32608  - [39m2026. 03. 24. 오전 2:15:13 [32m    LOG[39m [38;5;3m[RouterExplorer] [39m[32mMapped {/public/brands, GET} route[39m[38;5;3m +1ms[39m
[32m[Nest] 32608  - [39m2026. 03. 24. 오전 2:15:13 [32m    LOG[39m [38;5;3m[RouterExplorer] [39m[32mMapped {/public/shop/brands/:brandSlug, GET} route[39m[38;5;3m +0ms[39m
[32m[Nest] 32608  - [39m2026. 03. 24. 오전 2:15:13 [32m    LOG[39m [38;5;3m[RouterExplorer] [39m[32mMapped {/public/shop/brands/:brandSlug/orders, POST} route[39m[38;5;3m +0ms[39m
[32m[Nest] 32608  - [39m2026. 03. 24. 오전 2:15:13 [32m    LOG[39m [38;5;3m[RouterExplorer] [39m[32mMapped {/public/branches/:branchId, GET} route[39m[38;5;3m +1ms[39m
[32m[Nest] 32608  - [39m2026. 03. 24. 오전 2:15:13 [32m    LOG[39m [38;5;3m[RouterExplorer] [39m[32mMapped {/public/branch/:branchId, GET} route[39m[38;5;3m +0ms[39m
[32m[Nest] 32608  - [39m2026. 03. 24. 오전 2:15:13 [32m    LOG[39m [38;5;3m[RouterExplorer] [39m[32mMapped {/public/branches/slug/:slug, GET} route[39m[38;5;3m +0ms[39m
[32m[Nest] 32608  - [39m2026. 03. 24. 오전 2:15:13 [32m    LOG[39m [38;5;3m[RouterExplorer] [39m[32mMapped {/public/brands/:brandSlug/branches/:branchSlug, GET} route[39m[38;5;3m +1ms[39m
[32m[Nest] 32608  - [39m2026. 03. 24. 오전 2:15:13 [32m    LOG[39m [38;5;3m[RouterExplorer] [39m[32mMapped {/public/brands/:brandSlug/branches, GET} route[39m[38;5;3m +0ms[39m
[32m[Nest] 32608  - [39m2026. 03. 24. 오전 2:15:13 [32m    LOG[39m [38;5;3m[RouterExplorer] [39m[32mMapped {/public/branches/:branchId/categories, GET} route[39m[38;5;3m +0ms[39m
[32m[Nest] 32608  - [39m2026. 03. 24. 오전 2:15:13 [32m    LOG[39m [38;5;3m[RouterExplorer] [39m[32mMapped {/public/branches/:branchId/products, GET} route[39m[38;5;3m +1ms[39m
[32m[Nest] 32608  - [39m2026. 03. 24. 오전 2:15:13 [32m    LOG[39m [38;5;3m[RouterExplorer] [39m[32mMapped {/public/branch/:branchId/products, GET} route[39m[38;5;3m +0ms[39m
[32m[Nest] 32608  - [39m2026. 03. 24. 오전 2:15:13 [32m    LOG[39m [38;5;3m[RouterExplorer] [39m[32mMapped {/public/branch/:branchId/stamp-info, GET} route[39m[38;5;3m +1ms[39m
[32m[Nest] 32608  - [39m2026. 03. 24. 오전 2:15:13 [32m    LOG[39m [38;5;3m[RouterExplorer] [39m[32mMapped {/public/orders, POST} route[39m[38;5;3m +1ms[39m
[32m[Nest] 32608  - [39m2026. 03. 24. 오전 2:15:13 [32m    LOG[39m [38;5;3m[RouterExplorer] [39m[32mMapped {/public/orders/:orderIdOrNo, GET} route[39m[38;5;3m +0ms[39m
[32m[Nest] 32608  - [39m2026. 03. 24. 오전 2:15:13 [32m    LOG[39m [38;5;3m[RoutesResolver] [39m[32mMeOrdersController {/me/orders}:[39m[38;5;3m +1ms[39m
[32m[Nest] 32608  - [39m2026. 03. 24. 오전 2:15:13 [32m    LOG[39m [38;5;3m[RouterExplorer] [39m[32mMapped {/me/orders, POST} route[39m[38;5;3m +0ms[39m
[32m[Nest] 32608  - [39m2026. 03. 24. 오전 2:15:13 [32m    LOG[39m [38;5;3m[RouterExplorer] [39m[32mMapped {/me/orders/:orderId, GET} route[39m[38;5;3m +0ms[39m
[32m[Nest] 32608  - [39m2026. 03. 24. 오전 2:15:13 [32m    LOG[39m [38;5;3m[RouterExplorer] [39m[32mMapped {/me/orders/:orderId/cancel, POST} route[39m[38;5;3m +0ms[39m
[32m[Nest] 32608  - [39m2026. 03. 24. 오전 2:15:13 [32m    LOG[39m [38;5;3m[RoutesResolver] [39m[32mInventoryController {/customer/inventory}:[39m[38;5;3m +1ms[39m
[32m[Nest] 32608  - [39m2026. 03. 24. 오전 2:15:13 [32m    LOG[39m [38;5;3m[RouterExplorer] [39m[32mMapped {/customer/inventory, GET} route[39m[38;5;3m +0ms[39m
[32m[Nest] 32608  - [39m2026. 03. 24. 오전 2:15:13 [32m    LOG[39m [38;5;3m[RouterExplorer] [39m[32mMapped {/customer/inventory/alerts, GET} route[39m[38;5;3m +0ms[39m
[32m[Nest] 32608  - [39m2026. 03. 24. 오전 2:15:13 [32m    LOG[39m [38;5;3m[RouterExplorer] [39m[32mMapped {/customer/inventory/logs, GET} route[39m[38;5;3m +0ms[39m
[32m[Nest] 32608  - [39m2026. 03. 24. 오전 2:15:13 [32m    LOG[39m [38;5;3m[RouterExplorer] [39m[32mMapped {/customer/inventory/bulk-adjust, POST} route[39m[38;5;3m +1ms[39m
[32m[Nest] 32608  - [39m2026. 03. 24. 오전 2:15:13 [32m    LOG[39m [38;5;3m[RouterExplorer] [39m[32mMapped {/customer/inventory/bulk-deactivate, POST} route[39m[38;5;3m +0ms[39m
[32m[Nest] 32608  - [39m2026. 03. 24. 오전 2:15:13 [32m    LOG[39m [38;5;3m[RouterExplorer] [39m[32mMapped {/customer/inventory/:productId, GET} route[39m[38;5;3m +0ms[39m
[32m[Nest] 32608  - [39m2026. 03. 24. 오전 2:15:13 [32m    LOG[39m [38;5;3m[RouterExplorer] [39m[32mMapped {/customer/inventory/:productId, PATCH} route[39m[38;5;3m +0ms[39m
[32m[Nest] 32608  - [39m2026. 03. 24. 오전 2:15:13 [32m    LOG[39m [38;5;3m[RouterExplorer] [39m[32mMapped {/customer/inventory/:productId/adjust, POST} route[39m[38;5;3m +1ms[39m
[32m[Nest] 32608  - [39m2026. 03. 24. 오전 2:15:13 [32m    LOG[39m [38;5;3m[RoutesResolver] [39m[32mStampsController {/customer/branches/:branchId/stamp-card}:[39m[38;5;3m +0ms[39m
[32m[Nest] 32608  - [39m2026. 03. 24. 오전 2:15:13 [32m    LOG[39m [38;5;3m[RouterExplorer] [39m[32mMapped {/customer/branches/:branchId/stamp-card, GET} route[39m[38;5;3m +0ms[39m
[32m[Nest] 32608  - [39m2026. 03. 24. 오전 2:15:13 [32m    LOG[39m [38;5;3m[RouterExplorer] [39m[32mMapped {/customer/branches/:branchId/stamp-card, PUT} route[39m[38;5;3m +17ms[39m
[32m[Nest] 32608  - [39m2026. 03. 24. 오전 2:15:13 [32m    LOG[39m [38;5;3m[RoutesResolver] [39m[32mUserNotificationsController {/customer/notifications}:[39m[38;5;3m +1ms[39m
[32m[Nest] 32608  - [39m2026. 03. 24. 오전 2:15:13 [32m    LOG[39m [38;5;3m[RouterExplorer] [39m[32mMapped {/customer/notifications, GET} route[39m[38;5;3m +0ms[39m
[32m[Nest] 32608  - [39m2026. 03. 24. 오전 2:15:13 [32m    LOG[39m [38;5;3m[RouterExplorer] [39m[32mMapped {/customer/notifications/read-all, PATCH} route[39m[38;5;3m +0ms[39m
[32m[Nest] 32608  - [39m2026. 03. 24. 오전 2:15:13 [32m    LOG[39m [38;5;3m[RouterExplorer] [39m[32mMapped {/customer/notifications/:notificationId/read, PATCH} route[39m[38;5;3m +1ms[39m
[32m[Nest] 32608  - [39m2026. 03. 24. 오전 2:15:13 [32m    LOG[39m [38;5;3m[RouterExplorer] [39m[32mMapped {/customer/notifications/send-kakao, POST} route[39m[38;5;3m +0ms[39m
[32m[Nest] 32608  - [39m2026. 03. 24. 오전 2:15:13 [32m    LOG[39m [38;5;3m[RoutesResolver] [39m[32mHealthController {/health}:[39m[38;5;3m +0ms[39m
[32m[Nest] 32608  - [39m2026. 03. 24. 오전 2:15:13 [32m    LOG[39m [38;5;3m[RouterExplorer] [39m[32mMapped {/health, GET} route[39m[38;5;3m +0ms[39m
[32m[Nest] 32608  - [39m2026. 03. 24. 오전 2:15:13 [32m    LOG[39m [38;5;3m[RoutesResolver] [39m[32mCustomerDashboardController {/customer/dashboard}:[39m[38;5;3m +0ms[39m
[32m[Nest] 32608  - [39m2026. 03. 24. 오전 2:15:13 [32m    LOG[39m [38;5;3m[RouterExplorer] [39m[32mMapped {/customer/dashboard, GET} route[39m[38;5;3m +1ms[39m
[32m[Nest] 32608  - [39m2026. 03. 24. 오전 2:15:13 [32m    LOG[39m [38;5;3m[RoutesResolver] [39m[32mCustomerBrandsController {/customer/brands}:[39m[38;5;3m +0ms[39m
[32m[Nest] 32608  - [39m2026. 03. 24. 오전 2:15:13 [32m    LOG[39m [38;5;3m[RouterExplorer] [39m[32mMapped {/customer/brands, GET} route[39m[38;5;3m +0ms[39m
[32m[Nest] 32608  - [39m2026. 03. 24. 오전 2:15:13 [32m    LOG[39m [38;5;3m[RouterExplorer] [39m[32mMapped {/customer/brands, POST} route[39m[38;5;3m +0ms[39m
[32m[Nest] 32608  - [39m2026. 03. 24. 오전 2:15:13 [32m    LOG[39m [38;5;3m[RouterExplorer] [39m[32mMapped {/customer/brands/:brandId, GET} route[39m[38;5;3m +0ms[39m
[32m[Nest] 32608  - [39m2026. 03. 24. 오전 2:15:13 [32m    LOG[39m [38;5;3m[RouterExplorer] [39m[32mMapped {/customer/brands/:brandId, PATCH} route[39m[38;5;3m +1ms[39m
[32m[Nest] 32608  - [39m2026. 03. 24. 오전 2:15:13 [32m    LOG[39m [38;5;3m[RoutesResolver] [39m[32mCustomerBranchesController {/customer/branches}:[39m[38;5;3m +0ms[39m
[32m[Nest] 32608  - [39m2026. 03. 24. 오전 2:15:13 [32m    LOG[39m [38;5;3m[RouterExplorer] [39m[32mMapped {/customer/branches, GET} route[39m[38;5;3m +0ms[39m
[32m[Nest] 32608  - [39m2026. 03. 24. 오전 2:15:13 [32m    LOG[39m [38;5;3m[RouterExplorer] [39m[32mMapped {/customer/branches/:branchId, GET} route[39m[38;5;3m +0ms[39m
[32m[Nest] 32608  - [39m2026. 03. 24. 오전 2:15:13 [32m    LOG[39m [38;5;3m[RouterExplorer] [39m[32mMapped {/customer/branches, POST} route[39m[38;5;3m +0ms[39m
[32m[Nest] 32608  - [39m2026. 03. 24. 오전 2:15:13 [32m    LOG[39m [38;5;3m[RouterExplorer] [39m[32mMapped {/customer/branches/:branchId, PATCH} route[39m[38;5;3m +0ms[39m
[32m[Nest] 32608  - [39m2026. 03. 24. 오전 2:15:13 [32m    LOG[39m [38;5;3m[RouterExplorer] [39m[32mMapped {/customer/branches/:branchId, DELETE} route[39m[38;5;3m +1ms[39m
[32m[Nest] 32608  - [39m2026. 03. 24. 오전 2:15:13 [32m    LOG[39m [38;5;3m[RoutesResolver] [39m[32mCustomerMembersController {/customer/members}:[39m[38;5;3m +0ms[39m
[32m[Nest] 32608  - [39m2026. 03. 24. 오전 2:15:13 [32m    LOG[39m [38;5;3m[RouterExplorer] [39m[32mMapped {/customer/members/brand/:brandId, GET} route[39m[38;5;3m +0ms[39m
[32m[Nest] 32608  - [39m2026. 03. 24. 오전 2:15:13 [32m    LOG[39m [38;5;3m[RouterExplorer] [39m[32mMapped {/customer/members/brand/:brandId/history, GET} route[39m[38;5;3m +1ms[39m
[32m[Nest] 32608  - [39m2026. 03. 24. 오전 2:15:13 [32m    LOG[39m [38;5;3m[RouterExplorer] [39m[32mMapped {/customer/members/branch/:branchId, GET} route[39m[38;5;3m +0ms[39m
[32m[Nest] 32608  - [39m2026. 03. 24. 오전 2:15:13 [32m    LOG[39m [38;5;3m[RouterExplorer] [39m[32mMapped {/customer/members/branch/:branchId/history, GET} route[39m[38;5;3m +1ms[39m
[32m[Nest] 32608  - [39m2026. 03. 24. 오전 2:15:13 [32m    LOG[39m [38;5;3m[RouterExplorer] [39m[32mMapped {/customer/members/brand/:brandId/invite, POST} route[39m[38;5;3m +0ms[39m
[32m[Nest] 32608  - [39m2026. 03. 24. 오전 2:15:13 [32m    LOG[39m [38;5;3m[RouterExplorer] [39m[32mMapped {/customer/members/branch/:branchId/invite, POST} route[39m[38;5;3m +1ms[39m
[32m[Nest] 32608  - [39m2026. 03. 24. 오전 2:15:13 [32m    LOG[39m [38;5;3m[RouterExplorer] [39m[32mMapped {/customer/members/brand/:brandId/:userId, PATCH} route[39m[38;5;3m +0ms[39m
[32m[Nest] 32608  - [39m2026. 03. 24. 오전 2:15:13 [32m    LOG[39m [38;5;3m[RouterExplorer] [39m[32mMapped {/customer/members/branch/:branchId/:userId, PATCH} route[39m[38;5;3m +0ms[39m
[32m[Nest] 32608  - [39m2026. 03. 24. 오전 2:15:13 [32m    LOG[39m [38;5;3m[RoutesResolver] [39m[32mCustomerProductsController {/customer/products}:[39m[38;5;3m +0ms[39m
[32m[Nest] 32608  - [39m2026. 03. 24. 오전 2:15:13 [32m    LOG[39m [38;5;3m[RouterExplorer] [39m[32mMapped {/customer/products, GET} route[39m[38;5;3m +1ms[39m
[32m[Nest] 32608  - [39m2026. 03. 24. 오전 2:15:13 [32m    LOG[39m [38;5;3m[RouterExplorer] [39m[32mMapped {/customer/products/categories, GET} route[39m[38;5;3m +0ms[39m
[32m[Nest] 32608  - [39m2026. 03. 24. 오전 2:15:13 [32m    LOG[39m [38;5;3m[RouterExplorer] [39m[32mMapped {/customer/products/categories, POST} route[39m[38;5;3m +0ms[39m
[32m[Nest] 32608  - [39m2026. 03. 24. 오전 2:15:13 [32m    LOG[39m [38;5;3m[RouterExplorer] [39m[32mMapped {/customer/products/categories/bulk-create, POST} route[39m[38;5;3m +0ms[39m
[32m[Nest] 32608  - [39m2026. 03. 24. 오전 2:15:13 [32m    LOG[39m [38;5;3m[RouterExplorer] [39m[32mMapped {/customer/products/categories/reorder, PATCH} route[39m[38;5;3m +0ms[39m
[32m[Nest] 32608  - [39m2026. 03. 24. 오전 2:15:13 [32m    LOG[39m [38;5;3m[RouterExplorer] [39m[32mMapped {/customer/products/categories/:categoryId, PATCH} route[39m[38;5;3m +1ms[39m
[32m[Nest] 32608  - [39m2026. 03. 24. 오전 2:15:13 [32m    LOG[39m [38;5;3m[RouterExplorer] [39m[32mMapped {/customer/products/categories/:categoryId, DELETE} route[39m[38;5;3m +0ms[39m
[32m[Nest] 32608  - [39m2026. 03. 24. 오전 2:15:13 [32m    LOG[39m [38;5;3m[RouterExplorer] [39m[32mMapped {/customer/products/bulk-status, PATCH} route[39m[38;5;3m +0ms[39m
[32m[Nest] 32608  - [39m2026. 03. 24. 오전 2:15:13 [32m    LOG[39m [38;5;3m[RouterExplorer] [39m[32mMapped {/customer/products/categories/bulk-status, PATCH} route[39m[38;5;3m +0ms[39m
[32m[Nest] 32608  - [39m2026. 03. 24. 오전 2:15:13 [32m    LOG[39m [38;5;3m[RouterExplorer] [39m[32mMapped {/customer/products/reorder, PATCH} route[39m[38;5;3m +1ms[39m
[32m[Nest] 32608  - [39m2026. 03. 24. 오전 2:15:13 [32m    LOG[39m [38;5;3m[RouterExplorer] [39m[32mMapped {/customer/products/brand-templates, GET} route[39m[38;5;3m +0ms[39m
[32m[Nest] 32608  - [39m2026. 03. 24. 오전 2:15:13 [32m    LOG[39m [38;5;3m[RouterExplorer] [39m[32mMapped {/customer/products/brand-templates/:templateId/urgent-discount-histories, GET} route[39m[38;5;3m +0ms[39m
[32m[Nest] 32608  - [39m2026. 03. 24. 오전 2:15:13 [32m    LOG[39m [38;5;3m[RouterExplorer] [39m[32mMapped {/customer/products/brand-templates, POST} route[39m[38;5;3m +0ms[39m
[32m[Nest] 32608  - [39m2026. 03. 24. 오전 2:15:13 [32m    LOG[39m [38;5;3m[RouterExplorer] [39m[32mMapped {/customer/products/brand-templates/:templateId, PATCH} route[39m[38;5;3m +1ms[39m
[32m[Nest] 32608  - [39m2026. 03. 24. 오전 2:15:13 [32m    LOG[39m [38;5;3m[RouterExplorer] [39m[32mMapped {/customer/products/brand-templates/bulk/update, PATCH} route[39m[38;5;3m +0ms[39m
[32m[Nest] 32608  - [39m2026. 03. 24. 오전 2:15:13 [32m    LOG[39m [38;5;3m[RouterExplorer] [39m[32mMapped {/customer/products/brand-templates/:templateId, DELETE} route[39m[38;5;3m +0ms[39m
[32m[Nest] 32608  - [39m2026. 03. 24. 오전 2:15:13 [32m    LOG[39m [38;5;3m[RouterExplorer] [39m[32mMapped {/customer/products/brand-templates/:templateId/apply, POST} route[39m[38;5;3m +1ms[39m
[32m[Nest] 32608  - [39m2026. 03. 24. 오전 2:15:13 [32m    LOG[39m [38;5;3m[RouterExplorer] [39m[32mMapped {/customer/products/brand-templates/:templateId/unapply, POST} route[39m[38;5;3m +1ms[39m
[32m[Nest] 32608  - [39m2026. 03. 24. 오전 2:15:13 [32m    LOG[39m [38;5;3m[RouterExplorer] [39m[32mMapped {/customer/products/:productId, GET} route[39m[38;5;3m +0ms[39m
[32m[Nest] 32608  - [39m2026. 03. 24. 오전 2:15:13 [32m    LOG[39m [38;5;3m[RouterExplorer] [39m[32mMapped {/customer/products, POST} route[39m[38;5;3m +0ms[39m
[32m[Nest] 32608  - [39m2026. 03. 24. 오전 2:15:13 [32m    LOG[39m [38;5;3m[RouterExplorer] [39m[32mMapped {/customer/products/:productId, PATCH} route[39m[38;5;3m +1ms[39m
[32m[Nest] 32608  - [39m2026. 03. 24. 오전 2:15:13 [32m    LOG[39m [38;5;3m[RouterExplorer] [39m[32mMapped {/customer/products/:productId, DELETE} route[39m[38;5;3m +0ms[39m
[32m[Nest] 32608  - [39m2026. 03. 24. 오전 2:15:13 [32m    LOG[39m [38;5;3m[RoutesResolver] [39m[32mCustomerOrdersController {/customer/orders}:[39m[38;5;3m +0ms[39m
[32m[Nest] 32608  - [39m2026. 03. 24. 오전 2:15:13 [32m    LOG[39m [38;5;3m[RouterExplorer] [39m[32mMapped {/customer/orders, GET} route[39m[38;5;3m +0ms[39m
[32m[Nest] 32608  - [39m2026. 03. 24. 오전 2:15:13 [32m    LOG[39m [38;5;3m[RouterExplorer] [39m[32mMapped {/customer/orders/:orderId, GET} route[39m[38;5;3m +1ms[39m
[32m[Nest] 32608  - [39m2026. 03. 24. 오전 2:15:13 [32m    LOG[39m [38;5;3m[RouterExplorer] [39m[32mMapped {/customer/orders/:orderId/status, PATCH} route[39m[38;5;3m +0ms[39m
[32m[Nest] 32608  - [39m2026. 03. 24. 오전 2:15:13 [32m    LOG[39m [38;5;3m[RouterExplorer] [39m[32mMapped {/customer/orders/bulk-status, PATCH} route[39m[38;5;3m +0ms[39m
[32m[Nest] 32608  - [39m2026. 03. 24. 오전 2:15:13 [32m    LOG[39m [38;5;3m[RoutesResolver] [39m[32mAnalyticsController {/customer/analytics}:[39m[38;5;3m +1ms[39m
[32m[Nest] 32608  - [39m2026. 03. 24. 오전 2:15:13 [32m    LOG[39m [38;5;3m[RouterExplorer] [39m[32mMapped {/customer/analytics/sales, GET} route[39m[38;5;3m +0ms[39m
[32m[Nest] 32608  - [39m2026. 03. 24. 오전 2:15:13 [32m    LOG[39m [38;5;3m[RouterExplorer] [39m[32mMapped {/customer/analytics/products, GET} route[39m[38;5;3m +0ms[39m
[32m[Nest] 32608  - [39m2026. 03. 24. 오전 2:15:13 [32m    LOG[39m [38;5;3m[RouterExplorer] [39m[32mMapped {/customer/analytics/orders, GET} route[39m[38;5;3m +1ms[39m
[32m[Nest] 32608  - [39m2026. 03. 24. 오전 2:15:13 [32m    LOG[39m [38;5;3m[RouterExplorer] [39m[32mMapped {/customer/analytics/customers, GET} route[39m[38;5;3m +0ms[39m
[32m[Nest] 32608  - [39m2026. 03. 24. 오전 2:15:13 [32m    LOG[39m [38;5;3m[RouterExplorer] [39m[32mMapped {/customer/analytics/brand/sales, GET} route[39m[38;5;3m +0ms[39m
[32m[Nest] 32608  - [39m2026. 03. 24. 오전 2:15:13 [32m    LOG[39m [38;5;3m[RouterExplorer] [39m[32mMapped {/customer/analytics/brand/products, GET} route[39m[38;5;3m +0ms[39m
[32m[Nest] 32608  - [39m2026. 03. 24. 오전 2:15:13 [32m    LOG[39m [38;5;3m[RouterExplorer] [39m[32mMapped {/customer/analytics/brand/orders, GET} route[39m[38;5;3m +1ms[39m
[32m[Nest] 32608  - [39m2026. 03. 24. 오전 2:15:13 [32m    LOG[39m [38;5;3m[RouterExplorer] [39m[32mMapped {/customer/analytics/brand/customers, GET} route[39m[38;5;3m +0ms[39m
[32m[Nest] 32608  - [39m2026. 03. 24. 오전 2:15:13 [32m    LOG[39m [38;5;3m[RouterExplorer] [39m[32mMapped {/customer/analytics/products/abc, GET} route[39m[38;5;3m +0ms[39m
[32m[Nest] 32608  - [39m2026. 03. 24. 오전 2:15:13 [32m    LOG[39m [38;5;3m[RouterExplorer] [39m[32mMapped {/customer/analytics/products/hourly, GET} route[39m[38;5;3m +1ms[39m
[32m[Nest] 32608  - [39m2026. 03. 24. 오전 2:15:13 [32m    LOG[39m [38;5;3m[RouterExplorer] [39m[32mMapped {/customer/analytics/products/combinations, GET} route[39m[38;5;3m +0ms[39m
[32m[Nest] 32608  - [39m2026. 03. 24. 오전 2:15:13 [32m    LOG[39m [38;5;3m[RouterExplorer] [39m[32mMapped {/customer/analytics/customers/cohort, GET} route[39m[38;5;3m +0ms[39m
[32m[Nest] 32608  - [39m2026. 03. 24. 오전 2:15:13 [32m    LOG[39m [38;5;3m[RouterExplorer] [39m[32mMapped {/customer/analytics/customers/rfm, GET} route[39m[38;5;3m +1ms[39m
[32m[Nest] 32608  - [39m2026. 03. 24. 오전 2:15:13 [32m    LOG[39m [38;5;3m[RouterExplorer] [39m[32mMapped {/customer/analytics/brand/products/abc, GET} route[39m[38;5;3m +0ms[39m
[32m[Nest] 32608  - [39m2026. 03. 24. 오전 2:15:13 [32m    LOG[39m [38;5;3m[RouterExplorer] [39m[32mMapped {/customer/analytics/brand/customers/cohort, GET} route[39m[38;5;3m +0ms[39m
[32m[Nest] 32608  - [39m2026. 03. 24. 오전 2:15:13 [32m    LOG[39m [38;5;3m[RouterExplorer] [39m[32mMapped {/customer/analytics/brand/customers/rfm, GET} route[39m[38;5;3m +0ms[39m
[32m[Nest] 32608  - [39m2026. 03. 24. 오전 2:15:13 [32m    LOG[39m [38;5;3m[RoutesResolver] [39m[32mUploadController {/upload}:[39m[38;5;3m +1ms[39m
[32m[Nest] 32608  - [39m2026. 03. 24. 오전 2:15:13 [32m    LOG[39m [38;5;3m[RouterExplorer] [39m[32mMapped {/upload/image, POST} route[39m[38;5;3m +0ms[39m
[32m[Nest] 32608  - [39m2026. 03. 24. 오전 2:15:13 [32m    LOG[39m [38;5;3m[RouterExplorer] [39m[32mMapped {/upload/images, POST} route[39m[38;5;3m +0ms[39m
[32m[Nest] 32608  - [39m2026. 03. 24. 오전 2:15:13 [32m    LOG[39m [38;5;3m[RouterExplorer] [39m[32mMapped {/upload/image, DELETE} route[39m[38;5;3m +0ms[39m
[32m[Nest] 32608  - [39m2026. 03. 24. 오전 2:15:13 [32m    LOG[39m [38;5;3m[RouterExplorer] [39m[32mMapped {/upload/images, DELETE} route[39m[38;5;3m +1ms[39m
[32m[Nest] 32608  - [39m2026. 03. 24. 오전 2:15:13 [32m    LOG[39m [38;5;3m[RoutesResolver] [39m[32mExportsController {/exports}:[39m[38;5;3m +0ms[39m
[32m[Nest] 32608  - [39m2026. 03. 24. 오전 2:15:13 [32m    LOG[39m [38;5;3m[RouterExplorer] [39m[32mMapped {/exports/orders, POST} route[39m[38;5;3m +0ms[39m
[32m[Nest] 32608  - [39m2026. 03. 24. 오전 2:15:13 [32m    LOG[39m [38;5;3m[RouterExplorer] [39m[32mMapped {/exports/orders/:jobId, GET} route[39m[38;5;3m +0ms[39m
[32m[Nest] 32608  - [39m2026. 03. 24. 오전 2:15:13 [32m    LOG[39m [38;5;3m[DepositSyncService] [39m[32mDeposit sync enabled (poll=60000ms).[39m
[32m[Nest] 32608  - [39m2026. 03. 24. 오전 2:15:13 [32m    LOG[39m [38;5;3m[NestApplication] [39m[32mNest application successfully started[39m[38;5;3m +6ms[39m
Application is running on: http://localhost:4000
API Documentation: http://localhost:4000/api-docs
[33m[Nest] 32608  - [39m2026. 03. 24. 오전 2:15:20 [33m   WARN[39m [38;5;3m[DepositSyncService] [39m[33mDuplicate deposit sheet mapping detected for "시트1" in spreadsheet "1MSwPe5z2ebuU1xNginda2Rt4d4sLrBXh9p5M4rNSKPI". Only the first branch will be used.[39m
[32m[Nest] 32608  - [39m2026. 03. 24. 오전 2:15:29 [32m    LOG[39m [38;5;3m[CustomerGuard] [39m[32mCustomerGuard: User d26831b8-20ef-4b10-8a1c-737a83d9b21f authorized with 1 brand(s) and 0 branch(es)[39m
[32m[Nest] 32608  - [39m2026. 03. 24. 오전 2:15:29 [32m    LOG[39m [38;5;3m[InventoryController] [39m[32mUser d26831b8-20ef-4b10-8a1c-737a83d9b21f fetching low stock alerts for all branches[39m
[32m[Nest] 32608  - [39m2026. 03. 24. 오전 2:15:29 [32m    LOG[39m [38;5;3m[InventoryService] [39m[32mFetching low stock alerts for all branches by user d26831b8-20ef-4b10-8a1c-737a83d9b21f[39m
[32m[Nest] 32608  - [39m2026. 03. 24. 오전 2:15:30 [32m    LOG[39m [38;5;3m[InventoryService] [39m[32mFound 6 low stock items for all branches[39m
[32m[Nest] 32608  - [39m2026. 03. 24. 오전 2:15:30 [32m    LOG[39m [38;5;3m[HTTP] [39m[32mGET /customer/inventory/alerts - 910ms[39m
[32m[Nest] 32608  - [39m2026. 03. 24. 오전 2:15:31 [32m    LOG[39m [38;5;3m[CustomerGuard] [39m[32mCustomerGuard: User d26831b8-20ef-4b10-8a1c-737a83d9b21f authorized with 1 brand(s) and 0 branch(es)[39m
[32m[Nest] 32608  - [39m2026. 03. 24. 오전 2:15:31 [32m    LOG[39m [38;5;3m[CustomerOrdersController] [39m[32mUser d26831b8-20ef-4b10-8a1c-737a83d9b21f fetching orders (all branches)[39m
[32m[Nest] 32608  - [39m2026. 03. 24. 오전 2:15:31 [32m    LOG[39m [38;5;3m[CustomerOrdersService] [39m[32mFetching orders (all branches) by user d26831b8-20ef-4b10-8a1c-737a83d9b21f[39m
[33m[Nest] 32608  - [39m2026. 03. 24. 오전 2:15:32 [33m   WARN[39m [38;5;3m[CustomerOrdersService] [39m[33mFailed to load order payment methods for customer orders: column orders.payment_method does not exist[39m
[32m[Nest] 32608  - [39m2026. 03. 24. 오전 2:15:32 [32m    LOG[39m [38;5;3m[CustomerOrdersService] [39m[32mFetched 11 orders[39m
[32m[Nest] 32608  - [39m2026. 03. 24. 오전 2:15:32 [32m    LOG[39m [38;5;3m[HTTP] [39m[32mGET /customer/orders?page=1&limit=20 - 1568ms[39m
[33m[Nest] 32608  - [39m2026. 03. 24. 오전 2:16:14 [33m   WARN[39m [38;5;3m[DepositSyncService] [39m[33mDuplicate deposit sheet mapping detected for "시트1" in spreadsheet "1MSwPe5z2ebuU1xNginda2Rt4d4sLrBXh9p5M4rNSKPI". Only the first branch will be used.[39m
[32m[Nest] 32608  - [39m2026. 03. 24. 오전 2:16:33 [32m    LOG[39m [38;5;3m[CustomerGuard] [39m[32mCustomerGuard: User d26831b8-20ef-4b10-8a1c-737a83d9b21f authorized with 1 brand(s) and 0 branch(es)[39m
[32m[Nest] 32608  - [39m2026. 03. 24. 오전 2:16:33 [32m    LOG[39m [38;5;3m[InventoryController] [39m[32mUser d26831b8-20ef-4b10-8a1c-737a83d9b21f fetching low stock alerts for all branches[39m
[32m[Nest] 32608  - [39m2026. 03. 24. 오전 2:16:33 [32m    LOG[39m [38;5;3m[InventoryService] [39m[32mFetching low stock alerts for all branches by user d26831b8-20ef-4b10-8a1c-737a83d9b21f[39m
[32m[Nest] 32608  - [39m2026. 03. 24. 오전 2:16:33 [32m    LOG[39m [38;5;3m[InventoryService] [39m[32mFound 6 low stock items for all branches[39m
[32m[Nest] 32608  - [39m2026. 03. 24. 오전 2:16:33 [32m    LOG[39m [38;5;3m[HTTP] [39m[32mGET /customer/inventory/alerts - 343ms[39m
[32m[Nest] 32608  - [39m2026. 03. 24. 오전 2:16:34 [32m    LOG[39m [38;5;3m[CustomerGuard] [39m[32mCustomerGuard: User d26831b8-20ef-4b10-8a1c-737a83d9b21f authorized with 1 brand(s) and 0 branch(es)[39m
[32m[Nest] 32608  - [39m2026. 03. 24. 오전 2:16:34 [32m    LOG[39m [38;5;3m[CustomerOrdersController] [39m[32mUser d26831b8-20ef-4b10-8a1c-737a83d9b21f fetching orders (all branches)[39m
[32m[Nest] 32608  - [39m2026. 03. 24. 오전 2:16:34 [32m    LOG[39m [38;5;3m[CustomerOrdersService] [39m[32mFetching orders (all branches) by user d26831b8-20ef-4b10-8a1c-737a83d9b21f[39m
[33m[Nest] 32608  - [39m2026. 03. 24. 오전 2:16:35 [33m   WARN[39m [38;5;3m[CustomerOrdersService] [39m[33mFailed to load order payment methods for customer orders: column orders.payment_method does not exist[39m
[32m[Nest] 32608  - [39m2026. 03. 24. 오전 2:16:36 [32m    LOG[39m [38;5;3m[CustomerOrdersService] [39m[32mFetched 11 orders[39m
[32m[Nest] 32608  - [39m2026. 03. 24. 오전 2:16:36 [32m    LOG[39m [38;5;3m[HTTP] [39m[32mGET /customer/orders?page=1&limit=20 - 1500ms[39m
[32m[Nest] 32608  - [39m2026. 03. 24. 오전 2:16:56 [32m    LOG[39m [38;5;3m[CustomerGuard] [39m[32mCustomerGuard: User d26831b8-20ef-4b10-8a1c-737a83d9b21f authorized with 1 brand(s) and 0 branch(es)[39m
[32m[Nest] 32608  - [39m2026. 03. 24. 오전 2:16:56 [32m    LOG[39m [38;5;3m[CustomerBrandsService] [39m[32mFetching brands for user: d26831b8-20ef-4b10-8a1c-737a83d9b21f[39m
[32m[Nest] 32608  - [39m2026. 03. 24. 오전 2:16:56 [32m    LOG[39m [38;5;3m[CustomerGuard] [39m[32mCustomerGuard: User d26831b8-20ef-4b10-8a1c-737a83d9b21f authorized with 1 brand(s) and 0 branch(es)[39m
[32m[Nest] 32608  - [39m2026. 03. 24. 오전 2:16:56 [32m    LOG[39m [38;5;3m[CustomerBranchesController] [39m[32mUser d26831b8-20ef-4b10-8a1c-737a83d9b21f fetching branches (all)[39m
[32m[Nest] 32608  - [39m2026. 03. 24. 오전 2:16:56 [32m    LOG[39m [38;5;3m[CustomerBranchesService] [39m[32mFetching all accessible branches for user d26831b8-20ef-4b10-8a1c-737a83d9b21f[39m
[32m[Nest] 32608  - [39m2026. 03. 24. 오전 2:16:56 [32m    LOG[39m [38;5;3m[CustomerBrandsService] [39m[32mFetched 1 brands for user: d26831b8-20ef-4b10-8a1c-737a83d9b21f[39m
[32m[Nest] 32608  - [39m2026. 03. 24. 오전 2:16:56 [32m    LOG[39m [38;5;3m[HTTP] [39m[32mGET /customer/brands - 170ms[39m
[32m[Nest] 32608  - [39m2026. 03. 24. 오전 2:16:56 [32m    LOG[39m [38;5;3m[CustomerBranchesService] [39m[32mFetched 3 accessible branches for user d26831b8-20ef-4b10-8a1c-737a83d9b21f[39m
[32m[Nest] 32608  - [39m2026. 03. 24. 오전 2:16:56 [32m    LOG[39m [38;5;3m[HTTP] [39m[32mGET /customer/branches - 173ms[39m
[32m[Nest] 32608  - [39m2026. 03. 24. 오전 2:16:57 [32m    LOG[39m [38;5;3m[HTTP] [39m[32mGET /public/branches/7e69751d-eda7-4257-8f7d-871e83e95a00/categories - 178ms[39m
[32m[Nest] 32608  - [39m2026. 03. 24. 오전 2:16:58 [32m    LOG[39m [38;5;3m[HTTP] [39m[32mGET /public/branches/7e69751d-eda7-4257-8f7d-871e83e95a00/products - 505ms[39m
[32m[Nest] 32608  - [39m2026. 03. 24. 오전 2:16:58 [32m    LOG[39m [38;5;3m[HTTP] [39m[32mGET /public/brands/minamfruits/branches/pangyo - 522ms[39m
[32m[Nest] 32608  - [39m2026. 03. 24. 오전 2:17:02 [32m    LOG[39m [38;5;3m[CustomerBranchesController] [39m[32mUser d26831b8-20ef-4b10-8a1c-737a83d9b21f fetching branches (all)[39m
[32m[Nest] 32608  - [39m2026. 03. 24. 오전 2:17:02 [32m    LOG[39m [38;5;3m[CustomerBranchesService] [39m[32mFetching all accessible branches for user d26831b8-20ef-4b10-8a1c-737a83d9b21f[39m
[32m[Nest] 32608  - [39m2026. 03. 24. 오전 2:17:02 [32m    LOG[39m [38;5;3m[InventoryController] [39m[32mUser d26831b8-20ef-4b10-8a1c-737a83d9b21f fetching low stock alerts for all branches[39m
[32m[Nest] 32608  - [39m2026. 03. 24. 오전 2:17:02 [32m    LOG[39m [38;5;3m[InventoryService] [39m[32mFetching low stock alerts for all branches by user d26831b8-20ef-4b10-8a1c-737a83d9b21f[39m
[32m[Nest] 32608  - [39m2026. 03. 24. 오전 2:17:02 [32m    LOG[39m [38;5;3m[CustomerBranchesService] [39m[32mFetched 3 accessible branches for user d26831b8-20ef-4b10-8a1c-737a83d9b21f[39m
[32m[Nest] 32608  - [39m2026. 03. 24. 오전 2:17:02 [32m    LOG[39m [38;5;3m[HTTP] [39m[32mGET /customer/branches - 201ms[39m
[32m[Nest] 32608  - [39m2026. 03. 24. 오전 2:17:02 [32m    LOG[39m [38;5;3m[InventoryService] [39m[32mFound 6 low stock items for all branches[39m
[32m[Nest] 32608  - [39m2026. 03. 24. 오전 2:17:02 [32m    LOG[39m [38;5;3m[HTTP] [39m[32mGET /customer/inventory/alerts - 361ms[39m
[32m[Nest] 32608  - [39m2026. 03. 24. 오전 2:17:02 [32m    LOG[39m [38;5;3m[CustomerOrdersController] [39m[32mUser d26831b8-20ef-4b10-8a1c-737a83d9b21f fetching orders (all branches)[39m
[32m[Nest] 32608  - [39m2026. 03. 24. 오전 2:17:02 [32m    LOG[39m [38;5;3m[CustomerOrdersService] [39m[32mFetching orders (all branches) by user d26831b8-20ef-4b10-8a1c-737a83d9b21f[39m
[32m[Nest] 32608  - [39m2026. 03. 24. 오전 2:17:02 [32m    LOG[39m [38;5;3m[CustomerBrandsService] [39m[32mFetching brands for user: d26831b8-20ef-4b10-8a1c-737a83d9b21f[39m
[32m[Nest] 32608  - [39m2026. 03. 24. 오전 2:17:03 [32m    LOG[39m [38;5;3m[CustomerBrandsService] [39m[32mFetched 1 brands for user: d26831b8-20ef-4b10-8a1c-737a83d9b21f[39m
[32m[Nest] 32608  - [39m2026. 03. 24. 오전 2:17:03 [32m    LOG[39m [38;5;3m[HTTP] [39m[32mGET /customer/brands - 242ms[39m
[32m[Nest] 32608  - [39m2026. 03. 24. 오전 2:17:03 [32m    LOG[39m [38;5;3m[HTTP] [39m[32mGET /me - 244ms[39m
[33m[Nest] 32608  - [39m2026. 03. 24. 오전 2:17:03 [33m   WARN[39m [38;5;3m[CustomerOrdersService] [39m[33mFailed to load order payment methods for customer orders: column orders.payment_method does not exist[39m
[32m[Nest] 32608  - [39m2026. 03. 24. 오전 2:17:04 [32m    LOG[39m [38;5;3m[CustomerOrdersService] [39m[32mFetched 11 orders[39m
[32m[Nest] 32608  - [39m2026. 03. 24. 오전 2:17:04 [32m    LOG[39m [38;5;3m[HTTP] [39m[32mGET /customer/orders?page=1&limit=20 - 1604ms[39m
[32m[Nest] 32608  - [39m2026. 03. 24. 오전 2:17:04 [32m    LOG[39m [38;5;3m[CustomerOrdersController] [39m[32mUser d26831b8-20ef-4b10-8a1c-737a83d9b21f fetching orders (all branches)[39m
[32m[Nest] 32608  - [39m2026. 03. 24. 오전 2:17:04 [32m    LOG[39m [38;5;3m[CustomerOrdersService] [39m[32mFetching orders (all branches) by user d26831b8-20ef-4b10-8a1c-737a83d9b21f[39m
[32m[Nest] 32608  - [39m2026. 03. 24. 오전 2:17:04 [32m    LOG[39m [38;5;3m[HTTP] [39m[32mGET /public/branches/7e69751d-eda7-4257-8f7d-871e83e95a00 - 520ms[39m
[33m[Nest] 32608  - [39m2026. 03. 24. 오전 2:17:05 [33m   WARN[39m [38;5;3m[CustomerOrdersService] [39m[33mFailed to load order payment methods for customer orders: column orders.payment_method does not exist[39m
[32m[Nest] 32608  - [39m2026. 03. 24. 오전 2:17:06 [32m    LOG[39m [38;5;3m[CustomerOrdersService] [39m[32mFetched 1 orders[39m
[32m[Nest] 32608  - [39m2026. 03. 24. 오전 2:17:06 [32m    LOG[39m [38;5;3m[HTTP] [39m[32mGET /customer/orders?page=1&limit=1 - 1550ms[39m
[32m[Nest] 32608  - [39m2026. 03. 24. 오전 2:17:06 [32m    LOG[39m [38;5;3m[CustomerGuard] [39m[32mCustomerGuard: User d26831b8-20ef-4b10-8a1c-737a83d9b21f authorized with 1 brand(s) and 0 branch(es)[39m
[32m[Nest] 32608  - [39m2026. 03. 24. 오전 2:17:06 [32m    LOG[39m [38;5;3m[CustomerOrdersController] [39m[32mUser d26831b8-20ef-4b10-8a1c-737a83d9b21f fetching order af36538f-4d56-4e27-bd55-553442d944d0[39m
[32m[Nest] 32608  - [39m2026. 03. 24. 오전 2:17:06 [32m    LOG[39m [38;5;3m[CustomerOrdersService] [39m[32mFetching order af36538f-4d56-4e27-bd55-553442d944d0 by user d26831b8-20ef-4b10-8a1c-737a83d9b21f[39m
[33m[Nest] 32608  - [39m2026. 03. 24. 오전 2:17:07 [33m   WARN[39m [38;5;3m[CustomerOrdersService] [39m[33mFailed to load order payment methods for customer orders: column orders.payment_method does not exist[39m
[32m[Nest] 32608  - [39m2026. 03. 24. 오전 2:17:07 [32m    LOG[39m [38;5;3m[HTTP] [39m[32mGET /customer/orders/af36538f-4d56-4e27-bd55-553442d944d0 - 1153ms[39m
[32m[Nest] 32608  - [39m2026. 03. 24. 오전 2:17:12 [32m    LOG[39m [38;5;3m[PublicOrderService] [39m[32m[METRIC] order.create.start {"branchId":"7e69751d-eda7-4257-8f7d-871e83e95a00","totalAmount":64000,"paymentMethod":"TRANSFER","fulfillmentType":"DELIVERY","channelId":"9dbaf6bb-3db2-4464-8d53-38681749ae47"}[39m
[33m[Nest] 32608  - [39m2026. 03. 24. 오전 2:17:13 [33m   WARN[39m [38;5;3m[DepositSyncService] [39m[33mDuplicate deposit sheet mapping detected for "시트1" in spreadsheet "1MSwPe5z2ebuU1xNginda2Rt4d4sLrBXh9p5M4rNSKPI". Only the first branch will be used.[39m
[32m[Nest] 32608  - [39m2026. 03. 24. 오전 2:17:15 [32m    LOG[39m [38;5;3m[CustomerBranchesController] [39m[32mUser d26831b8-20ef-4b10-8a1c-737a83d9b21f fetching branches (all)[39m
[32m[Nest] 32608  - [39m2026. 03. 24. 오전 2:17:15 [32m    LOG[39m [38;5;3m[CustomerBranchesService] [39m[32mFetching all accessible branches for user d26831b8-20ef-4b10-8a1c-737a83d9b21f[39m
[32m[Nest] 32608  - [39m2026. 03. 24. 오전 2:17:15 [32m    LOG[39m [38;5;3m[CustomerOrdersController] [39m[32mUser d26831b8-20ef-4b10-8a1c-737a83d9b21f fetching orders (all branches)[39m
[32m[Nest] 32608  - [39m2026. 03. 24. 오전 2:17:15 [32m    LOG[39m [38;5;3m[CustomerOrdersService] [39m[32mFetching orders (all branches) by user d26831b8-20ef-4b10-8a1c-737a83d9b21f[39m
[32m[Nest] 32608  - [39m2026. 03. 24. 오전 2:17:15 [32m    LOG[39m [38;5;3m[CustomerOrdersController] [39m[32mUser d26831b8-20ef-4b10-8a1c-737a83d9b21f fetching orders (all branches)[39m
[32m[Nest] 32608  - [39m2026. 03. 24. 오전 2:17:15 [32m    LOG[39m [38;5;3m[CustomerOrdersService] [39m[32mFetching orders (all branches) by user d26831b8-20ef-4b10-8a1c-737a83d9b21f[39m
[32m[Nest] 32608  - [39m2026. 03. 24. 오전 2:17:15 [32m    LOG[39m [38;5;3m[CustomerBranchesService] [39m[32mFetched 3 accessible branches for user d26831b8-20ef-4b10-8a1c-737a83d9b21f[39m
[32m[Nest] 32608  - [39m2026. 03. 24. 오전 2:17:15 [32m    LOG[39m [38;5;3m[HTTP] [39m[32mGET /customer/branches - 162ms[39m
[33m[Nest] 32608  - [39m2026. 03. 24. 오전 2:17:15 [33m   WARN[39m [38;5;3m[PublicOrderService] [39m[33mInventory RPC unavailable. Skip reservation for order eb47f08e-34bc-4a5c-b3f3-1748bcf6d26e: Could not find the function public.reserve_inventory_for_order(branch_id, items, order_id, order_no) in the schema cache[39m
[32m[Nest] 32608  - [39m2026. 03. 24. 오전 2:17:15 [32m    LOG[39m [38;5;3m[PublicOrderService] [39m[32m[METRIC] order.create.success {"branchId":"7e69751d-eda7-4257-8f7d-871e83e95a00","orderId":"eb47f08e-34bc-4a5c-b3f3-1748bcf6d26e","totalAmount":64000}[39m
[32m[Nest] 32608  - [39m2026. 03. 24. 오전 2:17:15 [32m    LOG[39m [38;5;3m[CustomerBrandsService] [39m[32mFetching brands for user: d26831b8-20ef-4b10-8a1c-737a83d9b21f[39m
[32m[Nest] 32608  - [39m2026. 03. 24. 오전 2:17:15 [32m    LOG[39m [38;5;3m[NotificationsService] [39m[32mSending order completion KakaoTalk for order: eb47f08e-34bc-4a5c-b3f3-1748bcf6d26e[39m
[32m[Nest] 32608  - [39m2026. 03. 24. 오전 2:17:15 [32m    LOG[39m [38;5;3m[HTTP] [39m[32mPOST /me/orders - 3687ms[39m
[33m[Nest] 32608  - [39m2026. 03. 24. 오전 2:17:15 [33m   WARN[39m [38;5;3m[HTTP] [39m[33mSlow request detected: POST /me/orders - 3687ms[39m
[32m[Nest] 32608  - [39m2026. 03. 24. 오전 2:17:15 [32m    LOG[39m [38;5;3m[CustomerBrandsService] [39m[32mFetched 1 brands for user: d26831b8-20ef-4b10-8a1c-737a83d9b21f[39m
[32m[Nest] 32608  - [39m2026. 03. 24. 오전 2:17:15 [32m    LOG[39m [38;5;3m[HTTP] [39m[32mGET /customer/brands - 191ms[39m
[31m[Nest] 32608  - [39m2026. 03. 24. 오전 2:17:16 [31m  ERROR[39m [38;5;3m[NotificationsService] [39m[31mFailed to send KAKAO_TALK to 01047225906 (attempt 1/3): KakaoTalk API error: 402 {"errors":[{"type":"group","value":"G4V20260324021715ZUXDUOZNV4P1DYM","detail":"보유 잔액이 부족하여 발송에 실패하였습니다.\n[차감금액: 13, 보유잔액: 0, 보유포인트: 1]"}],"errorCode":"NotEnoughBalance","errorMessage":"보유 잔액이 부족하여 발송에 실패하였습니다.\n[차감금액: 13, 보유잔액: 0, 보유포인트: 1]"}[39m
Error: KakaoTalk API error: 402 {"errors":[{"type":"group","value":"G4V20260324021715ZUXDUOZNV4P1DYM","detail":"보유 잔액이 부족하여 발송에 실패하였습니다.\n[차감금액: 13, 보유잔액: 0, 보유포인트: 1]"}],"errorCode":"NotEnoughBalance","errorMessage":"보유 잔액이 부족하여 발송에 실패하였습니다.\n[차감금액: 13, 보유잔액: 0, 보유포인트: 1]"}
    at NotificationsService.deliverKakaoTalk (C:\dev\order_friends\src\modules\notifications\notifications.service.ts:724:13)
    at process.processTicksAndRejections (node:internal/process/task_queues:103:5)
    at async NotificationsService.sendWithRetry (C:\dev\order_friends\src\modules\notifications\notifications.service.ts:754:9)
[33m[Nest] 32608  - [39m2026. 03. 24. 오전 2:17:16 [33m   WARN[39m [38;5;3m[CustomerOrdersService] [39m[33mFailed to load order payment methods for customer orders: column orders.payment_method does not exist[39m
[33m[Nest] 32608  - [39m2026. 03. 24. 오전 2:17:16 [33m   WARN[39m [38;5;3m[CustomerOrdersService] [39m[33mFailed to load order payment methods for customer orders: column orders.payment_method does not exist[39m
[32m[Nest] 32608  - [39m2026. 03. 24. 오전 2:17:16 [32m    LOG[39m [38;5;3m[HTTP] [39m[32mGET /public/brands/minamfruits/branches/pangyo - 481ms[39m
[32m[Nest] 32608  - [39m2026. 03. 24. 오전 2:17:16 [32m    LOG[39m [38;5;3m[HTTP] [39m[32mGET /public/branch/7e69751d-eda7-4257-8f7d-871e83e95a00/stamp-info?phone=01047225906 - 170ms[39m
[31m[Nest] 32608  - [39m2026. 03. 24. 오전 2:17:16 [31m  ERROR[39m [38;5;3m[NotificationsService] [39m[31mFailed to send KAKAO_TALK to 01047225906 (attempt 2/3): KakaoTalk API error: 402 {"errors":[{"type":"group","value":"G4V202603240217168ESW9S4ZSP3QEP2","detail":"보유 잔액이 부족하여 발송에 실패하였습니다.\n[차감금액: 13, 보유잔액: 0, 보유포인트: 1]"}],"errorCode":"NotEnoughBalance","errorMessage":"보유 잔액이 부족하여 발송에 실패하였습니다.\n[차감금액: 13, 보유잔액: 0, 보유포인트: 1]"}[39m
Error: KakaoTalk API error: 402 {"errors":[{"type":"group","value":"G4V202603240217168ESW9S4ZSP3QEP2","detail":"보유 잔액이 부족하여 발송에 실패하였습니다.\n[차감금액: 13, 보유잔액: 0, 보유포인트: 1]"}],"errorCode":"NotEnoughBalance","errorMessage":"보유 잔액이 부족하여 발송에 실패하였습니다.\n[차감금액: 13, 보유잔액: 0, 보유포인트: 1]"}
    at NotificationsService.deliverKakaoTalk (C:\dev\order_friends\src\modules\notifications\notifications.service.ts:724:13)
    at process.processTicksAndRejections (node:internal/process/task_queues:103:5)
    at async NotificationsService.sendWithRetry (C:\dev\order_friends\src\modules\notifications\notifications.service.ts:754:9)
[32m[Nest] 32608  - [39m2026. 03. 24. 오전 2:17:16 [32m    LOG[39m [38;5;3m[CustomerOrdersService] [39m[32mFetched 1 orders[39m
[32m[Nest] 32608  - [39m2026. 03. 24. 오전 2:17:16 [32m    LOG[39m [38;5;3m[HTTP] [39m[32mGET /customer/orders?page=1&limit=1&dateStart=2026-03-24&dateEnd=2026-03-24 - 1490ms[39m
[32m[Nest] 32608  - [39m2026. 03. 24. 오전 2:17:16 [32m    LOG[39m [38;5;3m[CustomerOrdersController] [39m[32mUser d26831b8-20ef-4b10-8a1c-737a83d9b21f fetching orders (all branches)[39m
[32m[Nest] 32608  - [39m2026. 03. 24. 오전 2:17:16 [32m    LOG[39m [38;5;3m[CustomerOrdersService] [39m[32mFetching orders (all branches) by user d26831b8-20ef-4b10-8a1c-737a83d9b21f[39m
[32m[Nest] 32608  - [39m2026. 03. 24. 오전 2:17:16 [32m    LOG[39m [38;5;3m[CustomerOrdersController] [39m[32mUser d26831b8-20ef-4b10-8a1c-737a83d9b21f fetching orders (all branches)[39m
[32m[Nest] 32608  - [39m2026. 03. 24. 오전 2:17:16 [32m    LOG[39m [38;5;3m[CustomerOrdersService] [39m[32mFetching orders (all branches) by user d26831b8-20ef-4b10-8a1c-737a83d9b21f[39m
[32m[Nest] 32608  - [39m2026. 03. 24. 오전 2:17:16 [32m    LOG[39m [38;5;3m[CustomerOrdersController] [39m[32mUser d26831b8-20ef-4b10-8a1c-737a83d9b21f fetching orders (all branches)[39m
[32m[Nest] 32608  - [39m2026. 03. 24. 오전 2:17:16 [32m    LOG[39m [38;5;3m[CustomerOrdersService] [39m[32mFetching orders (all branches) by user d26831b8-20ef-4b10-8a1c-737a83d9b21f[39m
[32m[Nest] 32608  - [39m2026. 03. 24. 오전 2:17:16 [32m    LOG[39m [38;5;3m[CustomerOrdersController] [39m[32mUser d26831b8-20ef-4b10-8a1c-737a83d9b21f fetching orders (all branches)[39m
[32m[Nest] 32608  - [39m2026. 03. 24. 오전 2:17:16 [32m    LOG[39m [38;5;3m[CustomerOrdersService] [39m[32mFetching orders (all branches) by user d26831b8-20ef-4b10-8a1c-737a83d9b21f[39m
[32m[Nest] 32608  - [39m2026. 03. 24. 오전 2:17:16 [32m    LOG[39m [38;5;3m[CustomerOrdersService] [39m[32mFetched 8 orders[39m
[32m[Nest] 32608  - [39m2026. 03. 24. 오전 2:17:16 [32m    LOG[39m [38;5;3m[HTTP] [39m[32mGET /customer/orders?page=1&limit=20&dateStart=2026-03-24&dateEnd=2026-03-24 - 1506ms[39m
[32m[Nest] 32608  - [39m2026. 03. 24. 오전 2:17:16 [32m    LOG[39m [38;5;3m[CustomerOrdersController] [39m[32mUser d26831b8-20ef-4b10-8a1c-737a83d9b21f fetching orders (all branches)[39m
[32m[Nest] 32608  - [39m2026. 03. 24. 오전 2:17:16 [32m    LOG[39m [38;5;3m[CustomerOrdersService] [39m[32mFetching orders (all branches) by user d26831b8-20ef-4b10-8a1c-737a83d9b21f[39m
[32m[Nest] 32608  - [39m2026. 03. 24. 오전 2:17:16 [32m    LOG[39m [38;5;3m[CustomerOrdersController] [39m[32mUser d26831b8-20ef-4b10-8a1c-737a83d9b21f fetching orders (all branches)[39m
[32m[Nest] 32608  - [39m2026. 03. 24. 오전 2:17:16 [32m    LOG[39m [38;5;3m[CustomerOrdersService] [39m[32mFetching orders (all branches) by user d26831b8-20ef-4b10-8a1c-737a83d9b21f[39m
[31m[Nest] 32608  - [39m2026. 03. 24. 오전 2:17:16 [31m  ERROR[39m [38;5;3m[NotificationsService] [39m[31mFailed to send KAKAO_TALK to 01047225906 (attempt 3/3): KakaoTalk API error: 402 {"errors":[{"type":"group","value":"G4V2026032402171604DAGA8HLKA7B64","detail":"보유 잔액이 부족하여 발송에 실패하였습니다.\n[차감금액: 13, 보유잔액: 0, 보유포인트: 1]"}],"errorCode":"NotEnoughBalance","errorMessage":"보유 잔액이 부족하여 발송에 실패하였습니다.\n[차감금액: 13, 보유잔액: 0, 보유포인트: 1]"}[39m
Error: KakaoTalk API error: 402 {"errors":[{"type":"group","value":"G4V2026032402171604DAGA8HLKA7B64","detail":"보유 잔액이 부족하여 발송에 실패하였습니다.\n[차감금액: 13, 보유잔액: 0, 보유포인트: 1]"}],"errorCode":"NotEnoughBalance","errorMessage":"보유 잔액이 부족하여 발송에 실패하였습니다.\n[차감금액: 13, 보유잔액: 0, 보유포인트: 1]"}
    at NotificationsService.deliverKakaoTalk (C:\dev\order_friends\src\modules\notifications\notifications.service.ts:724:13)
    at process.processTicksAndRejections (node:internal/process/task_queues:103:5)
    at async NotificationsService.sendWithRetry (C:\dev\order_friends\src\modules\notifications\notifications.service.ts:754:9)
[33m[Nest] 32608  - [39m2026. 03. 24. 오전 2:17:16 [33m   WARN[39m [38;5;3m[PublicOrderService] [39m[33mFailed to send order completion KakaoTalk for order eb47f08e-34bc-4a5c-b3f3-1748bcf6d26e: KakaoTalk API error: 402 {"errors":[{"type":"group","value":"G4V2026032402171604DAGA8HLKA7B64","detail":"보유 잔액이 부족하여 발송에 실패하였습니다.\n[차감금액: 13, 보유잔액: 0, 보유포인트: 1]"}],"errorCode":"NotEnoughBalance","errorMessage":"보유 잔액이 부족하여 발송에 실패하였습니다.\n[차감금액: 13, 보유잔액: 0, 보유포인트: 1]"}[39m
[32m[Nest] 32608  - [39m2026. 03. 24. 오전 2:17:17 [32m    LOG[39m [38;5;3m[CustomerOrdersService] [39m[32mFetched 0 orders[39m
[32m[Nest] 32608  - [39m2026. 03. 24. 오전 2:17:17 [32m    LOG[39m [38;5;3m[HTTP] [39m[32mGET /customer/orders?page=1&limit=1&dateStart=2026-03-24&dateEnd=2026-03-24&status=CONFIRMED - 511ms[39m
[32m[Nest] 32608  - [39m2026. 03. 24. 오전 2:17:17 [32m    LOG[39m [38;5;3m[CustomerOrdersController] [39m[32mUser d26831b8-20ef-4b10-8a1c-737a83d9b21f fetching orders (all branches)[39m
[32m[Nest] 32608  - [39m2026. 03. 24. 오전 2:17:17 [32m    LOG[39m [38;5;3m[CustomerOrdersService] [39m[32mFetching orders (all branches) by user d26831b8-20ef-4b10-8a1c-737a83d9b21f[39m
[32m[Nest] 32608  - [39m2026. 03. 24. 오전 2:17:17 [32m    LOG[39m [38;5;3m[CustomerOrdersService] [39m[32mFetched 0 orders[39m
[32m[Nest] 32608  - [39m2026. 03. 24. 오전 2:17:17 [32m    LOG[39m [38;5;3m[HTTP] [39m[32mGET /customer/orders?page=1&limit=1&dateStart=2026-03-24&dateEnd=2026-03-24&status=COMPLETED - 514ms[39m
[32m[Nest] 32608  - [39m2026. 03. 24. 오전 2:17:17 [32m    LOG[39m [38;5;3m[CustomerOrdersService] [39m[32mFetched 0 orders[39m
[32m[Nest] 32608  - [39m2026. 03. 24. 오전 2:17:17 [32m    LOG[39m [38;5;3m[HTTP] [39m[32mGET /customer/orders?page=1&limit=1&dateStart=2026-03-24&dateEnd=2026-03-24&status=READY - 523ms[39m
[32m[Nest] 32608  - [39m2026. 03. 24. 오전 2:17:17 [32m    LOG[39m [38;5;3m[CustomerOrdersService] [39m[32mFetched 0 orders[39m
[32m[Nest] 32608  - [39m2026. 03. 24. 오전 2:17:17 [32m    LOG[39m [38;5;3m[HTTP] [39m[32mGET /customer/orders?page=1&limit=1&dateStart=2026-03-24&dateEnd=2026-03-24&status=PREPARING - 601ms[39m
[32m[Nest] 32608  - [39m2026. 03. 24. 오전 2:17:17 [32m    LOG[39m [38;5;3m[CustomerOrdersService] [39m[32mFetched 0 orders[39m
[32m[Nest] 32608  - [39m2026. 03. 24. 오전 2:17:17 [32m    LOG[39m [38;5;3m[HTTP] [39m[32mGET /customer/orders?page=1&limit=1&dateStart=2026-03-24&dateEnd=2026-03-24&status=CANCELLED - 590ms[39m
[33m[Nest] 32608  - [39m2026. 03. 24. 오전 2:17:17 [33m   WARN[39m [38;5;3m[CustomerOrdersService] [39m[33mFailed to load order payment methods for customer orders: column orders.payment_method does not exist[39m
[32m[Nest] 32608  - [39m2026. 03. 24. 오전 2:17:17 [32m    LOG[39m [38;5;3m[CustomerOrdersService] [39m[32mFetched 0 orders[39m
[32m[Nest] 32608  - [39m2026. 03. 24. 오전 2:17:17 [32m    LOG[39m [38;5;3m[HTTP] [39m[32mGET /customer/orders?page=1&limit=1&dateStart=2026-03-24&dateEnd=2026-03-24&status=REFUNDED - 484ms[39m
[32m[Nest] 32608  - [39m2026. 03. 24. 오전 2:17:18 [32m    LOG[39m [38;5;3m[CustomerOrdersService] [39m[32mFetched 1 orders[39m
[32m[Nest] 32608  - [39m2026. 03. 24. 오전 2:17:18 [32m    LOG[39m [38;5;3m[HTTP] [39m[32mGET /customer/orders?page=1&limit=1&dateStart=2026-03-24&dateEnd=2026-03-24&status=CREATED - 1505ms[39m
[32m[Nest] 32608  - [39m2026. 03. 24. 오전 2:17:18 [32m    LOG[39m [38;5;3m[CustomerOrdersController] [39m[32mUser d26831b8-20ef-4b10-8a1c-737a83d9b21f fetching order eb47f08e-34bc-4a5c-b3f3-1748bcf6d26e[39m
[32m[Nest] 32608  - [39m2026. 03. 24. 오전 2:17:18 [32m    LOG[39m [38;5;3m[CustomerOrdersService] [39m[32mFetching order eb47f08e-34bc-4a5c-b3f3-1748bcf6d26e by user d26831b8-20ef-4b10-8a1c-737a83d9b21f[39m
[33m[Nest] 32608  - [39m2026. 03. 24. 오전 2:17:19 [33m   WARN[39m [38;5;3m[CustomerOrdersService] [39m[33mFailed to load order payment methods for customer orders: column orders.payment_method does not exist[39m
[32m[Nest] 32608  - [39m2026. 03. 24. 오전 2:17:19 [32m    LOG[39m [38;5;3m[HTTP] [39m[32mGET /customer/orders/eb47f08e-34bc-4a5c-b3f3-1748bcf6d26e - 1175ms[39m
[32m[Nest] 32608  - [39m2026. 03. 24. 오전 2:17:24 [32m    LOG[39m [38;5;3m[CustomerBranchesController] [39m[32mUser d26831b8-20ef-4b10-8a1c-737a83d9b21f fetching branches (all)[39m
[32m[Nest] 32608  - [39m2026. 03. 24. 오전 2:17:24 [32m    LOG[39m [38;5;3m[CustomerBranchesService] [39m[32mFetching all accessible branches for user d26831b8-20ef-4b10-8a1c-737a83d9b21f[39m
[32m[Nest] 32608  - [39m2026. 03. 24. 오전 2:17:24 [32m    LOG[39m [38;5;3m[CustomerOrdersController] [39m[32mUser d26831b8-20ef-4b10-8a1c-737a83d9b21f fetching orders (all branches)[39m
[32m[Nest] 32608  - [39m2026. 03. 24. 오전 2:17:24 [32m    LOG[39m [38;5;3m[CustomerOrdersService] [39m[32mFetching orders (all branches) by user d26831b8-20ef-4b10-8a1c-737a83d9b21f[39m
[32m[Nest] 32608  - [39m2026. 03. 24. 오전 2:17:24 [32m    LOG[39m [38;5;3m[CustomerOrdersController] [39m[32mUser d26831b8-20ef-4b10-8a1c-737a83d9b21f fetching orders (all branches)[39m
[32m[Nest] 32608  - [39m2026. 03. 24. 오전 2:17:24 [32m    LOG[39m [38;5;3m[CustomerOrdersService] [39m[32mFetching orders (all branches) by user d26831b8-20ef-4b10-8a1c-737a83d9b21f[39m
[32m[Nest] 32608  - [39m2026. 03. 24. 오전 2:17:24 [32m    LOG[39m [38;5;3m[CustomerBranchesService] [39m[32mFetched 3 accessible branches for user d26831b8-20ef-4b10-8a1c-737a83d9b21f[39m
[32m[Nest] 32608  - [39m2026. 03. 24. 오전 2:17:24 [32m    LOG[39m [38;5;3m[HTTP] [39m[32mGET /customer/branches - 314ms[39m
[32m[Nest] 32608  - [39m2026. 03. 24. 오전 2:17:25 [32m    LOG[39m [38;5;3m[CustomerBrandsService] [39m[32mFetching brands for user: d26831b8-20ef-4b10-8a1c-737a83d9b21f[39m
[32m[Nest] 32608  - [39m2026. 03. 24. 오전 2:17:25 [32m    LOG[39m [38;5;3m[CustomerBrandsService] [39m[32mFetched 1 brands for user: d26831b8-20ef-4b10-8a1c-737a83d9b21f[39m
[32m[Nest] 32608  - [39m2026. 03. 24. 오전 2:17:25 [32m    LOG[39m [38;5;3m[HTTP] [39m[32mGET /customer/brands - 194ms[39m
[33m[Nest] 32608  - [39m2026. 03. 24. 오전 2:17:25 [33m   WARN[39m [38;5;3m[CustomerOrdersService] [39m[33mFailed to load order payment methods for customer orders: column orders.payment_method does not exist[39m
[33m[Nest] 32608  - [39m2026. 03. 24. 오전 2:17:25 [33m   WARN[39m [38;5;3m[CustomerOrdersService] [39m[33mFailed to load order payment methods for customer orders: column orders.payment_method does not exist[39m
[32m[Nest] 32608  - [39m2026. 03. 24. 오전 2:17:26 [32m    LOG[39m [38;5;3m[CustomerOrdersService] [39m[32mFetched 8 orders[39m
[32m[Nest] 32608  - [39m2026. 03. 24. 오전 2:17:26 [32m    LOG[39m [38;5;3m[HTTP] [39m[32mGET /customer/orders?page=1&limit=20&dateStart=2026-03-24&dateEnd=2026-03-24 - 1706ms[39m
[32m[Nest] 32608  - [39m2026. 03. 24. 오전 2:17:26 [32m    LOG[39m [38;5;3m[CustomerOrdersService] [39m[32mFetched 1 orders[39m
[32m[Nest] 32608  - [39m2026. 03. 24. 오전 2:17:26 [32m    LOG[39m [38;5;3m[HTTP] [39m[32mGET /customer/orders?page=1&limit=1&dateStart=2026-03-24&dateEnd=2026-03-24 - 1731ms[39m
[32m[Nest] 32608  - [39m2026. 03. 24. 오전 2:17:26 [32m    LOG[39m [38;5;3m[CustomerOrdersController] [39m[32mUser d26831b8-20ef-4b10-8a1c-737a83d9b21f fetching orders (all branches)[39m
[32m[Nest] 32608  - [39m2026. 03. 24. 오전 2:17:26 [32m    LOG[39m [38;5;3m[CustomerOrdersService] [39m[32mFetching orders (all branches) by user d26831b8-20ef-4b10-8a1c-737a83d9b21f[39m
[32m[Nest] 32608  - [39m2026. 03. 24. 오전 2:17:26 [32m    LOG[39m [38;5;3m[CustomerOrdersController] [39m[32mUser d26831b8-20ef-4b10-8a1c-737a83d9b21f fetching orders (all branches)[39m
[32m[Nest] 32608  - [39m2026. 03. 24. 오전 2:17:26 [32m    LOG[39m [38;5;3m[CustomerOrdersService] [39m[32mFetching orders (all branches) by user d26831b8-20ef-4b10-8a1c-737a83d9b21f[39m
[32m[Nest] 32608  - [39m2026. 03. 24. 오전 2:17:26 [32m    LOG[39m [38;5;3m[CustomerOrdersController] [39m[32mUser d26831b8-20ef-4b10-8a1c-737a83d9b21f fetching orders (all branches)[39m
[32m[Nest] 32608  - [39m2026. 03. 24. 오전 2:17:26 [32m    LOG[39m [38;5;3m[CustomerOrdersService] [39m[32mFetching orders (all branches) by user d26831b8-20ef-4b10-8a1c-737a83d9b21f[39m
[32m[Nest] 32608  - [39m2026. 03. 24. 오전 2:17:26 [32m    LOG[39m [38;5;3m[CustomerOrdersController] [39m[32mUser d26831b8-20ef-4b10-8a1c-737a83d9b21f fetching orders (all branches)[39m
[32m[Nest] 32608  - [39m2026. 03. 24. 오전 2:17:26 [32m    LOG[39m [38;5;3m[CustomerOrdersService] [39m[32mFetching orders (all branches) by user d26831b8-20ef-4b10-8a1c-737a83d9b21f[39m
[32m[Nest] 32608  - [39m2026. 03. 24. 오전 2:17:26 [32m    LOG[39m [38;5;3m[CustomerOrdersController] [39m[32mUser d26831b8-20ef-4b10-8a1c-737a83d9b21f fetching orders (all branches)[39m
[32m[Nest] 32608  - [39m2026. 03. 24. 오전 2:17:26 [32m    LOG[39m [38;5;3m[CustomerOrdersService] [39m[32mFetching orders (all branches) by user d26831b8-20ef-4b10-8a1c-737a83d9b21f[39m
[32m[Nest] 32608  - [39m2026. 03. 24. 오전 2:17:26 [32m    LOG[39m [38;5;3m[CustomerOrdersController] [39m[32mUser d26831b8-20ef-4b10-8a1c-737a83d9b21f fetching orders (all branches)[39m
[32m[Nest] 32608  - [39m2026. 03. 24. 오전 2:17:26 [32m    LOG[39m [38;5;3m[CustomerOrdersService] [39m[32mFetching orders (all branches) by user d26831b8-20ef-4b10-8a1c-737a83d9b21f[39m
[32m[Nest] 32608  - [39m2026. 03. 24. 오전 2:17:26 [32m    LOG[39m [38;5;3m[CustomerOrdersService] [39m[32mFetched 0 orders[39m
[32m[Nest] 32608  - [39m2026. 03. 24. 오전 2:17:26 [32m    LOG[39m [38;5;3m[HTTP] [39m[32mGET /customer/orders?page=1&limit=1&dateStart=2026-03-24&dateEnd=2026-03-24&status=READY - 502ms[39m
[32m[Nest] 32608  - [39m2026. 03. 24. 오전 2:17:26 [32m    LOG[39m [38;5;3m[CustomerOrdersController] [39m[32mUser d26831b8-20ef-4b10-8a1c-737a83d9b21f fetching orders (all branches)[39m
[32m[Nest] 32608  - [39m2026. 03. 24. 오전 2:17:26 [32m    LOG[39m [38;5;3m[CustomerOrdersService] [39m[32mFetching orders (all branches) by user d26831b8-20ef-4b10-8a1c-737a83d9b21f[39m
[32m[Nest] 32608  - [39m2026. 03. 24. 오전 2:17:26 [32m    LOG[39m [38;5;3m[CustomerOrdersService] [39m[32mFetched 0 orders[39m
[32m[Nest] 32608  - [39m2026. 03. 24. 오전 2:17:26 [32m    LOG[39m [38;5;3m[HTTP] [39m[32mGET /customer/orders?page=1&limit=1&dateStart=2026-03-24&dateEnd=2026-03-24&status=PREPARING - 547ms[39m
[32m[Nest] 32608  - [39m2026. 03. 24. 오전 2:17:27 [32m    LOG[39m [38;5;3m[CustomerOrdersService] [39m[32mFetched 0 orders[39m
[32m[Nest] 32608  - [39m2026. 03. 24. 오전 2:17:27 [32m    LOG[39m [38;5;3m[HTTP] [39m[32mGET /customer/orders?page=1&limit=1&dateStart=2026-03-24&dateEnd=2026-03-24&status=CONFIRMED - 577ms[39m
[32m[Nest] 32608  - [39m2026. 03. 24. 오전 2:17:27 [32m    LOG[39m [38;5;3m[CustomerOrdersService] [39m[32mFetched 0 orders[39m
[32m[Nest] 32608  - [39m2026. 03. 24. 오전 2:17:27 [32m    LOG[39m [38;5;3m[HTTP] [39m[32mGET /customer/orders?page=1&limit=1&dateStart=2026-03-24&dateEnd=2026-03-24&status=COMPLETED - 610ms[39m
[32m[Nest] 32608  - [39m2026. 03. 24. 오전 2:17:27 [32m    LOG[39m [38;5;3m[CustomerOrdersService] [39m[32mFetched 0 orders[39m
[32m[Nest] 32608  - [39m2026. 03. 24. 오전 2:17:27 [32m    LOG[39m [38;5;3m[HTTP] [39m[32mGET /customer/orders?page=1&limit=1&dateStart=2026-03-24&dateEnd=2026-03-24&status=REFUNDED - 591ms[39m
[32m[Nest] 32608  - [39m2026. 03. 24. 오전 2:17:27 [32m    LOG[39m [38;5;3m[CustomerOrdersService] [39m[32mFetched 0 orders[39m
[32m[Nest] 32608  - [39m2026. 03. 24. 오전 2:17:27 [32m    LOG[39m [38;5;3m[HTTP] [39m[32mGET /customer/orders?page=1&limit=1&dateStart=2026-03-24&dateEnd=2026-03-24&status=CANCELLED - 524ms[39m
[33m[Nest] 32608  - [39m2026. 03. 24. 오전 2:17:27 [33m   WARN[39m [38;5;3m[CustomerOrdersService] [39m[33mFailed to load order payment methods for customer orders: column orders.payment_method does not exist[39m
[32m[Nest] 32608  - [39m2026. 03. 24. 오전 2:17:27 [32m    LOG[39m [38;5;3m[CustomerOrdersService] [39m[32mFetched 1 orders[39m
[32m[Nest] 32608  - [39m2026. 03. 24. 오전 2:17:27 [32m    LOG[39m [38;5;3m[HTTP] [39m[32mGET /customer/orders?page=1&limit=1&dateStart=2026-03-24&dateEnd=2026-03-24&status=CREATED - 1577ms[39m
[32m[Nest] 32608  - [39m2026. 03. 24. 오전 2:17:34 [32m    LOG[39m [38;5;3m[CustomerOrdersController] [39m[32mUser d26831b8-20ef-4b10-8a1c-737a83d9b21f fetching orders (all branches)[39m
[32m[Nest] 32608  - [39m2026. 03. 24. 오전 2:17:34 [32m    LOG[39m [38;5;3m[CustomerOrdersService] [39m[32mFetching orders (all branches) by user d26831b8-20ef-4b10-8a1c-737a83d9b21f[39m
[32m[Nest] 32608  - [39m2026. 03. 24. 오전 2:17:34 [32m    LOG[39m [38;5;3m[CustomerOrdersController] [39m[32mUser d26831b8-20ef-4b10-8a1c-737a83d9b21f fetching orders (all branches)[39m
[32m[Nest] 32608  - [39m2026. 03. 24. 오전 2:17:34 [32m    LOG[39m [38;5;3m[CustomerOrdersService] [39m[32mFetching orders (all branches) by user d26831b8-20ef-4b10-8a1c-737a83d9b21f[39m
[33m[Nest] 32608  - [39m2026. 03. 24. 오전 2:17:35 [33m   WARN[39m [38;5;3m[CustomerOrdersService] [39m[33mFailed to load order payment methods for customer orders: column orders.payment_method does not exist[39m
[33m[Nest] 32608  - [39m2026. 03. 24. 오전 2:17:35 [33m   WARN[39m [38;5;3m[CustomerOrdersService] [39m[33mFailed to load order payment methods for customer orders: column orders.payment_method does not exist[39m
[32m[Nest] 32608  - [39m2026. 03. 24. 오전 2:17:36 [32m    LOG[39m [38;5;3m[CustomerOrdersService] [39m[32mFetched 1 orders[39m
[32m[Nest] 32608  - [39m2026. 03. 24. 오전 2:17:36 [32m    LOG[39m [38;5;3m[HTTP] [39m[32mGET /customer/orders?page=1&limit=1&dateStart=2026-03-24&dateEnd=2026-03-24 - 1555ms[39m
[32m[Nest] 32608  - [39m2026. 03. 24. 오전 2:17:36 [32m    LOG[39m [38;5;3m[CustomerOrdersService] [39m[32mFetched 8 orders[39m
[32m[Nest] 32608  - [39m2026. 03. 24. 오전 2:17:36 [32m    LOG[39m [38;5;3m[HTTP] [39m[32mGET /customer/orders?page=1&limit=20&dateStart=2026-03-24&dateEnd=2026-03-24 - 1601ms[39m
[32m[Nest] 32608  - [39m2026. 03. 24. 오전 2:17:36 [32m    LOG[39m [38;5;3m[CustomerGuard] [39m[32mCustomerGuard: User d26831b8-20ef-4b10-8a1c-737a83d9b21f authorized with 1 brand(s) and 0 branch(es)[39m
[32m[Nest] 32608  - [39m2026. 03. 24. 오전 2:17:36 [32m    LOG[39m [38;5;3m[CustomerOrdersController] [39m[32mUser d26831b8-20ef-4b10-8a1c-737a83d9b21f fetching orders (all branches)[39m
[32m[Nest] 32608  - [39m2026. 03. 24. 오전 2:17:36 [32m    LOG[39m [38;5;3m[CustomerOrdersService] [39m[32mFetching orders (all branches) by user d26831b8-20ef-4b10-8a1c-737a83d9b21f[39m
[32m[Nest] 32608  - [39m2026. 03. 24. 오전 2:17:36 [32m    LOG[39m [38;5;3m[CustomerGuard] [39m[32mCustomerGuard: User d26831b8-20ef-4b10-8a1c-737a83d9b21f authorized with 1 brand(s) and 0 branch(es)[39m
[32m[Nest] 32608  - [39m2026. 03. 24. 오전 2:17:36 [32m    LOG[39m [38;5;3m[CustomerOrdersController] [39m[32mUser d26831b8-20ef-4b10-8a1c-737a83d9b21f fetching orders (all branches)[39m
[32m[Nest] 32608  - [39m2026. 03. 24. 오전 2:17:36 [32m    LOG[39m [38;5;3m[CustomerOrdersService] [39m[32mFetching orders (all branches) by user d26831b8-20ef-4b10-8a1c-737a83d9b21f[39m
[32m[Nest] 32608  - [39m2026. 03. 24. 오전 2:17:36 [32m    LOG[39m [38;5;3m[CustomerGuard] [39m[32mCustomerGuard: User d26831b8-20ef-4b10-8a1c-737a83d9b21f authorized with 1 brand(s) and 0 branch(es)[39m
[32m[Nest] 32608  - [39m2026. 03. 24. 오전 2:17:36 [32m    LOG[39m [38;5;3m[CustomerOrdersController] [39m[32mUser d26831b8-20ef-4b10-8a1c-737a83d9b21f fetching orders (all branches)[39m
[32m[Nest] 32608  - [39m2026. 03. 24. 오전 2:17:36 [32m    LOG[39m [38;5;3m[CustomerOrdersService] [39m[32mFetching orders (all branches) by user d26831b8-20ef-4b10-8a1c-737a83d9b21f[39m
[32m[Nest] 32608  - [39m2026. 03. 24. 오전 2:17:36 [32m    LOG[39m [38;5;3m[CustomerGuard] [39m[32mCustomerGuard: User d26831b8-20ef-4b10-8a1c-737a83d9b21f authorized with 1 brand(s) and 0 branch(es)[39m
[32m[Nest] 32608  - [39m2026. 03. 24. 오전 2:17:36 [32m    LOG[39m [38;5;3m[CustomerOrdersController] [39m[32mUser d26831b8-20ef-4b10-8a1c-737a83d9b21f fetching orders (all branches)[39m
[32m[Nest] 32608  - [39m2026. 03. 24. 오전 2:17:36 [32m    LOG[39m [38;5;3m[CustomerOrdersService] [39m[32mFetching orders (all branches) by user d26831b8-20ef-4b10-8a1c-737a83d9b21f[39m
[32m[Nest] 32608  - [39m2026. 03. 24. 오전 2:17:36 [32m    LOG[39m [38;5;3m[CustomerGuard] [39m[32mCustomerGuard: User d26831b8-20ef-4b10-8a1c-737a83d9b21f authorized with 1 brand(s) and 0 branch(es)[39m
[32m[Nest] 32608  - [39m2026. 03. 24. 오전 2:17:36 [32m    LOG[39m [38;5;3m[CustomerOrdersController] [39m[32mUser d26831b8-20ef-4b10-8a1c-737a83d9b21f fetching orders (all branches)[39m
[32m[Nest] 32608  - [39m2026. 03. 24. 오전 2:17:36 [32m    LOG[39m [38;5;3m[CustomerOrdersService] [39m[32mFetching orders (all branches) by user d26831b8-20ef-4b10-8a1c-737a83d9b21f[39m
[32m[Nest] 32608  - [39m2026. 03. 24. 오전 2:17:36 [32m    LOG[39m [38;5;3m[CustomerGuard] [39m[32mCustomerGuard: User d26831b8-20ef-4b10-8a1c-737a83d9b21f authorized with 1 brand(s) and 0 branch(es)[39m
[32m[Nest] 32608  - [39m2026. 03. 24. 오전 2:17:36 [32m    LOG[39m [38;5;3m[CustomerOrdersController] [39m[32mUser d26831b8-20ef-4b10-8a1c-737a83d9b21f fetching orders (all branches)[39m
[32m[Nest] 32608  - [39m2026. 03. 24. 오전 2:17:36 [32m    LOG[39m [38;5;3m[CustomerOrdersService] [39m[32mFetching orders (all branches) by user d26831b8-20ef-4b10-8a1c-737a83d9b21f[39m
[32m[Nest] 32608  - [39m2026. 03. 24. 오전 2:17:37 [32m    LOG[39m [38;5;3m[CustomerOrdersService] [39m[32mFetched 0 orders[39m
[32m[Nest] 32608  - [39m2026. 03. 24. 오전 2:17:37 [32m    LOG[39m [38;5;3m[HTTP] [39m[32mGET /customer/orders?page=1&limit=1&dateStart=2026-03-24&dateEnd=2026-03-24&status=READY - 543ms[39m
[32m[Nest] 32608  - [39m2026. 03. 24. 오전 2:17:37 [32m    LOG[39m [38;5;3m[CustomerOrdersController] [39m[32mUser d26831b8-20ef-4b10-8a1c-737a83d9b21f fetching orders (all branches)[39m
[32m[Nest] 32608  - [39m2026. 03. 24. 오전 2:17:37 [32m    LOG[39m [38;5;3m[CustomerOrdersService] [39m[32mFetching orders (all branches) by user d26831b8-20ef-4b10-8a1c-737a83d9b21f[39m
[32m[Nest] 32608  - [39m2026. 03. 24. 오전 2:17:37 [32m    LOG[39m [38;5;3m[CustomerOrdersService] [39m[32mFetched 0 orders[39m
[32m[Nest] 32608  - [39m2026. 03. 24. 오전 2:17:37 [32m    LOG[39m [38;5;3m[HTTP] [39m[32mGET /customer/orders?page=1&limit=1&dateStart=2026-03-24&dateEnd=2026-03-24&status=PREPARING - 560ms[39m
[32m[Nest] 32608  - [39m2026. 03. 24. 오전 2:17:37 [32m    LOG[39m [38;5;3m[CustomerOrdersService] [39m[32mFetched 0 orders[39m
[32m[Nest] 32608  - [39m2026. 03. 24. 오전 2:17:37 [32m    LOG[39m [38;5;3m[HTTP] [39m[32mGET /customer/orders?page=1&limit=1&dateStart=2026-03-24&dateEnd=2026-03-24&status=CANCELLED - 549ms[39m
[32m[Nest] 32608  - [39m2026. 03. 24. 오전 2:17:37 [32m    LOG[39m [38;5;3m[CustomerOrdersService] [39m[32mFetched 0 orders[39m
[32m[Nest] 32608  - [39m2026. 03. 24. 오전 2:17:37 [32m    LOG[39m [38;5;3m[HTTP] [39m[32mGET /customer/orders?page=1&limit=1&dateStart=2026-03-24&dateEnd=2026-03-24&status=COMPLETED - 494ms[39m
[32m[Nest] 32608  - [39m2026. 03. 24. 오전 2:17:37 [32m    LOG[39m [38;5;3m[CustomerOrdersService] [39m[32mFetched 0 orders[39m
[32m[Nest] 32608  - [39m2026. 03. 24. 오전 2:17:37 [32m    LOG[39m [38;5;3m[HTTP] [39m[32mGET /customer/orders?page=1&limit=1&dateStart=2026-03-24&dateEnd=2026-03-24&status=CONFIRMED - 562ms[39m
[33m[Nest] 32608  - [39m2026. 03. 24. 오전 2:17:37 [33m   WARN[39m [38;5;3m[CustomerOrdersService] [39m[33mFailed to load order payment methods for customer orders: column orders.payment_method does not exist[39m
[32m[Nest] 32608  - [39m2026. 03. 24. 오전 2:17:37 [32m    LOG[39m [38;5;3m[CustomerOrdersService] [39m[32mFetched 0 orders[39m
[32m[Nest] 32608  - [39m2026. 03. 24. 오전 2:17:37 [32m    LOG[39m [38;5;3m[HTTP] [39m[32mGET /customer/orders?page=1&limit=1&dateStart=2026-03-24&dateEnd=2026-03-24&status=REFUNDED - 525ms[39m
[32m[Nest] 32608  - [39m2026. 03. 24. 오전 2:17:38 [32m    LOG[39m [38;5;3m[CustomerOrdersService] [39m[32mFetched 1 orders[39m
[32m[Nest] 32608  - [39m2026. 03. 24. 오전 2:17:38 [32m    LOG[39m [38;5;3m[HTTP] [39m[32mGET /customer/orders?page=1&limit=1&dateStart=2026-03-24&dateEnd=2026-03-24&status=CREATED - 1546ms[39m
[32m[Nest] 32608  - [39m2026. 03. 24. 오전 2:17:44 [32m    LOG[39m [38;5;3m[CustomerOrdersController] [39m[32mUser d26831b8-20ef-4b10-8a1c-737a83d9b21f fetching orders (all branches)[39m
[32m[Nest] 32608  - [39m2026. 03. 24. 오전 2:17:44 [32m    LOG[39m [38;5;3m[CustomerOrdersService] [39m[32mFetching orders (all branches) by user d26831b8-20ef-4b10-8a1c-737a83d9b21f[39m
[32m[Nest] 32608  - [39m2026. 03. 24. 오전 2:17:44 [32m    LOG[39m [38;5;3m[CustomerOrdersController] [39m[32mUser d26831b8-20ef-4b10-8a1c-737a83d9b21f fetching orders (all branches)[39m
[32m[Nest] 32608  - [39m2026. 03. 24. 오전 2:17:44 [32m    LOG[39m [38;5;3m[CustomerOrdersService] [39m[32mFetching orders (all branches) by user d26831b8-20ef-4b10-8a1c-737a83d9b21f[39m
[33m[Nest] 32608  - [39m2026. 03. 24. 오전 2:17:45 [33m   WARN[39m [38;5;3m[CustomerOrdersService] [39m[33mFailed to load order payment methods for customer orders: column orders.payment_method does not exist[39m
[33m[Nest] 32608  - [39m2026. 03. 24. 오전 2:17:45 [33m   WARN[39m [38;5;3m[CustomerOrdersService] [39m[33mFailed to load order payment methods for customer orders: column orders.payment_method does not exist[39m
[32m[Nest] 32608  - [39m2026. 03. 24. 오전 2:17:46 [32m    LOG[39m [38;5;3m[CustomerOrdersService] [39m[32mFetched 1 orders[39m
[32m[Nest] 32608  - [39m2026. 03. 24. 오전 2:17:46 [32m    LOG[39m [38;5;3m[HTTP] [39m[32mGET /customer/orders?page=1&limit=1&dateStart=2026-03-24&dateEnd=2026-03-24 - 1605ms[39m
[32m[Nest] 32608  - [39m2026. 03. 24. 오전 2:17:46 [32m    LOG[39m [38;5;3m[CustomerOrdersController] [39m[32mUser d26831b8-20ef-4b10-8a1c-737a83d9b21f fetching orders (all branches)[39m
[32m[Nest] 32608  - [39m2026. 03. 24. 오전 2:17:46 [32m    LOG[39m [38;5;3m[CustomerOrdersService] [39m[32mFetching orders (all branches) by user d26831b8-20ef-4b10-8a1c-737a83d9b21f[39m
[32m[Nest] 32608  - [39m2026. 03. 24. 오전 2:17:46 [32m    LOG[39m [38;5;3m[CustomerOrdersController] [39m[32mUser d26831b8-20ef-4b10-8a1c-737a83d9b21f fetching orders (all branches)[39m
[32m[Nest] 32608  - [39m2026. 03. 24. 오전 2:17:46 [32m    LOG[39m [38;5;3m[CustomerOrdersService] [39m[32mFetching orders (all branches) by user d26831b8-20ef-4b10-8a1c-737a83d9b21f[39m
[32m[Nest] 32608  - [39m2026. 03. 24. 오전 2:17:46 [32m    LOG[39m [38;5;3m[CustomerOrdersController] [39m[32mUser d26831b8-20ef-4b10-8a1c-737a83d9b21f fetching orders (all branches)[39m
[32m[Nest] 32608  - [39m2026. 03. 24. 오전 2:17:46 [32m    LOG[39m [38;5;3m[CustomerOrdersService] [39m[32mFetching orders (all branches) by user d26831b8-20ef-4b10-8a1c-737a83d9b21f[39m
[32m[Nest] 32608  - [39m2026. 03. 24. 오전 2:17:46 [32m    LOG[39m [38;5;3m[CustomerOrdersController] [39m[32mUser d26831b8-20ef-4b10-8a1c-737a83d9b21f fetching orders (all branches)[39m
[32m[Nest] 32608  - [39m2026. 03. 24. 오전 2:17:46 [32m    LOG[39m [38;5;3m[CustomerOrdersService] [39m[32mFetching orders (all branches) by user d26831b8-20ef-4b10-8a1c-737a83d9b21f[39m
[32m[Nest] 32608  - [39m2026. 03. 24. 오전 2:17:46 [32m    LOG[39m [38;5;3m[CustomerOrdersController] [39m[32mUser d26831b8-20ef-4b10-8a1c-737a83d9b21f fetching orders (all branches)[39m
[32m[Nest] 32608  - [39m2026. 03. 24. 오전 2:17:46 [32m    LOG[39m [38;5;3m[CustomerOrdersService] [39m[32mFetching orders (all branches) by user d26831b8-20ef-4b10-8a1c-737a83d9b21f[39m
[32m[Nest] 32608  - [39m2026. 03. 24. 오전 2:17:46 [32m    LOG[39m [38;5;3m[CustomerOrdersService] [39m[32mFetched 8 orders[39m
[32m[Nest] 32608  - [39m2026. 03. 24. 오전 2:17:46 [32m    LOG[39m [38;5;3m[HTTP] [39m[32mGET /customer/orders?page=1&limit=20&dateStart=2026-03-24&dateEnd=2026-03-24 - 1659ms[39m
[32m[Nest] 32608  - [39m2026. 03. 24. 오전 2:17:46 [32m    LOG[39m [38;5;3m[CustomerOrdersController] [39m[32mUser d26831b8-20ef-4b10-8a1c-737a83d9b21f fetching orders (all branches)[39m
[32m[Nest] 32608  - [39m2026. 03. 24. 오전 2:17:46 [32m    LOG[39m [38;5;3m[CustomerOrdersService] [39m[32mFetching orders (all branches) by user d26831b8-20ef-4b10-8a1c-737a83d9b21f[39m
[32m[Nest] 32608  - [39m2026. 03. 24. 오전 2:17:46 [32m    LOG[39m [38;5;3m[CustomerOrdersService] [39m[32mFetched 0 orders[39m
[32m[Nest] 32608  - [39m2026. 03. 24. 오전 2:17:46 [32m    LOG[39m [38;5;3m[HTTP] [39m[32mGET /customer/orders?page=1&limit=1&dateStart=2026-03-24&dateEnd=2026-03-24&status=CONFIRMED - 573ms[39m
[32m[Nest] 32608  - [39m2026. 03. 24. 오전 2:17:46 [32m    LOG[39m [38;5;3m[CustomerOrdersController] [39m[32mUser d26831b8-20ef-4b10-8a1c-737a83d9b21f fetching orders (all branches)[39m
[32m[Nest] 32608  - [39m2026. 03. 24. 오전 2:17:46 [32m    LOG[39m [38;5;3m[CustomerOrdersService] [39m[32mFetching orders (all branches) by user d26831b8-20ef-4b10-8a1c-737a83d9b21f[39m
[32m[Nest] 32608  - [39m2026. 03. 24. 오전 2:17:46 [32m    LOG[39m [38;5;3m[CustomerOrdersService] [39m[32mFetched 0 orders[39m
[32m[Nest] 32608  - [39m2026. 03. 24. 오전 2:17:46 [32m    LOG[39m [38;5;3m[HTTP] [39m[32mGET /customer/orders?page=1&limit=1&dateStart=2026-03-24&dateEnd=2026-03-24&status=PREPARING - 620ms[39m
[32m[Nest] 32608  - [39m2026. 03. 24. 오전 2:17:46 [32m    LOG[39m [38;5;3m[CustomerOrdersService] [39m[32mFetched 0 orders[39m
[32m[Nest] 32608  - [39m2026. 03. 24. 오전 2:17:46 [32m    LOG[39m [38;5;3m[HTTP] [39m[32mGET /customer/orders?page=1&limit=1&dateStart=2026-03-24&dateEnd=2026-03-24&status=CANCELLED - 540ms[39m
[32m[Nest] 32608  - [39m2026. 03. 24. 오전 2:17:46 [32m    LOG[39m [38;5;3m[CustomerOrdersService] [39m[32mFetched 0 orders[39m
[32m[Nest] 32608  - [39m2026. 03. 24. 오전 2:17:46 [32m    LOG[39m [38;5;3m[HTTP] [39m[32mGET /customer/orders?page=1&limit=1&dateStart=2026-03-24&dateEnd=2026-03-24&status=READY - 641ms[39m
[32m[Nest] 32608  - [39m2026. 03. 24. 오전 2:17:46 [32m    LOG[39m [38;5;3m[CustomerOrdersService] [39m[32mFetched 0 orders[39m
[32m[Nest] 32608  - [39m2026. 03. 24. 오전 2:17:46 [32m    LOG[39m [38;5;3m[HTTP] [39m[32mGET /customer/orders?page=1&limit=1&dateStart=2026-03-24&dateEnd=2026-03-24&status=COMPLETED - 639ms[39m
[32m[Nest] 32608  - [39m2026. 03. 24. 오전 2:17:47 [32m    LOG[39m [38;5;3m[CustomerOrdersService] [39m[32mFetched 0 orders[39m
[32m[Nest] 32608  - [39m2026. 03. 24. 오전 2:17:47 [32m    LOG[39m [38;5;3m[HTTP] [39m[32mGET /customer/orders?page=1&limit=1&dateStart=2026-03-24&dateEnd=2026-03-24&status=REFUNDED - 491ms[39m
[33m[Nest] 32608  - [39m2026. 03. 24. 오전 2:17:47 [33m   WARN[39m [38;5;3m[CustomerOrdersService] [39m[33mFailed to load order payment methods for customer orders: column orders.payment_method does not exist[39m
[32m[Nest] 32608  - [39m2026. 03. 24. 오전 2:17:47 [32m    LOG[39m [38;5;3m[CustomerOrdersService] [39m[32mFetched 1 orders[39m
[32m[Nest] 32608  - [39m2026. 03. 24. 오전 2:17:47 [32m    LOG[39m [38;5;3m[HTTP] [39m[32mGET /customer/orders?page=1&limit=1&dateStart=2026-03-24&dateEnd=2026-03-24&status=CREATED - 1590ms[39m
[32m[Nest] 32608  - [39m2026. 03. 24. 오전 2:17:54 [32m    LOG[39m [38;5;3m[CustomerOrdersController] [39m[32mUser d26831b8-20ef-4b10-8a1c-737a83d9b21f fetching orders (all branches)[39m
[32m[Nest] 32608  - [39m2026. 03. 24. 오전 2:17:54 [32m    LOG[39m [38;5;3m[CustomerOrdersService] [39m[32mFetching orders (all branches) by user d26831b8-20ef-4b10-8a1c-737a83d9b21f[39m
[32m[Nest] 32608  - [39m2026. 03. 24. 오전 2:17:54 [32m    LOG[39m [38;5;3m[CustomerOrdersController] [39m[32mUser d26831b8-20ef-4b10-8a1c-737a83d9b21f fetching orders (all branches)[39m
[32m[Nest] 32608  - [39m2026. 03. 24. 오전 2:17:54 [32m    LOG[39m [38;5;3m[CustomerOrdersService] [39m[32mFetching orders (all branches) by user d26831b8-20ef-4b10-8a1c-737a83d9b21f[39m
[33m[Nest] 32608  - [39m2026. 03. 24. 오전 2:17:56 [33m   WARN[39m [38;5;3m[CustomerOrdersService] [39m[33mFailed to load order payment methods for customer orders: column orders.payment_method does not exist[39m
[33m[Nest] 32608  - [39m2026. 03. 24. 오전 2:17:56 [33m   WARN[39m [38;5;3m[CustomerOrdersService] [39m[33mFailed to load order payment methods for customer orders: column orders.payment_method does not exist[39m
[32m[Nest] 32608  - [39m2026. 03. 24. 오전 2:17:56 [32m    LOG[39m [38;5;3m[CustomerOrdersService] [39m[32mFetched 8 orders[39m
[32m[Nest] 32608  - [39m2026. 03. 24. 오전 2:17:56 [32m    LOG[39m [38;5;3m[HTTP] [39m[32mGET /customer/orders?page=1&limit=20&dateStart=2026-03-24&dateEnd=2026-03-24 - 1949ms[39m
[32m[Nest] 32608  - [39m2026. 03. 24. 오전 2:17:56 [32m    LOG[39m [38;5;3m[CustomerOrdersService] [39m[32mFetched 1 orders[39m
[32m[Nest] 32608  - [39m2026. 03. 24. 오전 2:17:56 [32m    LOG[39m [38;5;3m[HTTP] [39m[32mGET /customer/orders?page=1&limit=1&dateStart=2026-03-24&dateEnd=2026-03-24 - 2095ms[39m
[33m[Nest] 32608  - [39m2026. 03. 24. 오전 2:17:56 [33m   WARN[39m [38;5;3m[HTTP] [39m[33mSlow request detected: GET /customer/orders?page=1&limit=1&dateStart=2026-03-24&dateEnd=2026-03-24 - 2095ms[39m
[32m[Nest] 32608  - [39m2026. 03. 24. 오전 2:17:56 [32m    LOG[39m [38;5;3m[CustomerOrdersController] [39m[32mUser d26831b8-20ef-4b10-8a1c-737a83d9b21f fetching orders (all branches)[39m
[32m[Nest] 32608  - [39m2026. 03. 24. 오전 2:17:56 [32m    LOG[39m [38;5;3m[CustomerOrdersService] [39m[32mFetching orders (all branches) by user d26831b8-20ef-4b10-8a1c-737a83d9b21f[39m
[32m[Nest] 32608  - [39m2026. 03. 24. 오전 2:17:56 [32m    LOG[39m [38;5;3m[CustomerOrdersController] [39m[32mUser d26831b8-20ef-4b10-8a1c-737a83d9b21f fetching orders (all branches)[39m
[32m[Nest] 32608  - [39m2026. 03. 24. 오전 2:17:56 [32m    LOG[39m [38;5;3m[CustomerOrdersService] [39m[32mFetching orders (all branches) by user d26831b8-20ef-4b10-8a1c-737a83d9b21f[39m
[32m[Nest] 32608  - [39m2026. 03. 24. 오전 2:17:56 [32m    LOG[39m [38;5;3m[CustomerOrdersController] [39m[32mUser d26831b8-20ef-4b10-8a1c-737a83d9b21f fetching orders (all branches)[39m
[32m[Nest] 32608  - [39m2026. 03. 24. 오전 2:17:56 [32m    LOG[39m [38;5;3m[CustomerOrdersService] [39m[32mFetching orders (all branches) by user d26831b8-20ef-4b10-8a1c-737a83d9b21f[39m
[32m[Nest] 32608  - [39m2026. 03. 24. 오전 2:17:56 [32m    LOG[39m [38;5;3m[CustomerOrdersController] [39m[32mUser d26831b8-20ef-4b10-8a1c-737a83d9b21f fetching orders (all branches)[39m
[32m[Nest] 32608  - [39m2026. 03. 24. 오전 2:17:56 [32m    LOG[39m [38;5;3m[CustomerOrdersService] [39m[32mFetching orders (all branches) by user d26831b8-20ef-4b10-8a1c-737a83d9b21f[39m
[32m[Nest] 32608  - [39m2026. 03. 24. 오전 2:17:56 [32m    LOG[39m [38;5;3m[CustomerOrdersController] [39m[32mUser d26831b8-20ef-4b10-8a1c-737a83d9b21f fetching orders (all branches)[39m
[32m[Nest] 32608  - [39m2026. 03. 24. 오전 2:17:56 [32m    LOG[39m [38;5;3m[CustomerOrdersService] [39m[32mFetching orders (all branches) by user d26831b8-20ef-4b10-8a1c-737a83d9b21f[39m
[32m[Nest] 32608  - [39m2026. 03. 24. 오전 2:17:56 [32m    LOG[39m [38;5;3m[CustomerOrdersController] [39m[32mUser d26831b8-20ef-4b10-8a1c-737a83d9b21f fetching orders (all branches)[39m
[32m[Nest] 32608  - [39m2026. 03. 24. 오전 2:17:56 [32m    LOG[39m [38;5;3m[CustomerOrdersService] [39m[32mFetching orders (all branches) by user d26831b8-20ef-4b10-8a1c-737a83d9b21f[39m
[32m[Nest] 32608  - [39m2026. 03. 24. 오전 2:17:57 [32m    LOG[39m [38;5;3m[CustomerOrdersService] [39m[32mFetched 0 orders[39m
[32m[Nest] 32608  - [39m2026. 03. 24. 오전 2:17:57 [32m    LOG[39m [38;5;3m[HTTP] [39m[32mGET /customer/orders?page=1&limit=1&dateStart=2026-03-24&dateEnd=2026-03-24&status=CONFIRMED - 683ms[39m
[32m[Nest] 32608  - [39m2026. 03. 24. 오전 2:17:57 [32m    LOG[39m [38;5;3m[CustomerOrdersController] [39m[32mUser d26831b8-20ef-4b10-8a1c-737a83d9b21f fetching orders (all branches)[39m
[32m[Nest] 32608  - [39m2026. 03. 24. 오전 2:17:57 [32m    LOG[39m [38;5;3m[CustomerOrdersService] [39m[32mFetching orders (all branches) by user d26831b8-20ef-4b10-8a1c-737a83d9b21f[39m
[32m[Nest] 32608  - [39m2026. 03. 24. 오전 2:17:57 [32m    LOG[39m [38;5;3m[CustomerOrdersService] [39m[32mFetched 0 orders[39m
[32m[Nest] 32608  - [39m2026. 03. 24. 오전 2:17:57 [32m    LOG[39m [38;5;3m[HTTP] [39m[32mGET /customer/orders?page=1&limit=1&dateStart=2026-03-24&dateEnd=2026-03-24&status=PREPARING - 683ms[39m
[32m[Nest] 32608  - [39m2026. 03. 24. 오전 2:17:57 [32m    LOG[39m [38;5;3m[CustomerOrdersService] [39m[32mFetched 0 orders[39m
[32m[Nest] 32608  - [39m2026. 03. 24. 오전 2:17:57 [32m    LOG[39m [38;5;3m[HTTP] [39m[32mGET /customer/orders?page=1&limit=1&dateStart=2026-03-24&dateEnd=2026-03-24&status=COMPLETED - 602ms[39m
[32m[Nest] 32608  - [39m2026. 03. 24. 오전 2:17:57 [32m    LOG[39m [38;5;3m[CustomerOrdersService] [39m[32mFetched 0 orders[39m
[32m[Nest] 32608  - [39m2026. 03. 24. 오전 2:17:57 [32m    LOG[39m [38;5;3m[HTTP] [39m[32mGET /customer/orders?page=1&limit=1&dateStart=2026-03-24&dateEnd=2026-03-24&status=READY - 695ms[39m
[32m[Nest] 32608  - [39m2026. 03. 24. 오전 2:17:57 [32m    LOG[39m [38;5;3m[CustomerOrdersService] [39m[32mFetched 0 orders[39m
[32m[Nest] 32608  - [39m2026. 03. 24. 오전 2:17:57 [32m    LOG[39m [38;5;3m[HTTP] [39m[32mGET /customer/orders?page=1&limit=1&dateStart=2026-03-24&dateEnd=2026-03-24&status=CANCELLED - 591ms[39m
[33m[Nest] 32608  - [39m2026. 03. 24. 오전 2:17:57 [33m   WARN[39m [38;5;3m[CustomerOrdersService] [39m[33mFailed to load order payment methods for customer orders: column orders.payment_method does not exist[39m
[32m[Nest] 32608  - [39m2026. 03. 24. 오전 2:17:57 [32m    LOG[39m [38;5;3m[CustomerOrdersService] [39m[32mFetched 0 orders[39m
[32m[Nest] 32608  - [39m2026. 03. 24. 오전 2:17:57 [32m    LOG[39m [38;5;3m[HTTP] [39m[32mGET /customer/orders?page=1&limit=1&dateStart=2026-03-24&dateEnd=2026-03-24&status=REFUNDED - 486ms[39m
[32m[Nest] 32608  - [39m2026. 03. 24. 오전 2:17:58 [32m    LOG[39m [38;5;3m[CustomerOrdersService] [39m[32mFetched 1 orders[39m
[32m[Nest] 32608  - [39m2026. 03. 24. 오전 2:17:58 [32m    LOG[39m [38;5;3m[HTTP] [39m[32mGET /customer/orders?page=1&limit=1&dateStart=2026-03-24&dateEnd=2026-03-24&status=CREATED - 1665ms[39m
[32m[Nest] 32608  - [39m2026. 03. 24. 오전 2:18:02 [32m    LOG[39m [38;5;3m[CustomerGuard] [39m[32mCustomerGuard: User d26831b8-20ef-4b10-8a1c-737a83d9b21f authorized with 1 brand(s) and 0 branch(es)[39m
[32m[Nest] 32608  - [39m2026. 03. 24. 오전 2:18:02 [32m    LOG[39m [38;5;3m[InventoryController] [39m[32mUser d26831b8-20ef-4b10-8a1c-737a83d9b21f fetching low stock alerts for all branches[39m
[32m[Nest] 32608  - [39m2026. 03. 24. 오전 2:18:02 [32m    LOG[39m [38;5;3m[InventoryService] [39m[32mFetching low stock alerts for all branches by user d26831b8-20ef-4b10-8a1c-737a83d9b21f[39m
[32m[Nest] 32608  - [39m2026. 03. 24. 오전 2:18:02 [32m    LOG[39m [38;5;3m[InventoryService] [39m[32mFound 6 low stock items for all branches[39m
[32m[Nest] 32608  - [39m2026. 03. 24. 오전 2:18:02 [32m    LOG[39m [38;5;3m[HTTP] [39m[32mGET /customer/inventory/alerts - 354ms[39m
[32m[Nest] 32608  - [39m2026. 03. 24. 오전 2:18:02 [32m    LOG[39m [38;5;3m[CustomerOrdersController] [39m[32mUser d26831b8-20ef-4b10-8a1c-737a83d9b21f fetching orders (all branches)[39m
[32m[Nest] 32608  - [39m2026. 03. 24. 오전 2:18:02 [32m    LOG[39m [38;5;3m[CustomerOrdersService] [39m[32mFetching orders (all branches) by user d26831b8-20ef-4b10-8a1c-737a83d9b21f[39m
[33m[Nest] 32608  - [39m2026. 03. 24. 오전 2:18:03 [33m   WARN[39m [38;5;3m[CustomerOrdersService] [39m[33mFailed to load order payment methods for customer orders: column orders.payment_method does not exist[39m
[32m[Nest] 32608  - [39m2026. 03. 24. 오전 2:18:04 [32m    LOG[39m [38;5;3m[CustomerOrdersService] [39m[32mFetched 12 orders[39m
[32m[Nest] 32608  - [39m2026. 03. 24. 오전 2:18:04 [32m    LOG[39m [38;5;3m[HTTP] [39m[32mGET /customer/orders?page=1&limit=20 - 1585ms[39m
[32m[Nest] 32608  - [39m2026. 03. 24. 오전 2:18:04 [32m    LOG[39m [38;5;3m[CustomerOrdersController] [39m[32mUser d26831b8-20ef-4b10-8a1c-737a83d9b21f fetching orders (all branches)[39m
[32m[Nest] 32608  - [39m2026. 03. 24. 오전 2:18:04 [32m    LOG[39m [38;5;3m[CustomerOrdersService] [39m[32mFetching orders (all branches) by user d26831b8-20ef-4b10-8a1c-737a83d9b21f[39m
[32m[Nest] 32608  - [39m2026. 03. 24. 오전 2:18:04 [32m    LOG[39m [38;5;3m[CustomerOrdersController] [39m[32mUser d26831b8-20ef-4b10-8a1c-737a83d9b21f fetching orders (all branches)[39m
[32m[Nest] 32608  - [39m2026. 03. 24. 오전 2:18:04 [32m    LOG[39m [38;5;3m[CustomerOrdersService] [39m[32mFetching orders (all branches) by user d26831b8-20ef-4b10-8a1c-737a83d9b21f[39m
[33m[Nest] 32608  - [39m2026. 03. 24. 오전 2:18:05 [33m   WARN[39m [38;5;3m[CustomerOrdersService] [39m[33mFailed to load order payment methods for customer orders: column orders.payment_method does not exist[39m
[33m[Nest] 32608  - [39m2026. 03. 24. 오전 2:18:05 [33m   WARN[39m [38;5;3m[CustomerOrdersService] [39m[33mFailed to load order payment methods for customer orders: column orders.payment_method does not exist[39m
[32m[Nest] 32608  - [39m2026. 03. 24. 오전 2:18:06 [32m    LOG[39m [38;5;3m[CustomerOrdersService] [39m[32mFetched 8 orders[39m
[32m[Nest] 32608  - [39m2026. 03. 24. 오전 2:18:06 [32m    LOG[39m [38;5;3m[HTTP] [39m[32mGET /customer/orders?page=1&limit=20&dateStart=2026-03-24&dateEnd=2026-03-24 - 1515ms[39m
[32m[Nest] 32608  - [39m2026. 03. 24. 오전 2:18:06 [32m    LOG[39m [38;5;3m[CustomerOrdersService] [39m[32mFetched 1 orders[39m
[32m[Nest] 32608  - [39m2026. 03. 24. 오전 2:18:06 [32m    LOG[39m [38;5;3m[HTTP] [39m[32mGET /customer/orders?page=1&limit=1&dateStart=2026-03-24&dateEnd=2026-03-24 - 1514ms[39m
[32m[Nest] 32608  - [39m2026. 03. 24. 오전 2:18:06 [32m    LOG[39m [38;5;3m[CustomerOrdersController] [39m[32mUser d26831b8-20ef-4b10-8a1c-737a83d9b21f fetching orders (all branches)[39m
[32m[Nest] 32608  - [39m2026. 03. 24. 오전 2:18:06 [32m    LOG[39m [38;5;3m[CustomerOrdersService] [39m[32mFetching orders (all branches) by user d26831b8-20ef-4b10-8a1c-737a83d9b21f[39m
[32m[Nest] 32608  - [39m2026. 03. 24. 오전 2:18:06 [32m    LOG[39m [38;5;3m[CustomerOrdersController] [39m[32mUser d26831b8-20ef-4b10-8a1c-737a83d9b21f fetching orders (all branches)[39m
[32m[Nest] 32608  - [39m2026. 03. 24. 오전 2:18:06 [32m    LOG[39m [38;5;3m[CustomerOrdersService] [39m[32mFetching orders (all branches) by user d26831b8-20ef-4b10-8a1c-737a83d9b21f[39m
[32m[Nest] 32608  - [39m2026. 03. 24. 오전 2:18:06 [32m    LOG[39m [38;5;3m[CustomerOrdersController] [39m[32mUser d26831b8-20ef-4b10-8a1c-737a83d9b21f fetching orders (all branches)[39m
[32m[Nest] 32608  - [39m2026. 03. 24. 오전 2:18:06 [32m    LOG[39m [38;5;3m[CustomerOrdersService] [39m[32mFetching orders (all branches) by user d26831b8-20ef-4b10-8a1c-737a83d9b21f[39m
[32m[Nest] 32608  - [39m2026. 03. 24. 오전 2:18:06 [32m    LOG[39m [38;5;3m[CustomerOrdersController] [39m[32mUser d26831b8-20ef-4b10-8a1c-737a83d9b21f fetching orders (all branches)[39m
[32m[Nest] 32608  - [39m2026. 03. 24. 오전 2:18:06 [32m    LOG[39m [38;5;3m[CustomerOrdersService] [39m[32mFetching orders (all branches) by user d26831b8-20ef-4b10-8a1c-737a83d9b21f[39m
[32m[Nest] 32608  - [39m2026. 03. 24. 오전 2:18:06 [32m    LOG[39m [38;5;3m[CustomerOrdersController] [39m[32mUser d26831b8-20ef-4b10-8a1c-737a83d9b21f fetching orders (all branches)[39m
[32m[Nest] 32608  - [39m2026. 03. 24. 오전 2:18:06 [32m    LOG[39m [38;5;3m[CustomerOrdersService] [39m[32mFetching orders (all branches) by user d26831b8-20ef-4b10-8a1c-737a83d9b21f[39m
[32m[Nest] 32608  - [39m2026. 03. 24. 오전 2:18:06 [32m    LOG[39m [38;5;3m[CustomerOrdersController] [39m[32mUser d26831b8-20ef-4b10-8a1c-737a83d9b21f fetching orders (all branches)[39m
[32m[Nest] 32608  - [39m2026. 03. 24. 오전 2:18:06 [32m    LOG[39m [38;5;3m[CustomerOrdersService] [39m[32mFetching orders (all branches) by user d26831b8-20ef-4b10-8a1c-737a83d9b21f[39m
[32m[Nest] 32608  - [39m2026. 03. 24. 오전 2:18:06 [32m    LOG[39m [38;5;3m[CustomerOrdersService] [39m[32mFetched 0 orders[39m
[32m[Nest] 32608  - [39m2026. 03. 24. 오전 2:18:06 [32m    LOG[39m [38;5;3m[HTTP] [39m[32mGET /customer/orders?page=1&limit=1&dateStart=2026-03-24&dateEnd=2026-03-24&status=CONFIRMED - 585ms[39m
[32m[Nest] 32608  - [39m2026. 03. 24. 오전 2:18:06 [32m    LOG[39m [38;5;3m[CustomerOrdersService] [39m[32mFetched 0 orders[39m
[32m[Nest] 32608  - [39m2026. 03. 24. 오전 2:18:06 [32m    LOG[39m [38;5;3m[HTTP] [39m[32mGET /customer/orders?page=1&limit=1&dateStart=2026-03-24&dateEnd=2026-03-24&status=PREPARING - 587ms[39m
[32m[Nest] 32608  - [39m2026. 03. 24. 오전 2:18:06 [32m    LOG[39m [38;5;3m[CustomerOrdersService] [39m[32mFetched 0 orders[39m
[32m[Nest] 32608  - [39m2026. 03. 24. 오전 2:18:06 [32m    LOG[39m [38;5;3m[HTTP] [39m[32mGET /customer/orders?page=1&limit=1&dateStart=2026-03-24&dateEnd=2026-03-24&status=COMPLETED - 610ms[39m
[32m[Nest] 32608  - [39m2026. 03. 24. 오전 2:18:06 [32m    LOG[39m [38;5;3m[CustomerOrdersService] [39m[32mFetched 0 orders[39m
[32m[Nest] 32608  - [39m2026. 03. 24. 오전 2:18:06 [32m    LOG[39m [38;5;3m[HTTP] [39m[32mGET /customer/orders?page=1&limit=1&dateStart=2026-03-24&dateEnd=2026-03-24&status=CANCELLED - 611ms[39m
[32m[Nest] 32608  - [39m2026. 03. 24. 오전 2:18:06 [32m    LOG[39m [38;5;3m[CustomerOrdersService] [39m[32mFetched 0 orders[39m
[32m[Nest] 32608  - [39m2026. 03. 24. 오전 2:18:06 [32m    LOG[39m [38;5;3m[HTTP] [39m[32mGET /customer/orders?page=1&limit=1&dateStart=2026-03-24&dateEnd=2026-03-24&status=READY - 633ms[39m
[32m[Nest] 32608  - [39m2026. 03. 24. 오전 2:18:07 [32m    LOG[39m [38;5;3m[CustomerGuard] [39m[32mCustomerGuard: User d26831b8-20ef-4b10-8a1c-737a83d9b21f authorized with 1 brand(s) and 0 branch(es)[39m
[32m[Nest] 32608  - [39m2026. 03. 24. 오전 2:18:07 [32m    LOG[39m [38;5;3m[CustomerOrdersController] [39m[32mUser d26831b8-20ef-4b10-8a1c-737a83d9b21f fetching orders (all branches)[39m
[32m[Nest] 32608  - [39m2026. 03. 24. 오전 2:18:07 [32m    LOG[39m [38;5;3m[CustomerOrdersService] [39m[32mFetching orders (all branches) by user d26831b8-20ef-4b10-8a1c-737a83d9b21f[39m
[33m[Nest] 32608  - [39m2026. 03. 24. 오전 2:18:07 [33m   WARN[39m [38;5;3m[CustomerOrdersService] [39m[33mFailed to load order payment methods for customer orders: column orders.payment_method does not exist[39m
[32m[Nest] 32608  - [39m2026. 03. 24. 오전 2:18:07 [32m    LOG[39m [38;5;3m[CustomerOrdersService] [39m[32mFetched 0 orders[39m
[32m[Nest] 32608  - [39m2026. 03. 24. 오전 2:18:07 [32m    LOG[39m [38;5;3m[HTTP] [39m[32mGET /customer/orders?page=1&limit=1&dateStart=2026-03-24&dateEnd=2026-03-24&status=REFUNDED - 888ms[39m
[32m[Nest] 32608  - [39m2026. 03. 24. 오전 2:18:08 [32m    LOG[39m [38;5;3m[CustomerOrdersService] [39m[32mFetched 1 orders[39m
[32m[Nest] 32608  - [39m2026. 03. 24. 오전 2:18:08 [32m    LOG[39m [38;5;3m[HTTP] [39m[32mGET /customer/orders?page=1&limit=1&dateStart=2026-03-24&dateEnd=2026-03-24&status=CREATED - 2113ms[39m
[33m[Nest] 32608  - [39m2026. 03. 24. 오전 2:18:08 [33m   WARN[39m [38;5;3m[HTTP] [39m[33mSlow request detected: GET /customer/orders?page=1&limit=1&dateStart=2026-03-24&dateEnd=2026-03-24&status=CREATED - 2113ms[39m
[32m[Nest] 32608  - [39m2026. 03. 24. 오전 2:18:12 [32m    LOG[39m [38;5;3m[CustomerOrdersController] [39m[32mUser d26831b8-20ef-4b10-8a1c-737a83d9b21f fetching order eb47f08e-34bc-4a5c-b3f3-1748bcf6d26e[39m
[32m[Nest] 32608  - [39m2026. 03. 24. 오전 2:18:12 [32m    LOG[39m [38;5;3m[CustomerOrdersService] [39m[32mFetching order eb47f08e-34bc-4a5c-b3f3-1748bcf6d26e by user d26831b8-20ef-4b10-8a1c-737a83d9b21f[39m
[33m[Nest] 32608  - [39m2026. 03. 24. 오전 2:18:13 [33m   WARN[39m [38;5;3m[CustomerOrdersService] [39m[33mFailed to load order payment methods for customer orders: column orders.payment_method does not exist[39m
[32m[Nest] 32608  - [39m2026. 03. 24. 오전 2:18:13 [32m    LOG[39m [38;5;3m[HTTP] [39m[32mGET /customer/orders/eb47f08e-34bc-4a5c-b3f3-1748bcf6d26e - 1252ms[39m
[33m[Nest] 32608  - [39m2026. 03. 24. 오전 2:18:13 [33m   WARN[39m [38;5;3m[DepositSyncService] [39m[33mDuplicate deposit sheet mapping detected for "시트1" in spreadsheet "1MSwPe5z2ebuU1xNginda2Rt4d4sLrBXh9p5M4rNSKPI". Only the first branch will be used.[39m
[32m[Nest] 32608  - [39m2026. 03. 24. 오전 2:18:18 [32m    LOG[39m [38;5;3m[CustomerOrdersController] [39m[32mUser d26831b8-20ef-4b10-8a1c-737a83d9b21f fetching orders (all branches)[39m
[32m[Nest] 32608  - [39m2026. 03. 24. 오전 2:18:18 [32m    LOG[39m [38;5;3m[CustomerOrdersService] [39m[32mFetching orders (all branches) by user d26831b8-20ef-4b10-8a1c-737a83d9b21f[39m
[32m[Nest] 32608  - [39m2026. 03. 24. 오전 2:18:18 [32m    LOG[39m [38;5;3m[CustomerOrdersController] [39m[32mUser d26831b8-20ef-4b10-8a1c-737a83d9b21f fetching orders (all branches)[39m
[32m[Nest] 32608  - [39m2026. 03. 24. 오전 2:18:18 [32m    LOG[39m [38;5;3m[CustomerOrdersService] [39m[32mFetching orders (all branches) by user d26831b8-20ef-4b10-8a1c-737a83d9b21f[39m
[32m[Nest] 32608  - [39m2026. 03. 24. 오전 2:18:18 [32m    LOG[39m [38;5;3m[CustomerGuard] [39m[32mCustomerGuard: User d26831b8-20ef-4b10-8a1c-737a83d9b21f authorized with 1 brand(s) and 0 branch(es)[39m
[32m[Nest] 32608  - [39m2026. 03. 24. 오전 2:18:18 [32m    LOG[39m [38;5;3m[CustomerBranchesController] [39m[32mUser d26831b8-20ef-4b10-8a1c-737a83d9b21f fetching branches (all)[39m
[32m[Nest] 32608  - [39m2026. 03. 24. 오전 2:18:18 [32m    LOG[39m [38;5;3m[CustomerBranchesService] [39m[32mFetching all accessible branches for user d26831b8-20ef-4b10-8a1c-737a83d9b21f[39m
[32m[Nest] 32608  - [39m2026. 03. 24. 오전 2:18:18 [32m    LOG[39m [38;5;3m[CustomerBranchesService] [39m[32mFetched 3 accessible branches for user d26831b8-20ef-4b10-8a1c-737a83d9b21f[39m
[32m[Nest] 32608  - [39m2026. 03. 24. 오전 2:18:18 [32m    LOG[39m [38;5;3m[HTTP] [39m[32mGET /customer/branches - 173ms[39m
[32m[Nest] 32608  - [39m2026. 03. 24. 오전 2:18:18 [32m    LOG[39m [38;5;3m[CustomerGuard] [39m[32mCustomerGuard: User d26831b8-20ef-4b10-8a1c-737a83d9b21f authorized with 1 brand(s) and 0 branch(es)[39m
[32m[Nest] 32608  - [39m2026. 03. 24. 오전 2:18:18 [32m    LOG[39m [38;5;3m[CustomerBrandsService] [39m[32mFetching brands for user: d26831b8-20ef-4b10-8a1c-737a83d9b21f[39m
[32m[Nest] 32608  - [39m2026. 03. 24. 오전 2:18:19 [32m    LOG[39m [38;5;3m[CustomerBrandsService] [39m[32mFetched 1 brands for user: d26831b8-20ef-4b10-8a1c-737a83d9b21f[39m
[32m[Nest] 32608  - [39m2026. 03. 24. 오전 2:18:19 [32m    LOG[39m [38;5;3m[HTTP] [39m[32mGET /customer/brands - 165ms[39m
[33m[Nest] 32608  - [39m2026. 03. 24. 오전 2:18:19 [33m   WARN[39m [38;5;3m[CustomerOrdersService] [39m[33mFailed to load order payment methods for customer orders: column orders.payment_method does not exist[39m
[33m[Nest] 32608  - [39m2026. 03. 24. 오전 2:18:19 [33m   WARN[39m [38;5;3m[CustomerOrdersService] [39m[33mFailed to load order payment methods for customer orders: column orders.payment_method does not exist[39m
[32m[Nest] 32608  - [39m2026. 03. 24. 오전 2:18:19 [32m    LOG[39m [38;5;3m[CustomerOrdersService] [39m[32mFetched 1 orders[39m
[32m[Nest] 32608  - [39m2026. 03. 24. 오전 2:18:19 [32m    LOG[39m [38;5;3m[HTTP] [39m[32mGET /customer/orders?page=1&limit=1&dateStart=2026-03-24&dateEnd=2026-03-24 - 1512ms[39m
[32m[Nest] 32608  - [39m2026. 03. 24. 오전 2:18:19 [32m    LOG[39m [38;5;3m[CustomerOrdersController] [39m[32mUser d26831b8-20ef-4b10-8a1c-737a83d9b21f fetching orders (all branches)[39m
[32m[Nest] 32608  - [39m2026. 03. 24. 오전 2:18:19 [32m    LOG[39m [38;5;3m[CustomerOrdersService] [39m[32mFetching orders (all branches) by user d26831b8-20ef-4b10-8a1c-737a83d9b21f[39m
[32m[Nest] 32608  - [39m2026. 03. 24. 오전 2:18:19 [32m    LOG[39m [38;5;3m[CustomerOrdersController] [39m[32mUser d26831b8-20ef-4b10-8a1c-737a83d9b21f fetching orders (all branches)[39m
[32m[Nest] 32608  - [39m2026. 03. 24. 오전 2:18:19 [32m    LOG[39m [38;5;3m[CustomerOrdersService] [39m[32mFetching orders (all branches) by user d26831b8-20ef-4b10-8a1c-737a83d9b21f[39m
[32m[Nest] 32608  - [39m2026. 03. 24. 오전 2:18:19 [32m    LOG[39m [38;5;3m[CustomerOrdersController] [39m[32mUser d26831b8-20ef-4b10-8a1c-737a83d9b21f fetching orders (all branches)[39m
[32m[Nest] 32608  - [39m2026. 03. 24. 오전 2:18:19 [32m    LOG[39m [38;5;3m[CustomerOrdersService] [39m[32mFetching orders (all branches) by user d26831b8-20ef-4b10-8a1c-737a83d9b21f[39m
[32m[Nest] 32608  - [39m2026. 03. 24. 오전 2:18:19 [32m    LOG[39m [38;5;3m[CustomerOrdersService] [39m[32mFetched 8 orders[39m
[32m[Nest] 32608  - [39m2026. 03. 24. 오전 2:18:19 [32m    LOG[39m [38;5;3m[HTTP] [39m[32mGET /customer/orders?page=1&limit=20&dateStart=2026-03-24&dateEnd=2026-03-24 - 1539ms[39m
[32m[Nest] 32608  - [39m2026. 03. 24. 오전 2:18:19 [32m    LOG[39m [38;5;3m[CustomerOrdersController] [39m[32mUser d26831b8-20ef-4b10-8a1c-737a83d9b21f fetching orders (all branches)[39m
[32m[Nest] 32608  - [39m2026. 03. 24. 오전 2:18:19 [32m    LOG[39m [38;5;3m[CustomerOrdersService] [39m[32mFetching orders (all branches) by user d26831b8-20ef-4b10-8a1c-737a83d9b21f[39m
[32m[Nest] 32608  - [39m2026. 03. 24. 오전 2:18:19 [32m    LOG[39m [38;5;3m[CustomerOrdersController] [39m[32mUser d26831b8-20ef-4b10-8a1c-737a83d9b21f fetching orders (all branches)[39m
[32m[Nest] 32608  - [39m2026. 03. 24. 오전 2:18:19 [32m    LOG[39m [38;5;3m[CustomerOrdersService] [39m[32mFetching orders (all branches) by user d26831b8-20ef-4b10-8a1c-737a83d9b21f[39m
[32m[Nest] 32608  - [39m2026. 03. 24. 오전 2:18:19 [32m    LOG[39m [38;5;3m[CustomerOrdersController] [39m[32mUser d26831b8-20ef-4b10-8a1c-737a83d9b21f fetching orders (all branches)[39m
[32m[Nest] 32608  - [39m2026. 03. 24. 오전 2:18:19 [32m    LOG[39m [38;5;3m[CustomerOrdersService] [39m[32mFetching orders (all branches) by user d26831b8-20ef-4b10-8a1c-737a83d9b21f[39m
[32m[Nest] 32608  - [39m2026. 03. 24. 오전 2:18:20 [32m    LOG[39m [38;5;3m[CustomerOrdersService] [39m[32mFetched 0 orders[39m
[32m[Nest] 32608  - [39m2026. 03. 24. 오전 2:18:20 [32m    LOG[39m [38;5;3m[HTTP] [39m[32mGET /customer/orders?page=1&limit=1&dateStart=2026-03-24&dateEnd=2026-03-24&status=CONFIRMED - 521ms[39m
[32m[Nest] 32608  - [39m2026. 03. 24. 오전 2:18:20 [32m    LOG[39m [38;5;3m[CustomerOrdersController] [39m[32mUser d26831b8-20ef-4b10-8a1c-737a83d9b21f fetching orders (all branches)[39m
[32m[Nest] 32608  - [39m2026. 03. 24. 오전 2:18:20 [32m    LOG[39m [38;5;3m[CustomerOrdersService] [39m[32mFetching orders (all branches) by user d26831b8-20ef-4b10-8a1c-737a83d9b21f[39m
[32m[Nest] 32608  - [39m2026. 03. 24. 오전 2:18:20 [32m    LOG[39m [38;5;3m[CustomerOrdersService] [39m[32mFetched 0 orders[39m
[32m[Nest] 32608  - [39m2026. 03. 24. 오전 2:18:20 [32m    LOG[39m [38;5;3m[HTTP] [39m[32mGET /customer/orders?page=1&limit=1&dateStart=2026-03-24&dateEnd=2026-03-24&status=READY - 509ms[39m
[32m[Nest] 32608  - [39m2026. 03. 24. 오전 2:18:20 [32m    LOG[39m [38;5;3m[CustomerOrdersService] [39m[32mFetched 0 orders[39m
[32m[Nest] 32608  - [39m2026. 03. 24. 오전 2:18:20 [32m    LOG[39m [38;5;3m[HTTP] [39m[32mGET /customer/orders?page=1&limit=1&dateStart=2026-03-24&dateEnd=2026-03-24&status=PREPARING - 542ms[39m
[32m[Nest] 32608  - [39m2026. 03. 24. 오전 2:18:20 [32m    LOG[39m [38;5;3m[CustomerOrdersService] [39m[32mFetched 0 orders[39m
[32m[Nest] 32608  - [39m2026. 03. 24. 오전 2:18:20 [32m    LOG[39m [38;5;3m[HTTP] [39m[32mGET /customer/orders?page=1&limit=1&dateStart=2026-03-24&dateEnd=2026-03-24&status=COMPLETED - 553ms[39m
[32m[Nest] 32608  - [39m2026. 03. 24. 오전 2:18:20 [32m    LOG[39m [38;5;3m[CustomerOrdersService] [39m[32mFetched 0 orders[39m
[32m[Nest] 32608  - [39m2026. 03. 24. 오전 2:18:20 [32m    LOG[39m [38;5;3m[HTTP] [39m[32mGET /customer/orders?page=1&limit=1&dateStart=2026-03-24&dateEnd=2026-03-24&status=CANCELLED - 512ms[39m
[33m[Nest] 32608  - [39m2026. 03. 24. 오전 2:18:20 [33m   WARN[39m [38;5;3m[CustomerOrdersService] [39m[33mFailed to load order payment methods for customer orders: column orders.payment_method does not exist[39m
[32m[Nest] 32608  - [39m2026. 03. 24. 오전 2:18:20 [32m    LOG[39m [38;5;3m[CustomerOrdersService] [39m[32mFetched 0 orders[39m
[32m[Nest] 32608  - [39m2026. 03. 24. 오전 2:18:20 [32m    LOG[39m [38;5;3m[HTTP] [39m[32mGET /customer/orders?page=1&limit=1&dateStart=2026-03-24&dateEnd=2026-03-24&status=REFUNDED - 508ms[39m
[32m[Nest] 32608  - [39m2026. 03. 24. 오전 2:18:21 [32m    LOG[39m [38;5;3m[CustomerOrdersService] [39m[32mFetched 1 orders[39m
[32m[Nest] 32608  - [39m2026. 03. 24. 오전 2:18:21 [32m    LOG[39m [38;5;3m[HTTP] [39m[32mGET /customer/orders?page=1&limit=1&dateStart=2026-03-24&dateEnd=2026-03-24&status=CREATED - 1528ms[39m
[32m[Nest] 32608  - [39m2026. 03. 24. 오전 2:18:28 [32m    LOG[39m [38;5;3m[CustomerOrdersController] [39m[32mUser d26831b8-20ef-4b10-8a1c-737a83d9b21f fetching orders (all branches)[39m
[32m[Nest] 32608  - [39m2026. 03. 24. 오전 2:18:28 [32m    LOG[39m [38;5;3m[CustomerOrdersService] [39m[32mFetching orders (all branches) by user d26831b8-20ef-4b10-8a1c-737a83d9b21f[39m
[32m[Nest] 32608  - [39m2026. 03. 24. 오전 2:18:28 [32m    LOG[39m [38;5;3m[CustomerOrdersController] [39m[32mUser d26831b8-20ef-4b10-8a1c-737a83d9b21f fetching orders (all branches)[39m
[32m[Nest] 32608  - [39m2026. 03. 24. 오전 2:18:28 [32m    LOG[39m [38;5;3m[CustomerOrdersService] [39m[32mFetching orders (all branches) by user d26831b8-20ef-4b10-8a1c-737a83d9b21f[39m
[33m[Nest] 32608  - [39m2026. 03. 24. 오전 2:18:29 [33m   WARN[39m [38;5;3m[CustomerOrdersService] [39m[33mFailed to load order payment methods for customer orders: column orders.payment_method does not exist[39m
[33m[Nest] 32608  - [39m2026. 03. 24. 오전 2:18:29 [33m   WARN[39m [38;5;3m[CustomerOrdersService] [39m[33mFailed to load order payment methods for customer orders: column orders.payment_method does not exist[39m
[32m[Nest] 32608  - [39m2026. 03. 24. 오전 2:18:29 [32m    LOG[39m [38;5;3m[CustomerOrdersService] [39m[32mFetched 8 orders[39m
[32m[Nest] 32608  - [39m2026. 03. 24. 오전 2:18:29 [32m    LOG[39m [38;5;3m[HTTP] [39m[32mGET /customer/orders?page=1&limit=20&dateStart=2026-03-24&dateEnd=2026-03-24 - 1615ms[39m
[32m[Nest] 32608  - [39m2026. 03. 24. 오전 2:18:29 [32m    LOG[39m [38;5;3m[CustomerOrdersService] [39m[32mFetched 1 orders[39m
[32m[Nest] 32608  - [39m2026. 03. 24. 오전 2:18:29 [32m    LOG[39m [38;5;3m[HTTP] [39m[32mGET /customer/orders?page=1&limit=1&dateStart=2026-03-24&dateEnd=2026-03-24 - 1628ms[39m
[32m[Nest] 32608  - [39m2026. 03. 24. 오전 2:18:29 [32m    LOG[39m [38;5;3m[CustomerOrdersController] [39m[32mUser d26831b8-20ef-4b10-8a1c-737a83d9b21f fetching orders (all branches)[39m
[32m[Nest] 32608  - [39m2026. 03. 24. 오전 2:18:29 [32m    LOG[39m [38;5;3m[CustomerOrdersService] [39m[32mFetching orders (all branches) by user d26831b8-20ef-4b10-8a1c-737a83d9b21f[39m
[32m[Nest] 32608  - [39m2026. 03. 24. 오전 2:18:29 [32m    LOG[39m [38;5;3m[CustomerOrdersController] [39m[32mUser d26831b8-20ef-4b10-8a1c-737a83d9b21f fetching orders (all branches)[39m
[32m[Nest] 32608  - [39m2026. 03. 24. 오전 2:18:29 [32m    LOG[39m [38;5;3m[CustomerOrdersService] [39m[32mFetching orders (all branches) by user d26831b8-20ef-4b10-8a1c-737a83d9b21f[39m
[32m[Nest] 32608  - [39m2026. 03. 24. 오전 2:18:29 [32m    LOG[39m [38;5;3m[CustomerOrdersController] [39m[32mUser d26831b8-20ef-4b10-8a1c-737a83d9b21f fetching orders (all branches)[39m
[32m[Nest] 32608  - [39m2026. 03. 24. 오전 2:18:29 [32m    LOG[39m [38;5;3m[CustomerOrdersService] [39m[32mFetching orders (all branches) by user d26831b8-20ef-4b10-8a1c-737a83d9b21f[39m
[32m[Nest] 32608  - [39m2026. 03. 24. 오전 2:18:29 [32m    LOG[39m [38;5;3m[CustomerOrdersController] [39m[32mUser d26831b8-20ef-4b10-8a1c-737a83d9b21f fetching orders (all branches)[39m
[32m[Nest] 32608  - [39m2026. 03. 24. 오전 2:18:29 [32m    LOG[39m [38;5;3m[CustomerOrdersService] [39m[32mFetching orders (all branches) by user d26831b8-20ef-4b10-8a1c-737a83d9b21f[39m
[32m[Nest] 32608  - [39m2026. 03. 24. 오전 2:18:30 [32m    LOG[39m [38;5;3m[CustomerOrdersController] [39m[32mUser d26831b8-20ef-4b10-8a1c-737a83d9b21f fetching orders (all branches)[39m
[32m[Nest] 32608  - [39m2026. 03. 24. 오전 2:18:30 [32m    LOG[39m [38;5;3m[CustomerOrdersService] [39m[32mFetching orders (all branches) by user d26831b8-20ef-4b10-8a1c-737a83d9b21f[39m
[32m[Nest] 32608  - [39m2026. 03. 24. 오전 2:18:30 [32m    LOG[39m [38;5;3m[CustomerOrdersController] [39m[32mUser d26831b8-20ef-4b10-8a1c-737a83d9b21f fetching orders (all branches)[39m
[32m[Nest] 32608  - [39m2026. 03. 24. 오전 2:18:30 [32m    LOG[39m [38;5;3m[CustomerOrdersService] [39m[32mFetching orders (all branches) by user d26831b8-20ef-4b10-8a1c-737a83d9b21f[39m
[32m[Nest] 32608  - [39m2026. 03. 24. 오전 2:18:30 [32m    LOG[39m [38;5;3m[CustomerOrdersService] [39m[32mFetched 0 orders[39m
[32m[Nest] 32608  - [39m2026. 03. 24. 오전 2:18:30 [32m    LOG[39m [38;5;3m[HTTP] [39m[32mGET /customer/orders?page=1&limit=1&dateStart=2026-03-24&dateEnd=2026-03-24&status=CONFIRMED - 528ms[39m
[32m[Nest] 32608  - [39m2026. 03. 24. 오전 2:18:30 [32m    LOG[39m [38;5;3m[CustomerOrdersService] [39m[32mFetched 0 orders[39m
[32m[Nest] 32608  - [39m2026. 03. 24. 오전 2:18:30 [32m    LOG[39m [38;5;3m[HTTP] [39m[32mGET /customer/orders?page=1&limit=1&dateStart=2026-03-24&dateEnd=2026-03-24&status=PREPARING - 530ms[39m
[32m[Nest] 32608  - [39m2026. 03. 24. 오전 2:18:30 [32m    LOG[39m [38;5;3m[CustomerOrdersService] [39m[32mFetched 0 orders[39m
[32m[Nest] 32608  - [39m2026. 03. 24. 오전 2:18:30 [32m    LOG[39m [38;5;3m[HTTP] [39m[32mGET /customer/orders?page=1&limit=1&dateStart=2026-03-24&dateEnd=2026-03-24&status=READY - 577ms[39m
[32m[Nest] 32608  - [39m2026. 03. 24. 오전 2:18:30 [32m    LOG[39m [38;5;3m[CustomerOrdersService] [39m[32mFetched 0 orders[39m
[32m[Nest] 32608  - [39m2026. 03. 24. 오전 2:18:30 [32m    LOG[39m [38;5;3m[HTTP] [39m[32mGET /customer/orders?page=1&limit=1&dateStart=2026-03-24&dateEnd=2026-03-24&status=COMPLETED - 622ms[39m
[32m[Nest] 32608  - [39m2026. 03. 24. 오전 2:18:30 [32m    LOG[39m [38;5;3m[CustomerOrdersService] [39m[32mFetched 0 orders[39m
[32m[Nest] 32608  - [39m2026. 03. 24. 오전 2:18:30 [32m    LOG[39m [38;5;3m[HTTP] [39m[32mGET /customer/orders?page=1&limit=1&dateStart=2026-03-24&dateEnd=2026-03-24&status=REFUNDED - 638ms[39m
[33m[Nest] 32608  - [39m2026. 03. 24. 오전 2:18:30 [33m   WARN[39m [38;5;3m[CustomerOrdersService] [39m[33mFailed to load order payment methods for customer orders: column orders.payment_method does not exist[39m
[32m[Nest] 32608  - [39m2026. 03. 24. 오전 2:18:31 [32m    LOG[39m [38;5;3m[CustomerOrdersService] [39m[32mFetched 1 orders[39m
[32m[Nest] 32608  - [39m2026. 03. 24. 오전 2:18:31 [32m    LOG[39m [38;5;3m[HTTP] [39m[32mGET /customer/orders?page=1&limit=1&dateStart=2026-03-24&dateEnd=2026-03-24&status=CREATED - 1521ms[39m
[32m[Nest] 32608  - [39m2026. 03. 24. 오전 2:18:38 [32m    LOG[39m [38;5;3m[CustomerGuard] [39m[32mCustomerGuard: User d26831b8-20ef-4b10-8a1c-737a83d9b21f authorized with 1 brand(s) and 0 branch(es)[39m
[32m[Nest] 32608  - [39m2026. 03. 24. 오전 2:18:38 [32m    LOG[39m [38;5;3m[CustomerOrdersController] [39m[32mUser d26831b8-20ef-4b10-8a1c-737a83d9b21f fetching orders (all branches)[39m
[32m[Nest] 32608  - [39m2026. 03. 24. 오전 2:18:38 [32m    LOG[39m [38;5;3m[CustomerOrdersService] [39m[32mFetching orders (all branches) by user d26831b8-20ef-4b10-8a1c-737a83d9b21f[39m
[32m[Nest] 32608  - [39m2026. 03. 24. 오전 2:18:38 [32m    LOG[39m [38;5;3m[CustomerGuard] [39m[32mCustomerGuard: User d26831b8-20ef-4b10-8a1c-737a83d9b21f authorized with 1 brand(s) and 0 branch(es)[39m
[32m[Nest] 32608  - [39m2026. 03. 24. 오전 2:18:38 [32m    LOG[39m [38;5;3m[CustomerOrdersController] [39m[32mUser d26831b8-20ef-4b10-8a1c-737a83d9b21f fetching orders (all branches)[39m
[32m[Nest] 32608  - [39m2026. 03. 24. 오전 2:18:38 [32m    LOG[39m [38;5;3m[CustomerOrdersService] [39m[32mFetching orders (all branches) by user d26831b8-20ef-4b10-8a1c-737a83d9b21f[39m
[33m[Nest] 32608  - [39m2026. 03. 24. 오전 2:18:39 [33m   WARN[39m [38;5;3m[CustomerOrdersService] [39m[33mFailed to load order payment methods for customer orders: column orders.payment_method does not exist[39m
[33m[Nest] 32608  - [39m2026. 03. 24. 오전 2:18:39 [33m   WARN[39m [38;5;3m[CustomerOrdersService] [39m[33mFailed to load order payment methods for customer orders: column orders.payment_method does not exist[39m
[32m[Nest] 32608  - [39m2026. 03. 24. 오전 2:18:40 [32m    LOG[39m [38;5;3m[CustomerOrdersService] [39m[32mFetched 1 orders[39m
[32m[Nest] 32608  - [39m2026. 03. 24. 오전 2:18:40 [32m    LOG[39m [38;5;3m[HTTP] [39m[32mGET /customer/orders?page=1&limit=1&dateStart=2026-03-24&dateEnd=2026-03-24 - 1533ms[39m
[32m[Nest] 32608  - [39m2026. 03. 24. 오전 2:18:40 [32m    LOG[39m [38;5;3m[CustomerOrdersController] [39m[32mUser d26831b8-20ef-4b10-8a1c-737a83d9b21f fetching orders (all branches)[39m
[32m[Nest] 32608  - [39m2026. 03. 24. 오전 2:18:40 [32m    LOG[39m [38;5;3m[CustomerOrdersService] [39m[32mFetching orders (all branches) by user d26831b8-20ef-4b10-8a1c-737a83d9b21f[39m
[32m[Nest] 32608  - [39m2026. 03. 24. 오전 2:18:40 [32m    LOG[39m [38;5;3m[CustomerOrdersController] [39m[32mUser d26831b8-20ef-4b10-8a1c-737a83d9b21f fetching orders (all branches)[39m
[32m[Nest] 32608  - [39m2026. 03. 24. 오전 2:18:40 [32m    LOG[39m [38;5;3m[CustomerOrdersService] [39m[32mFetching orders (all branches) by user d26831b8-20ef-4b10-8a1c-737a83d9b21f[39m
[32m[Nest] 32608  - [39m2026. 03. 24. 오전 2:18:40 [32m    LOG[39m [38;5;3m[CustomerOrdersController] [39m[32mUser d26831b8-20ef-4b10-8a1c-737a83d9b21f fetching orders (all branches)[39m
[32m[Nest] 32608  - [39m2026. 03. 24. 오전 2:18:40 [32m    LOG[39m [38;5;3m[CustomerOrdersService] [39m[32mFetching orders (all branches) by user d26831b8-20ef-4b10-8a1c-737a83d9b21f[39m
[32m[Nest] 32608  - [39m2026. 03. 24. 오전 2:18:40 [32m    LOG[39m [38;5;3m[CustomerOrdersController] [39m[32mUser d26831b8-20ef-4b10-8a1c-737a83d9b21f fetching orders (all branches)[39m
[32m[Nest] 32608  - [39m2026. 03. 24. 오전 2:18:40 [32m    LOG[39m [38;5;3m[CustomerOrdersService] [39m[32mFetching orders (all branches) by user d26831b8-20ef-4b10-8a1c-737a83d9b21f[39m
[32m[Nest] 32608  - [39m2026. 03. 24. 오전 2:18:40 [32m    LOG[39m [38;5;3m[CustomerOrdersController] [39m[32mUser d26831b8-20ef-4b10-8a1c-737a83d9b21f fetching orders (all branches)[39m
[32m[Nest] 32608  - [39m2026. 03. 24. 오전 2:18:40 [32m    LOG[39m [38;5;3m[CustomerOrdersService] [39m[32mFetching orders (all branches) by user d26831b8-20ef-4b10-8a1c-737a83d9b21f[39m
[32m[Nest] 32608  - [39m2026. 03. 24. 오전 2:18:40 [32m    LOG[39m [38;5;3m[CustomerOrdersService] [39m[32mFetched 8 orders[39m
[32m[Nest] 32608  - [39m2026. 03. 24. 오전 2:18:40 [32m    LOG[39m [38;5;3m[HTTP] [39m[32mGET /customer/orders?page=1&limit=20&dateStart=2026-03-24&dateEnd=2026-03-24 - 1534ms[39m
[32m[Nest] 32608  - [39m2026. 03. 24. 오전 2:18:40 [32m    LOG[39m [38;5;3m[CustomerOrdersController] [39m[32mUser d26831b8-20ef-4b10-8a1c-737a83d9b21f fetching orders (all branches)[39m
[32m[Nest] 32608  - [39m2026. 03. 24. 오전 2:18:40 [32m    LOG[39m [38;5;3m[CustomerOrdersService] [39m[32mFetching orders (all branches) by user d26831b8-20ef-4b10-8a1c-737a83d9b21f[39m
[32m[Nest] 32608  - [39m2026. 03. 24. 오전 2:18:40 [32m    LOG[39m [38;5;3m[CustomerOrdersService] [39m[32mFetched 0 orders[39m
[32m[Nest] 32608  - [39m2026. 03. 24. 오전 2:18:40 [32m    LOG[39m [38;5;3m[HTTP] [39m[32mGET /customer/orders?page=1&limit=1&dateStart=2026-03-24&dateEnd=2026-03-24&status=PREPARING - 652ms[39m
[32m[Nest] 32608  - [39m2026. 03. 24. 오전 2:18:40 [32m    LOG[39m [38;5;3m[CustomerOrdersController] [39m[32mUser d26831b8-20ef-4b10-8a1c-737a83d9b21f fetching orders (all branches)[39m
[32m[Nest] 32608  - [39m2026. 03. 24. 오전 2:18:40 [32m    LOG[39m [38;5;3m[CustomerOrdersService] [39m[32mFetching orders (all branches) by user d26831b8-20ef-4b10-8a1c-737a83d9b21f[39m
[32m[Nest] 32608  - [39m2026. 03. 24. 오전 2:18:40 [32m    LOG[39m [38;5;3m[CustomerOrdersService] [39m[32mFetched 0 orders[39m
[32m[Nest] 32608  - [39m2026. 03. 24. 오전 2:18:40 [32m    LOG[39m [38;5;3m[HTTP] [39m[32mGET /customer/orders?page=1&limit=1&dateStart=2026-03-24&dateEnd=2026-03-24&status=CONFIRMED - 679ms[39m
[32m[Nest] 32608  - [39m2026. 03. 24. 오전 2:18:40 [32m    LOG[39m [38;5;3m[CustomerOrdersService] [39m[32mFetched 0 orders[39m
[32m[Nest] 32608  - [39m2026. 03. 24. 오전 2:18:40 [32m    LOG[39m [38;5;3m[HTTP] [39m[32mGET /customer/orders?page=1&limit=1&dateStart=2026-03-24&dateEnd=2026-03-24&status=COMPLETED - 673ms[39m
[32m[Nest] 32608  - [39m2026. 03. 24. 오전 2:18:40 [32m    LOG[39m [38;5;3m[CustomerOrdersService] [39m[32mFetched 0 orders[39m
[32m[Nest] 32608  - [39m2026. 03. 24. 오전 2:18:40 [32m    LOG[39m [38;5;3m[HTTP] [39m[32mGET /customer/orders?page=1&limit=1&dateStart=2026-03-24&dateEnd=2026-03-24&status=READY - 684ms[39m
[32m[Nest] 32608  - [39m2026. 03. 24. 오전 2:18:40 [32m    LOG[39m [38;5;3m[CustomerOrdersService] [39m[32mFetched 0 orders[39m
[32m[Nest] 32608  - [39m2026. 03. 24. 오전 2:18:40 [32m    LOG[39m [38;5;3m[HTTP] [39m[32mGET /customer/orders?page=1&limit=1&dateStart=2026-03-24&dateEnd=2026-03-24&status=REFUNDED - 675ms[39m
[32m[Nest] 32608  - [39m2026. 03. 24. 오전 2:18:41 [32m    LOG[39m [38;5;3m[CustomerOrdersService] [39m[32mFetched 0 orders[39m
[32m[Nest] 32608  - [39m2026. 03. 24. 오전 2:18:41 [32m    LOG[39m [38;5;3m[HTTP] [39m[32mGET /customer/orders?page=1&limit=1&dateStart=2026-03-24&dateEnd=2026-03-24&status=CANCELLED - 515ms[39m
[33m[Nest] 32608  - [39m2026. 03. 24. 오전 2:18:41 [33m   WARN[39m [38;5;3m[CustomerOrdersService] [39m[33mFailed to load order payment methods for customer orders: column orders.payment_method does not exist[39m
[32m[Nest] 32608  - [39m2026. 03. 24. 오전 2:18:41 [32m    LOG[39m [38;5;3m[CustomerOrdersService] [39m[32mFetched 1 orders[39m
[32m[Nest] 32608  - [39m2026. 03. 24. 오전 2:18:41 [32m    LOG[39m [38;5;3m[HTTP] [39m[32mGET /customer/orders?page=1&limit=1&dateStart=2026-03-24&dateEnd=2026-03-24&status=CREATED - 1697ms[39m
[32m[Nest] 32608  - [39m2026. 03. 24. 오전 2:18:43 [32m    LOG[39m [38;5;3m[CustomerBranchesController] [39m[32mUser d26831b8-20ef-4b10-8a1c-737a83d9b21f fetching branches (all)[39m
[32m[Nest] 32608  - [39m2026. 03. 24. 오전 2:18:43 [32m    LOG[39m [38;5;3m[CustomerBranchesService] [39m[32mFetching all accessible branches for user d26831b8-20ef-4b10-8a1c-737a83d9b21f[39m
[32m[Nest] 32608  - [39m2026. 03. 24. 오전 2:18:43 [32m    LOG[39m [38;5;3m[CustomerOrdersController] [39m[32mUser d26831b8-20ef-4b10-8a1c-737a83d9b21f fetching orders (all branches)[39m
[32m[Nest] 32608  - [39m2026. 03. 24. 오전 2:18:43 [32m    LOG[39m [38;5;3m[CustomerOrdersService] [39m[32mFetching orders (all branches) by user d26831b8-20ef-4b10-8a1c-737a83d9b21f[39m
[32m[Nest] 32608  - [39m2026. 03. 24. 오전 2:18:43 [32m    LOG[39m [38;5;3m[CustomerOrdersController] [39m[32mUser d26831b8-20ef-4b10-8a1c-737a83d9b21f fetching orders (all branches)[39m
[32m[Nest] 32608  - [39m2026. 03. 24. 오전 2:18:43 [32m    LOG[39m [38;5;3m[CustomerOrdersService] [39m[32mFetching orders (all branches) by user d26831b8-20ef-4b10-8a1c-737a83d9b21f[39m
[32m[Nest] 32608  - [39m2026. 03. 24. 오전 2:18:43 [32m    LOG[39m [38;5;3m[CustomerBranchesService] [39m[32mFetched 3 accessible branches for user d26831b8-20ef-4b10-8a1c-737a83d9b21f[39m
[32m[Nest] 32608  - [39m2026. 03. 24. 오전 2:18:43 [32m    LOG[39m [38;5;3m[HTTP] [39m[32mGET /customer/branches - 172ms[39m
[32m[Nest] 32608  - [39m2026. 03. 24. 오전 2:18:43 [32m    LOG[39m [38;5;3m[CustomerGuard] [39m[32mCustomerGuard: User d26831b8-20ef-4b10-8a1c-737a83d9b21f authorized with 1 brand(s) and 0 branch(es)[39m
[32m[Nest] 32608  - [39m2026. 03. 24. 오전 2:18:43 [32m    LOG[39m [38;5;3m[InventoryController] [39m[32mUser d26831b8-20ef-4b10-8a1c-737a83d9b21f fetching low stock alerts for all branches[39m
[32m[Nest] 32608  - [39m2026. 03. 24. 오전 2:18:43 [32m    LOG[39m [38;5;3m[InventoryService] [39m[32mFetching low stock alerts for all branches by user d26831b8-20ef-4b10-8a1c-737a83d9b21f[39m
[32m[Nest] 32608  - [39m2026. 03. 24. 오전 2:18:43 [32m    LOG[39m [38;5;3m[CustomerBrandsService] [39m[32mFetching brands for user: d26831b8-20ef-4b10-8a1c-737a83d9b21f[39m
[32m[Nest] 32608  - [39m2026. 03. 24. 오전 2:18:43 [32m    LOG[39m [38;5;3m[InventoryService] [39m[32mFound 6 low stock items for all branches[39m
[32m[Nest] 32608  - [39m2026. 03. 24. 오전 2:18:43 [32m    LOG[39m [38;5;3m[HTTP] [39m[32mGET /customer/inventory/alerts - 385ms[39m
[32m[Nest] 32608  - [39m2026. 03. 24. 오전 2:18:43 [32m    LOG[39m [38;5;3m[CustomerOrdersController] [39m[32mUser d26831b8-20ef-4b10-8a1c-737a83d9b21f fetching orders (all branches)[39m
[32m[Nest] 32608  - [39m2026. 03. 24. 오전 2:18:43 [32m    LOG[39m [38;5;3m[CustomerOrdersService] [39m[32mFetching orders (all branches) by user d26831b8-20ef-4b10-8a1c-737a83d9b21f[39m
[32m[Nest] 32608  - [39m2026. 03. 24. 오전 2:18:44 [32m    LOG[39m [38;5;3m[CustomerBrandsService] [39m[32mFetched 1 brands for user: d26831b8-20ef-4b10-8a1c-737a83d9b21f[39m
[32m[Nest] 32608  - [39m2026. 03. 24. 오전 2:18:44 [32m    LOG[39m [38;5;3m[HTTP] [39m[32mGET /customer/brands - 166ms[39m
[32m[Nest] 32608  - [39m2026. 03. 24. 오전 2:18:44 [32m    LOG[39m [38;5;3m[HTTP] [39m[32mGET /me - 209ms[39m
[33m[Nest] 32608  - [39m2026. 03. 24. 오전 2:18:44 [33m   WARN[39m [38;5;3m[CustomerOrdersService] [39m[33mFailed to load order payment methods for customer orders: column orders.payment_method does not exist[39m
[33m[Nest] 32608  - [39m2026. 03. 24. 오전 2:18:44 [33m   WARN[39m [38;5;3m[CustomerOrdersService] [39m[33mFailed to load order payment methods for customer orders: column orders.payment_method does not exist[39m
[32m[Nest] 32608  - [39m2026. 03. 24. 오전 2:18:44 [32m    LOG[39m [38;5;3m[CustomerOrdersService] [39m[32mFetched 8 orders[39m
[32m[Nest] 32608  - [39m2026. 03. 24. 오전 2:18:44 [32m    LOG[39m [38;5;3m[HTTP] [39m[32mGET /customer/orders?page=1&limit=20&dateStart=2026-03-24&dateEnd=2026-03-24 - 1481ms[39m
[32m[Nest] 32608  - [39m2026. 03. 24. 오전 2:18:44 [32m    LOG[39m [38;5;3m[CustomerOrdersService] [39m[32mFetched 1 orders[39m
[32m[Nest] 32608  - [39m2026. 03. 24. 오전 2:18:44 [32m    LOG[39m [38;5;3m[HTTP] [39m[32mGET /customer/orders?page=1&limit=1&dateStart=2026-03-24&dateEnd=2026-03-24 - 1558ms[39m
[32m[Nest] 32608  - [39m2026. 03. 24. 오전 2:18:44 [32m    LOG[39m [38;5;3m[CustomerOrdersController] [39m[32mUser d26831b8-20ef-4b10-8a1c-737a83d9b21f fetching orders (all branches)[39m
[32m[Nest] 32608  - [39m2026. 03. 24. 오전 2:18:44 [32m    LOG[39m [38;5;3m[CustomerOrdersService] [39m[32mFetching orders (all branches) by user d26831b8-20ef-4b10-8a1c-737a83d9b21f[39m
[32m[Nest] 32608  - [39m2026. 03. 24. 오전 2:18:44 [32m    LOG[39m [38;5;3m[CustomerOrdersController] [39m[32mUser d26831b8-20ef-4b10-8a1c-737a83d9b21f fetching orders (all branches)[39m
[32m[Nest] 32608  - [39m2026. 03. 24. 오전 2:18:44 [32m    LOG[39m [38;5;3m[CustomerOrdersService] [39m[32mFetching orders (all branches) by user d26831b8-20ef-4b10-8a1c-737a83d9b21f[39m
[32m[Nest] 32608  - [39m2026. 03. 24. 오전 2:18:44 [32m    LOG[39m [38;5;3m[CustomerOrdersController] [39m[32mUser d26831b8-20ef-4b10-8a1c-737a83d9b21f fetching orders (all branches)[39m
[32m[Nest] 32608  - [39m2026. 03. 24. 오전 2:18:44 [32m    LOG[39m [38;5;3m[CustomerOrdersService] [39m[32mFetching orders (all branches) by user d26831b8-20ef-4b10-8a1c-737a83d9b21f[39m
[32m[Nest] 32608  - [39m2026. 03. 24. 오전 2:18:44 [32m    LOG[39m [38;5;3m[CustomerOrdersController] [39m[32mUser d26831b8-20ef-4b10-8a1c-737a83d9b21f fetching orders (all branches)[39m
[32m[Nest] 32608  - [39m2026. 03. 24. 오전 2:18:44 [32m    LOG[39m [38;5;3m[CustomerOrdersService] [39m[32mFetching orders (all branches) by user d26831b8-20ef-4b10-8a1c-737a83d9b21f[39m
[32m[Nest] 32608  - [39m2026. 03. 24. 오전 2:18:44 [32m    LOG[39m [38;5;3m[CustomerOrdersController] [39m[32mUser d26831b8-20ef-4b10-8a1c-737a83d9b21f fetching orders (all branches)[39m
[32m[Nest] 32608  - [39m2026. 03. 24. 오전 2:18:44 [32m    LOG[39m [38;5;3m[CustomerOrdersService] [39m[32mFetching orders (all branches) by user d26831b8-20ef-4b10-8a1c-737a83d9b21f[39m
[33m[Nest] 32608  - [39m2026. 03. 24. 오전 2:18:44 [33m   WARN[39m [38;5;3m[CustomerOrdersService] [39m[33mFailed to load order payment methods for customer orders: column orders.payment_method does not exist[39m
[32m[Nest] 32608  - [39m2026. 03. 24. 오전 2:18:45 [32m    LOG[39m [38;5;3m[CustomerOrdersService] [39m[32mFetched 0 orders[39m
[32m[Nest] 32608  - [39m2026. 03. 24. 오전 2:18:45 [32m    LOG[39m [38;5;3m[HTTP] [39m[32mGET /customer/orders?page=1&limit=1&dateStart=2026-03-24&dateEnd=2026-03-24&status=READY - 519ms[39m
[32m[Nest] 32608  - [39m2026. 03. 24. 오전 2:18:45 [32m    LOG[39m [38;5;3m[CustomerOrdersService] [39m[32mFetched 0 orders[39m
[32m[Nest] 32608  - [39m2026. 03. 24. 오전 2:18:45 [32m    LOG[39m [38;5;3m[HTTP] [39m[32mGET /customer/orders?page=1&limit=1&dateStart=2026-03-24&dateEnd=2026-03-24&status=PREPARING - 527ms[39m
[32m[Nest] 32608  - [39m2026. 03. 24. 오전 2:18:45 [32m    LOG[39m [38;5;3m[CustomerOrdersService] [39m[32mFetched 0 orders[39m
[32m[Nest] 32608  - [39m2026. 03. 24. 오전 2:18:45 [32m    LOG[39m [38;5;3m[HTTP] [39m[32mGET /customer/orders?page=1&limit=1&dateStart=2026-03-24&dateEnd=2026-03-24&status=CONFIRMED - 536ms[39m
[32m[Nest] 32608  - [39m2026. 03. 24. 오전 2:18:45 [32m    LOG[39m [38;5;3m[CustomerOrdersController] [39m[32mUser d26831b8-20ef-4b10-8a1c-737a83d9b21f fetching orders (all branches)[39m
[32m[Nest] 32608  - [39m2026. 03. 24. 오전 2:18:45 [32m    LOG[39m [38;5;3m[CustomerOrdersService] [39m[32mFetching orders (all branches) by user d26831b8-20ef-4b10-8a1c-737a83d9b21f[39m
[32m[Nest] 32608  - [39m2026. 03. 24. 오전 2:18:45 [32m    LOG[39m [38;5;3m[CustomerOrdersController] [39m[32mUser d26831b8-20ef-4b10-8a1c-737a83d9b21f fetching orders (all branches)[39m
[32m[Nest] 32608  - [39m2026. 03. 24. 오전 2:18:45 [32m    LOG[39m [38;5;3m[CustomerOrdersService] [39m[32mFetching orders (all branches) by user d26831b8-20ef-4b10-8a1c-737a83d9b21f[39m
[32m[Nest] 32608  - [39m2026. 03. 24. 오전 2:18:45 [32m    LOG[39m [38;5;3m[CustomerOrdersService] [39m[32mFetched 0 orders[39m
[32m[Nest] 32608  - [39m2026. 03. 24. 오전 2:18:45 [32m    LOG[39m [38;5;3m[HTTP] [39m[32mGET /customer/orders?page=1&limit=1&dateStart=2026-03-24&dateEnd=2026-03-24&status=COMPLETED - 539ms[39m
[32m[Nest] 32608  - [39m2026. 03. 24. 오전 2:18:45 [32m    LOG[39m [38;5;3m[CustomerOrdersService] [39m[32mFetched 12 orders[39m
[32m[Nest] 32608  - [39m2026. 03. 24. 오전 2:18:45 [32m    LOG[39m [38;5;3m[HTTP] [39m[32mGET /customer/orders?page=1&limit=20 - 1574ms[39m
[33m[Nest] 32608  - [39m2026. 03. 24. 오전 2:18:45 [33m   WARN[39m [38;5;3m[CustomerOrdersService] [39m[33mFailed to load order payment methods for customer orders: column orders.payment_method does not exist[39m
[32m[Nest] 32608  - [39m2026. 03. 24. 오전 2:18:45 [32m    LOG[39m [38;5;3m[CustomerOrdersService] [39m[32mFetched 0 orders[39m
[32m[Nest] 32608  - [39m2026. 03. 24. 오전 2:18:45 [32m    LOG[39m [38;5;3m[HTTP] [39m[32mGET /customer/orders?page=1&limit=1&dateStart=2026-03-24&dateEnd=2026-03-24&status=REFUNDED - 503ms[39m
[32m[Nest] 32608  - [39m2026. 03. 24. 오전 2:18:45 [32m    LOG[39m [38;5;3m[CustomerOrdersService] [39m[32mFetched 0 orders[39m
[32m[Nest] 32608  - [39m2026. 03. 24. 오전 2:18:45 [32m    LOG[39m [38;5;3m[HTTP] [39m[32mGET /customer/orders?page=1&limit=1&dateStart=2026-03-24&dateEnd=2026-03-24&status=CANCELLED - 535ms[39m
[32m[Nest] 32608  - [39m2026. 03. 24. 오전 2:18:46 [32m    LOG[39m [38;5;3m[CustomerOrdersService] [39m[32mFetched 1 orders[39m
[32m[Nest] 32608  - [39m2026. 03. 24. 오전 2:18:46 [32m    LOG[39m [38;5;3m[HTTP] [39m[32mGET /customer/orders?page=1&limit=1&dateStart=2026-03-24&dateEnd=2026-03-24&status=CREATED - 1513ms[39m
[32m[Nest] 32608  - [39m2026. 03. 24. 오전 2:18:47 [32m    LOG[39m [38;5;3m[CustomerOrdersController] [39m[32mUser d26831b8-20ef-4b10-8a1c-737a83d9b21f fetching order eb47f08e-34bc-4a5c-b3f3-1748bcf6d26e[39m
[32m[Nest] 32608  - [39m2026. 03. 24. 오전 2:18:47 [32m    LOG[39m [38;5;3m[CustomerOrdersService] [39m[32mFetching order eb47f08e-34bc-4a5c-b3f3-1748bcf6d26e by user d26831b8-20ef-4b10-8a1c-737a83d9b21f[39m
[33m[Nest] 32608  - [39m2026. 03. 24. 오전 2:18:48 [33m   WARN[39m [38;5;3m[CustomerOrdersService] [39m[33mFailed to load order payment methods for customer orders: column orders.payment_method does not exist[39m
[32m[Nest] 32608  - [39m2026. 03. 24. 오전 2:18:48 [32m    LOG[39m [38;5;3m[HTTP] [39m[32mGET /customer/orders/eb47f08e-34bc-4a5c-b3f3-1748bcf6d26e - 1158ms[39m
[32m[Nest] 32608  - [39m2026. 03. 24. 오전 2:18:52 [32m    LOG[39m [38;5;3m[CustomerOrdersController] [39m[32mUser d26831b8-20ef-4b10-8a1c-737a83d9b21f fetching orders (all branches)[39m
[32m[Nest] 32608  - [39m2026. 03. 24. 오전 2:18:52 [32m    LOG[39m [38;5;3m[CustomerOrdersService] [39m[32mFetching orders (all branches) by user d26831b8-20ef-4b10-8a1c-737a83d9b21f[39m
[32m[Nest] 32608  - [39m2026. 03. 24. 오전 2:18:52 [32m    LOG[39m [38;5;3m[CustomerOrdersController] [39m[32mUser d26831b8-20ef-4b10-8a1c-737a83d9b21f fetching orders (all branches)[39m
[32m[Nest] 32608  - [39m2026. 03. 24. 오전 2:18:52 [32m    LOG[39m [38;5;3m[CustomerOrdersService] [39m[32mFetching orders (all branches) by user d26831b8-20ef-4b10-8a1c-737a83d9b21f[39m
[32m[Nest] 32608  - [39m2026. 03. 24. 오전 2:18:52 [32m    LOG[39m [38;5;3m[CustomerGuard] [39m[32mCustomerGuard: User d26831b8-20ef-4b10-8a1c-737a83d9b21f authorized with 1 brand(s) and 0 branch(es)[39m
[32m[Nest] 32608  - [39m2026. 03. 24. 오전 2:18:52 [32m    LOG[39m [38;5;3m[CustomerBranchesController] [39m[32mUser d26831b8-20ef-4b10-8a1c-737a83d9b21f fetching branches (all)[39m
[32m[Nest] 32608  - [39m2026. 03. 24. 오전 2:18:52 [32m    LOG[39m [38;5;3m[CustomerBranchesService] [39m[32mFetching all accessible branches for user d26831b8-20ef-4b10-8a1c-737a83d9b21f[39m
[32m[Nest] 32608  - [39m2026. 03. 24. 오전 2:18:52 [32m    LOG[39m [38;5;3m[CustomerBranchesService] [39m[32mFetched 3 accessible branches for user d26831b8-20ef-4b10-8a1c-737a83d9b21f[39m
[32m[Nest] 32608  - [39m2026. 03. 24. 오전 2:18:52 [32m    LOG[39m [38;5;3m[HTTP] [39m[32mGET /customer/branches - 183ms[39m
[32m[Nest] 32608  - [39m2026. 03. 24. 오전 2:18:52 [32m    LOG[39m [38;5;3m[CustomerGuard] [39m[32mCustomerGuard: User d26831b8-20ef-4b10-8a1c-737a83d9b21f authorized with 1 brand(s) and 0 branch(es)[39m
[32m[Nest] 32608  - [39m2026. 03. 24. 오전 2:18:52 [32m    LOG[39m [38;5;3m[CustomerBrandsService] [39m[32mFetching brands for user: d26831b8-20ef-4b10-8a1c-737a83d9b21f[39m
[32m[Nest] 32608  - [39m2026. 03. 24. 오전 2:18:52 [32m    LOG[39m [38;5;3m[CustomerBrandsService] [39m[32mFetched 1 brands for user: d26831b8-20ef-4b10-8a1c-737a83d9b21f[39m
[32m[Nest] 32608  - [39m2026. 03. 24. 오전 2:18:52 [32m    LOG[39m [38;5;3m[HTTP] [39m[32mGET /customer/brands - 172ms[39m
[33m[Nest] 32608  - [39m2026. 03. 24. 오전 2:18:53 [33m   WARN[39m [38;5;3m[CustomerOrdersService] [39m[33mFailed to load order payment methods for customer orders: column orders.payment_method does not exist[39m
[33m[Nest] 32608  - [39m2026. 03. 24. 오전 2:18:53 [33m   WARN[39m [38;5;3m[CustomerOrdersService] [39m[33mFailed to load order payment methods for customer orders: column orders.payment_method does not exist[39m
[32m[Nest] 32608  - [39m2026. 03. 24. 오전 2:18:53 [32m    LOG[39m [38;5;3m[CustomerOrdersService] [39m[32mFetched 1 orders[39m
[32m[Nest] 32608  - [39m2026. 03. 24. 오전 2:18:53 [32m    LOG[39m [38;5;3m[HTTP] [39m[32mGET /customer/orders?page=1&limit=1&dateStart=2026-03-24&dateEnd=2026-03-24 - 1498ms[39m
[32m[Nest] 32608  - [39m2026. 03. 24. 오전 2:18:53 [32m    LOG[39m [38;5;3m[CustomerOrdersController] [39m[32mUser d26831b8-20ef-4b10-8a1c-737a83d9b21f fetching orders (all branches)[39m
[32m[Nest] 32608  - [39m2026. 03. 24. 오전 2:18:53 [32m    LOG[39m [38;5;3m[CustomerOrdersService] [39m[32mFetching orders (all branches) by user d26831b8-20ef-4b10-8a1c-737a83d9b21f[39m
[32m[Nest] 32608  - [39m2026. 03. 24. 오전 2:18:53 [32m    LOG[39m [38;5;3m[CustomerOrdersController] [39m[32mUser d26831b8-20ef-4b10-8a1c-737a83d9b21f fetching orders (all branches)[39m
[32m[Nest] 32608  - [39m2026. 03. 24. 오전 2:18:53 [32m    LOG[39m [38;5;3m[CustomerOrdersService] [39m[32mFetching orders (all branches) by user d26831b8-20ef-4b10-8a1c-737a83d9b21f[39m
[32m[Nest] 32608  - [39m2026. 03. 24. 오전 2:18:53 [32m    LOG[39m [38;5;3m[CustomerOrdersController] [39m[32mUser d26831b8-20ef-4b10-8a1c-737a83d9b21f fetching orders (all branches)[39m
[32m[Nest] 32608  - [39m2026. 03. 24. 오전 2:18:53 [32m    LOG[39m [38;5;3m[CustomerOrdersService] [39m[32mFetching orders (all branches) by user d26831b8-20ef-4b10-8a1c-737a83d9b21f[39m
[32m[Nest] 32608  - [39m2026. 03. 24. 오전 2:18:53 [32m    LOG[39m [38;5;3m[CustomerOrdersService] [39m[32mFetched 8 orders[39m
[32m[Nest] 32608  - [39m2026. 03. 24. 오전 2:18:53 [32m    LOG[39m [38;5;3m[HTTP] [39m[32mGET /customer/orders?page=1&limit=20&dateStart=2026-03-24&dateEnd=2026-03-24 - 1582ms[39m
[32m[Nest] 32608  - [39m2026. 03. 24. 오전 2:18:53 [32m    LOG[39m [38;5;3m[CustomerOrdersController] [39m[32mUser d26831b8-20ef-4b10-8a1c-737a83d9b21f fetching orders (all branches)[39m
[32m[Nest] 32608  - [39m2026. 03. 24. 오전 2:18:53 [32m    LOG[39m [38;5;3m[CustomerOrdersService] [39m[32mFetching orders (all branches) by user d26831b8-20ef-4b10-8a1c-737a83d9b21f[39m
[32m[Nest] 32608  - [39m2026. 03. 24. 오전 2:18:53 [32m    LOG[39m [38;5;3m[CustomerOrdersController] [39m[32mUser d26831b8-20ef-4b10-8a1c-737a83d9b21f fetching orders (all branches)[39m
[32m[Nest] 32608  - [39m2026. 03. 24. 오전 2:18:53 [32m    LOG[39m [38;5;3m[CustomerOrdersService] [39m[32mFetching orders (all branches) by user d26831b8-20ef-4b10-8a1c-737a83d9b21f[39m
[32m[Nest] 32608  - [39m2026. 03. 24. 오전 2:18:53 [32m    LOG[39m [38;5;3m[CustomerOrdersController] [39m[32mUser d26831b8-20ef-4b10-8a1c-737a83d9b21f fetching orders (all branches)[39m
[32m[Nest] 32608  - [39m2026. 03. 24. 오전 2:18:53 [32m    LOG[39m [38;5;3m[CustomerOrdersService] [39m[32mFetching orders (all branches) by user d26831b8-20ef-4b10-8a1c-737a83d9b21f[39m
[32m[Nest] 32608  - [39m2026. 03. 24. 오전 2:18:54 [32m    LOG[39m [38;5;3m[CustomerOrdersService] [39m[32mFetched 0 orders[39m
[32m[Nest] 32608  - [39m2026. 03. 24. 오전 2:18:54 [32m    LOG[39m [38;5;3m[HTTP] [39m[32mGET /customer/orders?page=1&limit=1&dateStart=2026-03-24&dateEnd=2026-03-24&status=CONFIRMED - 550ms[39m
[32m[Nest] 32608  - [39m2026. 03. 24. 오전 2:18:54 [32m    LOG[39m [38;5;3m[CustomerOrdersController] [39m[32mUser d26831b8-20ef-4b10-8a1c-737a83d9b21f fetching orders (all branches)[39m
[32m[Nest] 32608  - [39m2026. 03. 24. 오전 2:18:54 [32m    LOG[39m [38;5;3m[CustomerOrdersService] [39m[32mFetching orders (all branches) by user d26831b8-20ef-4b10-8a1c-737a83d9b21f[39m
[32m[Nest] 32608  - [39m2026. 03. 24. 오전 2:18:54 [32m    LOG[39m [38;5;3m[CustomerOrdersService] [39m[32mFetched 0 orders[39m
[32m[Nest] 32608  - [39m2026. 03. 24. 오전 2:18:54 [32m    LOG[39m [38;5;3m[HTTP] [39m[32mGET /customer/orders?page=1&limit=1&dateStart=2026-03-24&dateEnd=2026-03-24&status=READY - 575ms[39m
[32m[Nest] 32608  - [39m2026. 03. 24. 오전 2:18:54 [32m    LOG[39m [38;5;3m[CustomerOrdersService] [39m[32mFetched 0 orders[39m
[32m[Nest] 32608  - [39m2026. 03. 24. 오전 2:18:54 [32m    LOG[39m [38;5;3m[HTTP] [39m[32mGET /customer/orders?page=1&limit=1&dateStart=2026-03-24&dateEnd=2026-03-24&status=PREPARING - 607ms[39m
[32m[Nest] 32608  - [39m2026. 03. 24. 오전 2:18:54 [32m    LOG[39m [38;5;3m[CustomerOrdersService] [39m[32mFetched 0 orders[39m
[32m[Nest] 32608  - [39m2026. 03. 24. 오전 2:18:54 [32m    LOG[39m [38;5;3m[HTTP] [39m[32mGET /customer/orders?page=1&limit=1&dateStart=2026-03-24&dateEnd=2026-03-24&status=CANCELLED - 570ms[39m
[32m[Nest] 32608  - [39m2026. 03. 24. 오전 2:18:54 [32m    LOG[39m [38;5;3m[CustomerOrdersService] [39m[32mFetched 0 orders[39m
[32m[Nest] 32608  - [39m2026. 03. 24. 오전 2:18:54 [32m    LOG[39m [38;5;3m[HTTP] [39m[32mGET /customer/orders?page=1&limit=1&dateStart=2026-03-24&dateEnd=2026-03-24&status=COMPLETED - 578ms[39m
[33m[Nest] 32608  - [39m2026. 03. 24. 오전 2:18:54 [33m   WARN[39m [38;5;3m[CustomerOrdersService] [39m[33mFailed to load order payment methods for customer orders: column orders.payment_method does not exist[39m
[32m[Nest] 32608  - [39m2026. 03. 24. 오전 2:18:54 [32m    LOG[39m [38;5;3m[CustomerOrdersService] [39m[32mFetched 0 orders[39m
[32m[Nest] 32608  - [39m2026. 03. 24. 오전 2:18:54 [32m    LOG[39m [38;5;3m[HTTP] [39m[32mGET /customer/orders?page=1&limit=1&dateStart=2026-03-24&dateEnd=2026-03-24&status=REFUNDED - 501ms[39m
[32m[Nest] 32608  - [39m2026. 03. 24. 오전 2:18:55 [32m    LOG[39m [38;5;3m[CustomerOrdersService] [39m[32mFetched 1 orders[39m
[32m[Nest] 32608  - [39m2026. 03. 24. 오전 2:18:55 [32m    LOG[39m [38;5;3m[HTTP] [39m[32mGET /customer/orders?page=1&limit=1&dateStart=2026-03-24&dateEnd=2026-03-24&status=CREATED - 1564ms[39m
[32m[Nest] 32608  - [39m2026. 03. 24. 오전 2:19:02 [32m    LOG[39m [38;5;3m[CustomerOrdersController] [39m[32mUser d26831b8-20ef-4b10-8a1c-737a83d9b21f fetching orders (all branches)[39m
[32m[Nest] 32608  - [39m2026. 03. 24. 오전 2:19:02 [32m    LOG[39m [38;5;3m[CustomerOrdersService] [39m[32mFetching orders (all branches) by user d26831b8-20ef-4b10-8a1c-737a83d9b21f[39m
[32m[Nest] 32608  - [39m2026. 03. 24. 오전 2:19:02 [32m    LOG[39m [38;5;3m[CustomerOrdersController] [39m[32mUser d26831b8-20ef-4b10-8a1c-737a83d9b21f fetching orders (all branches)[39m
[32m[Nest] 32608  - [39m2026. 03. 24. 오전 2:19:02 [32m    LOG[39m [38;5;3m[CustomerOrdersService] [39m[32mFetching orders (all branches) by user d26831b8-20ef-4b10-8a1c-737a83d9b21f[39m
[33m[Nest] 32608  - [39m2026. 03. 24. 오전 2:19:03 [33m   WARN[39m [38;5;3m[CustomerOrdersService] [39m[33mFailed to load order payment methods for customer orders: column orders.payment_method does not exist[39m
[33m[Nest] 32608  - [39m2026. 03. 24. 오전 2:19:03 [33m   WARN[39m [38;5;3m[CustomerOrdersService] [39m[33mFailed to load order payment methods for customer orders: column orders.payment_method does not exist[39m
[32m[Nest] 32608  - [39m2026. 03. 24. 오전 2:19:03 [32m    LOG[39m [38;5;3m[CustomerOrdersService] [39m[32mFetched 8 orders[39m
[32m[Nest] 32608  - [39m2026. 03. 24. 오전 2:19:03 [32m    LOG[39m [38;5;3m[HTTP] [39m[32mGET /customer/orders?page=1&limit=20&dateStart=2026-03-24&dateEnd=2026-03-24 - 1622ms[39m
[32m[Nest] 32608  - [39m2026. 03. 24. 오전 2:19:03 [32m    LOG[39m [38;5;3m[CustomerOrdersService] [39m[32mFetched 1 orders[39m
[32m[Nest] 32608  - [39m2026. 03. 24. 오전 2:19:03 [32m    LOG[39m [38;5;3m[HTTP] [39m[32mGET /customer/orders?page=1&limit=1&dateStart=2026-03-24&dateEnd=2026-03-24 - 1864ms[39m
[32m[Nest] 32608  - [39m2026. 03. 24. 오전 2:19:03 [32m    LOG[39m [38;5;3m[CustomerOrdersController] [39m[32mUser d26831b8-20ef-4b10-8a1c-737a83d9b21f fetching orders (all branches)[39m
[32m[Nest] 32608  - [39m2026. 03. 24. 오전 2:19:03 [32m    LOG[39m [38;5;3m[CustomerOrdersService] [39m[32mFetching orders (all branches) by user d26831b8-20ef-4b10-8a1c-737a83d9b21f[39m
[32m[Nest] 32608  - [39m2026. 03. 24. 오전 2:19:03 [32m    LOG[39m [38;5;3m[CustomerOrdersController] [39m[32mUser d26831b8-20ef-4b10-8a1c-737a83d9b21f fetching orders (all branches)[39m
[32m[Nest] 32608  - [39m2026. 03. 24. 오전 2:19:03 [32m    LOG[39m [38;5;3m[CustomerOrdersService] [39m[32mFetching orders (all branches) by user d26831b8-20ef-4b10-8a1c-737a83d9b21f[39m
[32m[Nest] 32608  - [39m2026. 03. 24. 오전 2:19:03 [32m    LOG[39m [38;5;3m[CustomerOrdersController] [39m[32mUser d26831b8-20ef-4b10-8a1c-737a83d9b21f fetching orders (all branches)[39m
[32m[Nest] 32608  - [39m2026. 03. 24. 오전 2:19:03 [32m    LOG[39m [38;5;3m[CustomerOrdersService] [39m[32mFetching orders (all branches) by user d26831b8-20ef-4b10-8a1c-737a83d9b21f[39m
[32m[Nest] 32608  - [39m2026. 03. 24. 오전 2:19:03 [32m    LOG[39m [38;5;3m[CustomerOrdersController] [39m[32mUser d26831b8-20ef-4b10-8a1c-737a83d9b21f fetching orders (all branches)[39m
[32m[Nest] 32608  - [39m2026. 03. 24. 오전 2:19:03 [32m    LOG[39m [38;5;3m[CustomerOrdersService] [39m[32mFetching orders (all branches) by user d26831b8-20ef-4b10-8a1c-737a83d9b21f[39m
[32m[Nest] 32608  - [39m2026. 03. 24. 오전 2:19:03 [32m    LOG[39m [38;5;3m[CustomerOrdersController] [39m[32mUser d26831b8-20ef-4b10-8a1c-737a83d9b21f fetching orders (all branches)[39m
[32m[Nest] 32608  - [39m2026. 03. 24. 오전 2:19:03 [32m    LOG[39m [38;5;3m[CustomerOrdersService] [39m[32mFetching orders (all branches) by user d26831b8-20ef-4b10-8a1c-737a83d9b21f[39m
[32m[Nest] 32608  - [39m2026. 03. 24. 오전 2:19:03 [32m    LOG[39m [38;5;3m[CustomerOrdersController] [39m[32mUser d26831b8-20ef-4b10-8a1c-737a83d9b21f fetching orders (all branches)[39m
[32m[Nest] 32608  - [39m2026. 03. 24. 오전 2:19:03 [32m    LOG[39m [38;5;3m[CustomerOrdersService] [39m[32mFetching orders (all branches) by user d26831b8-20ef-4b10-8a1c-737a83d9b21f[39m
[32m[Nest] 32608  - [39m2026. 03. 24. 오전 2:19:04 [32m    LOG[39m [38;5;3m[CustomerOrdersService] [39m[32mFetched 0 orders[39m
[32m[Nest] 32608  - [39m2026. 03. 24. 오전 2:19:04 [32m    LOG[39m [38;5;3m[HTTP] [39m[32mGET /customer/orders?page=1&limit=1&dateStart=2026-03-24&dateEnd=2026-03-24&status=CONFIRMED - 541ms[39m
[32m[Nest] 32608  - [39m2026. 03. 24. 오전 2:19:04 [32m    LOG[39m [38;5;3m[CustomerOrdersController] [39m[32mUser d26831b8-20ef-4b10-8a1c-737a83d9b21f fetching orders (all branches)[39m
[32m[Nest] 32608  - [39m2026. 03. 24. 오전 2:19:04 [32m    LOG[39m [38;5;3m[CustomerOrdersService] [39m[32mFetching orders (all branches) by user d26831b8-20ef-4b10-8a1c-737a83d9b21f[39m
[32m[Nest] 32608  - [39m2026. 03. 24. 오전 2:19:04 [32m    LOG[39m [38;5;3m[CustomerOrdersService] [39m[32mFetched 0 orders[39m
[32m[Nest] 32608  - [39m2026. 03. 24. 오전 2:19:04 [32m    LOG[39m [38;5;3m[HTTP] [39m[32mGET /customer/orders?page=1&limit=1&dateStart=2026-03-24&dateEnd=2026-03-24&status=PREPARING - 548ms[39m
[32m[Nest] 32608  - [39m2026. 03. 24. 오전 2:19:04 [32m    LOG[39m [38;5;3m[CustomerOrdersService] [39m[32mFetched 0 orders[39m
[32m[Nest] 32608  - [39m2026. 03. 24. 오전 2:19:04 [32m    LOG[39m [38;5;3m[HTTP] [39m[32mGET /customer/orders?page=1&limit=1&dateStart=2026-03-24&dateEnd=2026-03-24&status=COMPLETED - 592ms[39m
[32m[Nest] 32608  - [39m2026. 03. 24. 오전 2:19:04 [32m    LOG[39m [38;5;3m[CustomerOrdersService] [39m[32mFetched 0 orders[39m
[32m[Nest] 32608  - [39m2026. 03. 24. 오전 2:19:04 [32m    LOG[39m [38;5;3m[HTTP] [39m[32mGET /customer/orders?page=1&limit=1&dateStart=2026-03-24&dateEnd=2026-03-24&status=CANCELLED - 589ms[39m
[32m[Nest] 32608  - [39m2026. 03. 24. 오전 2:19:04 [32m    LOG[39m [38;5;3m[CustomerOrdersService] [39m[32mFetched 0 orders[39m
[32m[Nest] 32608  - [39m2026. 03. 24. 오전 2:19:04 [32m    LOG[39m [38;5;3m[HTTP] [39m[32mGET /customer/orders?page=1&limit=1&dateStart=2026-03-24&dateEnd=2026-03-24&status=READY - 632ms[39m
[33m[Nest] 32608  - [39m2026. 03. 24. 오전 2:19:04 [33m   WARN[39m [38;5;3m[CustomerOrdersService] [39m[33mFailed to load order payment methods for customer orders: column orders.payment_method does not exist[39m
[32m[Nest] 32608  - [39m2026. 03. 24. 오전 2:19:04 [32m    LOG[39m [38;5;3m[CustomerOrdersService] [39m[32mFetched 0 orders[39m
[32m[Nest] 32608  - [39m2026. 03. 24. 오전 2:19:04 [32m    LOG[39m [38;5;3m[HTTP] [39m[32mGET /customer/orders?page=1&limit=1&dateStart=2026-03-24&dateEnd=2026-03-24&status=REFUNDED - 485ms[39m
[32m[Nest] 32608  - [39m2026. 03. 24. 오전 2:19:05 [32m    LOG[39m [38;5;3m[CustomerOrdersService] [39m[32mFetched 1 orders[39m
[32m[Nest] 32608  - [39m2026. 03. 24. 오전 2:19:05 [32m    LOG[39m [38;5;3m[HTTP] [39m[32mGET /customer/orders?page=1&limit=1&dateStart=2026-03-24&dateEnd=2026-03-24&status=CREATED - 1531ms[39m
[32m[Nest] 32608  - [39m2026. 03. 24. 오전 2:19:12 [32m    LOG[39m [38;5;3m[CustomerGuard] [39m[32mCustomerGuard: User d26831b8-20ef-4b10-8a1c-737a83d9b21f authorized with 1 brand(s) and 0 branch(es)[39m
[32m[Nest] 32608  - [39m2026. 03. 24. 오전 2:19:12 [32m    LOG[39m [38;5;3m[CustomerOrdersController] [39m[32mUser d26831b8-20ef-4b10-8a1c-737a83d9b21f fetching orders (all branches)[39m
[32m[Nest] 32608  - [39m2026. 03. 24. 오전 2:19:12 [32m    LOG[39m [38;5;3m[CustomerOrdersService] [39m[32mFetching orders (all branches) by user d26831b8-20ef-4b10-8a1c-737a83d9b21f[39m
[32m[Nest] 32608  - [39m2026. 03. 24. 오전 2:19:12 [32m    LOG[39m [38;5;3m[CustomerGuard] [39m[32mCustomerGuard: User d26831b8-20ef-4b10-8a1c-737a83d9b21f authorized with 1 brand(s) and 0 branch(es)[39m
[32m[Nest] 32608  - [39m2026. 03. 24. 오전 2:19:12 [32m    LOG[39m [38;5;3m[CustomerOrdersController] [39m[32mUser d26831b8-20ef-4b10-8a1c-737a83d9b21f fetching orders (all branches)[39m
[32m[Nest] 32608  - [39m2026. 03. 24. 오전 2:19:12 [32m    LOG[39m [38;5;3m[CustomerOrdersService] [39m[32mFetching orders (all branches) by user d26831b8-20ef-4b10-8a1c-737a83d9b21f[39m
[33m[Nest] 32608  - [39m2026. 03. 24. 오전 2:19:13 [33m   WARN[39m [38;5;3m[CustomerOrdersService] [39m[33mFailed to load order payment methods for customer orders: column orders.payment_method does not exist[39m
[33m[Nest] 32608  - [39m2026. 03. 24. 오전 2:19:13 [33m   WARN[39m [38;5;3m[CustomerOrdersService] [39m[33mFailed to load order payment methods for customer orders: column orders.payment_method does not exist[39m
[32m[Nest] 32608  - [39m2026. 03. 24. 오전 2:19:13 [32m    LOG[39m [38;5;3m[CustomerOrdersService] [39m[32mFetched 1 orders[39m
[32m[Nest] 32608  - [39m2026. 03. 24. 오전 2:19:13 [32m    LOG[39m [38;5;3m[HTTP] [39m[32mGET /customer/orders?page=1&limit=1&dateStart=2026-03-24&dateEnd=2026-03-24 - 1477ms[39m
[32m[Nest] 32608  - [39m2026. 03. 24. 오전 2:19:13 [32m    LOG[39m [38;5;3m[CustomerOrdersController] [39m[32mUser d26831b8-20ef-4b10-8a1c-737a83d9b21f fetching orders (all branches)[39m
[32m[Nest] 32608  - [39m2026. 03. 24. 오전 2:19:13 [32m    LOG[39m [38;5;3m[CustomerOrdersService] [39m[32mFetching orders (all branches) by user d26831b8-20ef-4b10-8a1c-737a83d9b21f[39m
[32m[Nest] 32608  - [39m2026. 03. 24. 오전 2:19:13 [32m    LOG[39m [38;5;3m[CustomerOrdersController] [39m[32mUser d26831b8-20ef-4b10-8a1c-737a83d9b21f fetching orders (all branches)[39m
[32m[Nest] 32608  - [39m2026. 03. 24. 오전 2:19:13 [32m    LOG[39m [38;5;3m[CustomerOrdersService] [39m[32mFetching orders (all branches) by user d26831b8-20ef-4b10-8a1c-737a83d9b21f[39m
[32m[Nest] 32608  - [39m2026. 03. 24. 오전 2:19:13 [32m    LOG[39m [38;5;3m[CustomerOrdersController] [39m[32mUser d26831b8-20ef-4b10-8a1c-737a83d9b21f fetching orders (all branches)[39m
[32m[Nest] 32608  - [39m2026. 03. 24. 오전 2:19:13 [32m    LOG[39m [38;5;3m[CustomerOrdersService] [39m[32mFetching orders (all branches) by user d26831b8-20ef-4b10-8a1c-737a83d9b21f[39m
[32m[Nest] 32608  - [39m2026. 03. 24. 오전 2:19:13 [32m    LOG[39m [38;5;3m[CustomerOrdersController] [39m[32mUser d26831b8-20ef-4b10-8a1c-737a83d9b21f fetching orders (all branches)[39m
[32m[Nest] 32608  - [39m2026. 03. 24. 오전 2:19:13 [32m    LOG[39m [38;5;3m[CustomerOrdersService] [39m[32mFetching orders (all branches) by user d26831b8-20ef-4b10-8a1c-737a83d9b21f[39m
[32m[Nest] 32608  - [39m2026. 03. 24. 오전 2:19:13 [32m    LOG[39m [38;5;3m[CustomerOrdersController] [39m[32mUser d26831b8-20ef-4b10-8a1c-737a83d9b21f fetching orders (all branches)[39m
[32m[Nest] 32608  - [39m2026. 03. 24. 오전 2:19:13 [32m    LOG[39m [38;5;3m[CustomerOrdersService] [39m[32mFetching orders (all branches) by user d26831b8-20ef-4b10-8a1c-737a83d9b21f[39m
[33m[Nest] 32608  - [39m2026. 03. 24. 오전 2:19:13 [33m   WARN[39m [38;5;3m[DepositSyncService] [39m[33mDuplicate deposit sheet mapping detected for "시트1" in spreadsheet "1MSwPe5z2ebuU1xNginda2Rt4d4sLrBXh9p5M4rNSKPI". Only the first branch will be used.[39m
[32m[Nest] 32608  - [39m2026. 03. 24. 오전 2:19:13 [32m    LOG[39m [38;5;3m[CustomerOrdersService] [39m[32mFetched 8 orders[39m
[32m[Nest] 32608  - [39m2026. 03. 24. 오전 2:19:13 [32m    LOG[39m [38;5;3m[HTTP] [39m[32mGET /customer/orders?page=1&limit=20&dateStart=2026-03-24&dateEnd=2026-03-24 - 1500ms[39m
[32m[Nest] 32608  - [39m2026. 03. 24. 오전 2:19:14 [32m    LOG[39m [38;5;3m[CustomerOrdersController] [39m[32mUser d26831b8-20ef-4b10-8a1c-737a83d9b21f fetching orders (all branches)[39m
[32m[Nest] 32608  - [39m2026. 03. 24. 오전 2:19:14 [32m    LOG[39m [38;5;3m[CustomerOrdersService] [39m[32mFetching orders (all branches) by user d26831b8-20ef-4b10-8a1c-737a83d9b21f[39m
[32m[Nest] 32608  - [39m2026. 03. 24. 오전 2:19:14 [32m    LOG[39m [38;5;3m[CustomerOrdersService] [39m[32mFetched 0 orders[39m
[32m[Nest] 32608  - [39m2026. 03. 24. 오전 2:19:14 [32m    LOG[39m [38;5;3m[HTTP] [39m[32mGET /customer/orders?page=1&limit=1&dateStart=2026-03-24&dateEnd=2026-03-24&status=PREPARING - 505ms[39m
[32m[Nest] 32608  - [39m2026. 03. 24. 오전 2:19:14 [32m    LOG[39m [38;5;3m[CustomerOrdersController] [39m[32mUser d26831b8-20ef-4b10-8a1c-737a83d9b21f fetching orders (all branches)[39m
[32m[Nest] 32608  - [39m2026. 03. 24. 오전 2:19:14 [32m    LOG[39m [38;5;3m[CustomerOrdersService] [39m[32mFetching orders (all branches) by user d26831b8-20ef-4b10-8a1c-737a83d9b21f[39m
[32m[Nest] 32608  - [39m2026. 03. 24. 오전 2:19:14 [32m    LOG[39m [38;5;3m[CustomerOrdersService] [39m[32mFetched 0 orders[39m
[32m[Nest] 32608  - [39m2026. 03. 24. 오전 2:19:14 [32m    LOG[39m [38;5;3m[HTTP] [39m[32mGET /customer/orders?page=1&limit=1&dateStart=2026-03-24&dateEnd=2026-03-24&status=READY - 514ms[39m
[32m[Nest] 32608  - [39m2026. 03. 24. 오전 2:19:14 [32m    LOG[39m [38;5;3m[CustomerOrdersService] [39m[32mFetched 0 orders[39m
[32m[Nest] 32608  - [39m2026. 03. 24. 오전 2:19:14 [32m    LOG[39m [38;5;3m[HTTP] [39m[32mGET /customer/orders?page=1&limit=1&dateStart=2026-03-24&dateEnd=2026-03-24&status=CONFIRMED - 522ms[39m
[32m[Nest] 32608  - [39m2026. 03. 24. 오전 2:19:14 [32m    LOG[39m [38;5;3m[CustomerOrdersService] [39m[32mFetched 0 orders[39m
[32m[Nest] 32608  - [39m2026. 03. 24. 오전 2:19:14 [32m    LOG[39m [38;5;3m[HTTP] [39m[32mGET /customer/orders?page=1&limit=1&dateStart=2026-03-24&dateEnd=2026-03-24&status=COMPLETED - 521ms[39m
[32m[Nest] 32608  - [39m2026. 03. 24. 오전 2:19:14 [32m    LOG[39m [38;5;3m[CustomerOrdersService] [39m[32mFetched 0 orders[39m
[32m[Nest] 32608  - [39m2026. 03. 24. 오전 2:19:14 [32m    LOG[39m [38;5;3m[HTTP] [39m[32mGET /customer/orders?page=1&limit=1&dateStart=2026-03-24&dateEnd=2026-03-24&status=CANCELLED - 490ms[39m
[33m[Nest] 32608  - [39m2026. 03. 24. 오전 2:19:14 [33m   WARN[39m [38;5;3m[CustomerOrdersService] [39m[33mFailed to load order payment methods for customer orders: column orders.payment_method does not exist[39m
[32m[Nest] 32608  - [39m2026. 03. 24. 오전 2:19:14 [32m    LOG[39m [38;5;3m[CustomerOrdersService] [39m[32mFetched 0 orders[39m
[32m[Nest] 32608  - [39m2026. 03. 24. 오전 2:19:14 [32m    LOG[39m [38;5;3m[HTTP] [39m[32mGET /customer/orders?page=1&limit=1&dateStart=2026-03-24&dateEnd=2026-03-24&status=REFUNDED - 512ms[39m
[32m[Nest] 32608  - [39m2026. 03. 24. 오전 2:19:15 [32m    LOG[39m [38;5;3m[CustomerOrdersService] [39m[32mFetched 1 orders[39m
[32m[Nest] 32608  - [39m2026. 03. 24. 오전 2:19:15 [32m    LOG[39m [38;5;3m[HTTP] [39m[32mGET /customer/orders?page=1&limit=1&dateStart=2026-03-24&dateEnd=2026-03-24&status=CREATED - 1482ms[39m
[32m[Nest] 32608  - [39m2026. 03. 24. 오전 2:19:19 [32m    LOG[39m [38;5;3m[CustomerOrdersController] [39m[32mUser d26831b8-20ef-4b10-8a1c-737a83d9b21f fetching order eb47f08e-34bc-4a5c-b3f3-1748bcf6d26e[39m
[32m[Nest] 32608  - [39m2026. 03. 24. 오전 2:19:19 [32m    LOG[39m [38;5;3m[CustomerOrdersService] [39m[32mFetching order eb47f08e-34bc-4a5c-b3f3-1748bcf6d26e by user d26831b8-20ef-4b10-8a1c-737a83d9b21f[39m
[33m[Nest] 32608  - [39m2026. 03. 24. 오전 2:19:20 [33m   WARN[39m [38;5;3m[CustomerOrdersService] [39m[33mFailed to load order payment methods for customer orders: column orders.payment_method does not exist[39m
[32m[Nest] 32608  - [39m2026. 03. 24. 오전 2:19:21 [32m    LOG[39m [38;5;3m[HTTP] [39m[32mGET /customer/orders/eb47f08e-34bc-4a5c-b3f3-1748bcf6d26e - 1208ms[39m
[32m[Nest] 32608  - [39m2026. 03. 24. 오전 2:19:21 [32m    LOG[39m [38;5;3m[CustomerBranchesController] [39m[32mUser d26831b8-20ef-4b10-8a1c-737a83d9b21f fetching branches (all)[39m
[32m[Nest] 32608  - [39m2026. 03. 24. 오전 2:19:21 [32m    LOG[39m [38;5;3m[CustomerBranchesService] [39m[32mFetching all accessible branches for user d26831b8-20ef-4b10-8a1c-737a83d9b21f[39m
[32m[Nest] 32608  - [39m2026. 03. 24. 오전 2:19:21 [32m    LOG[39m [38;5;3m[CustomerOrdersController] [39m[32mUser d26831b8-20ef-4b10-8a1c-737a83d9b21f fetching orders (all branches)[39m
[32m[Nest] 32608  - [39m2026. 03. 24. 오전 2:19:21 [32m    LOG[39m [38;5;3m[CustomerOrdersService] [39m[32mFetching orders (all branches) by user d26831b8-20ef-4b10-8a1c-737a83d9b21f[39m
[32m[Nest] 32608  - [39m2026. 03. 24. 오전 2:19:21 [32m    LOG[39m [38;5;3m[CustomerOrdersController] [39m[32mUser d26831b8-20ef-4b10-8a1c-737a83d9b21f fetching orders (all branches)[39m
[32m[Nest] 32608  - [39m2026. 03. 24. 오전 2:19:21 [32m    LOG[39m [38;5;3m[CustomerOrdersService] [39m[32mFetching orders (all branches) by user d26831b8-20ef-4b10-8a1c-737a83d9b21f[39m
[32m[Nest] 32608  - [39m2026. 03. 24. 오전 2:19:21 [32m    LOG[39m [38;5;3m[CustomerBranchesService] [39m[32mFetched 3 accessible branches for user d26831b8-20ef-4b10-8a1c-737a83d9b21f[39m
[32m[Nest] 32608  - [39m2026. 03. 24. 오전 2:19:21 [32m    LOG[39m [38;5;3m[HTTP] [39m[32mGET /customer/branches - 167ms[39m
[32m[Nest] 32608  - [39m2026. 03. 24. 오전 2:19:21 [32m    LOG[39m [38;5;3m[CustomerBrandsService] [39m[32mFetching brands for user: d26831b8-20ef-4b10-8a1c-737a83d9b21f[39m
[32m[Nest] 32608  - [39m2026. 03. 24. 오전 2:19:22 [32m    LOG[39m [38;5;3m[CustomerBrandsService] [39m[32mFetched 1 brands for user: d26831b8-20ef-4b10-8a1c-737a83d9b21f[39m
[32m[Nest] 32608  - [39m2026. 03. 24. 오전 2:19:22 [32m    LOG[39m [38;5;3m[HTTP] [39m[32mGET /customer/brands - 196ms[39m
[33m[Nest] 32608  - [39m2026. 03. 24. 오전 2:19:22 [33m   WARN[39m [38;5;3m[CustomerOrdersService] [39m[33mFailed to load order payment methods for customer orders: column orders.payment_method does not exist[39m
[33m[Nest] 32608  - [39m2026. 03. 24. 오전 2:19:22 [33m   WARN[39m [38;5;3m[CustomerOrdersService] [39m[33mFailed to load order payment methods for customer orders: column orders.payment_method does not exist[39m
[32m[Nest] 32608  - [39m2026. 03. 24. 오전 2:19:23 [32m    LOG[39m [38;5;3m[CustomerOrdersService] [39m[32mFetched 8 orders[39m
[32m[Nest] 32608  - [39m2026. 03. 24. 오전 2:19:23 [32m    LOG[39m [38;5;3m[HTTP] [39m[32mGET /customer/orders?page=1&limit=20&dateStart=2026-03-24&dateEnd=2026-03-24 - 1487ms[39m
[32m[Nest] 32608  - [39m2026. 03. 24. 오전 2:19:23 [32m    LOG[39m [38;5;3m[CustomerOrdersService] [39m[32mFetched 1 orders[39m
[32m[Nest] 32608  - [39m2026. 03. 24. 오전 2:19:23 [32m    LOG[39m [38;5;3m[HTTP] [39m[32mGET /customer/orders?page=1&limit=1&dateStart=2026-03-24&dateEnd=2026-03-24 - 1527ms[39m
[32m[Nest] 32608  - [39m2026. 03. 24. 오전 2:19:23 [32m    LOG[39m [38;5;3m[CustomerOrdersController] [39m[32mUser d26831b8-20ef-4b10-8a1c-737a83d9b21f fetching orders (all branches)[39m
[32m[Nest] 32608  - [39m2026. 03. 24. 오전 2:19:23 [32m    LOG[39m [38;5;3m[CustomerOrdersService] [39m[32mFetching orders (all branches) by user d26831b8-20ef-4b10-8a1c-737a83d9b21f[39m
[32m[Nest] 32608  - [39m2026. 03. 24. 오전 2:19:23 [32m    LOG[39m [38;5;3m[CustomerOrdersController] [39m[32mUser d26831b8-20ef-4b10-8a1c-737a83d9b21f fetching orders (all branches)[39m
[32m[Nest] 32608  - [39m2026. 03. 24. 오전 2:19:23 [32m    LOG[39m [38;5;3m[CustomerOrdersService] [39m[32mFetching orders (all branches) by user d26831b8-20ef-4b10-8a1c-737a83d9b21f[39m
[32m[Nest] 32608  - [39m2026. 03. 24. 오전 2:19:23 [32m    LOG[39m [38;5;3m[CustomerOrdersController] [39m[32mUser d26831b8-20ef-4b10-8a1c-737a83d9b21f fetching orders (all branches)[39m
[32m[Nest] 32608  - [39m2026. 03. 24. 오전 2:19:23 [32m    LOG[39m [38;5;3m[CustomerOrdersService] [39m[32mFetching orders (all branches) by user d26831b8-20ef-4b10-8a1c-737a83d9b21f[39m
[32m[Nest] 32608  - [39m2026. 03. 24. 오전 2:19:23 [32m    LOG[39m [38;5;3m[CustomerOrdersController] [39m[32mUser d26831b8-20ef-4b10-8a1c-737a83d9b21f fetching orders (all branches)[39m
[32m[Nest] 32608  - [39m2026. 03. 24. 오전 2:19:23 [32m    LOG[39m [38;5;3m[CustomerOrdersService] [39m[32mFetching orders (all branches) by user d26831b8-20ef-4b10-8a1c-737a83d9b21f[39m
[32m[Nest] 32608  - [39m2026. 03. 24. 오전 2:19:23 [32m    LOG[39m [38;5;3m[CustomerOrdersController] [39m[32mUser d26831b8-20ef-4b10-8a1c-737a83d9b21f fetching orders (all branches)[39m
[32m[Nest] 32608  - [39m2026. 03. 24. 오전 2:19:23 [32m    LOG[39m [38;5;3m[CustomerOrdersService] [39m[32mFetching orders (all branches) by user d26831b8-20ef-4b10-8a1c-737a83d9b21f[39m
[32m[Nest] 32608  - [39m2026. 03. 24. 오전 2:19:23 [32m    LOG[39m [38;5;3m[CustomerOrdersController] [39m[32mUser d26831b8-20ef-4b10-8a1c-737a83d9b21f fetching orders (all branches)[39m
[32m[Nest] 32608  - [39m2026. 03. 24. 오전 2:19:23 [32m    LOG[39m [38;5;3m[CustomerOrdersService] [39m[32mFetching orders (all branches) by user d26831b8-20ef-4b10-8a1c-737a83d9b21f[39m
[32m[Nest] 32608  - [39m2026. 03. 24. 오전 2:19:23 [32m    LOG[39m [38;5;3m[CustomerOrdersService] [39m[32mFetched 0 orders[39m
[32m[Nest] 32608  - [39m2026. 03. 24. 오전 2:19:23 [32m    LOG[39m [38;5;3m[HTTP] [39m[32mGET /customer/orders?page=1&limit=1&dateStart=2026-03-24&dateEnd=2026-03-24&status=CONFIRMED - 566ms[39m
[32m[Nest] 32608  - [39m2026. 03. 24. 오전 2:19:23 [32m    LOG[39m [38;5;3m[CustomerOrdersController] [39m[32mUser d26831b8-20ef-4b10-8a1c-737a83d9b21f fetching orders (all branches)[39m
[32m[Nest] 32608  - [39m2026. 03. 24. 오전 2:19:23 [32m    LOG[39m [38;5;3m[CustomerOrdersService] [39m[32mFetching orders (all branches) by user d26831b8-20ef-4b10-8a1c-737a83d9b21f[39m
[32m[Nest] 32608  - [39m2026. 03. 24. 오전 2:19:23 [32m    LOG[39m [38;5;3m[CustomerOrdersService] [39m[32mFetched 0 orders[39m
[32m[Nest] 32608  - [39m2026. 03. 24. 오전 2:19:23 [32m    LOG[39m [38;5;3m[HTTP] [39m[32mGET /customer/orders?page=1&limit=1&dateStart=2026-03-24&dateEnd=2026-03-24&status=READY - 714ms[39m
[32m[Nest] 32608  - [39m2026. 03. 24. 오전 2:19:23 [32m    LOG[39m [38;5;3m[CustomerOrdersService] [39m[32mFetched 0 orders[39m
[32m[Nest] 32608  - [39m2026. 03. 24. 오전 2:19:23 [32m    LOG[39m [38;5;3m[HTTP] [39m[32mGET /customer/orders?page=1&limit=1&dateStart=2026-03-24&dateEnd=2026-03-24&status=PREPARING - 753ms[39m
[32m[Nest] 32608  - [39m2026. 03. 24. 오전 2:19:23 [32m    LOG[39m [38;5;3m[CustomerOrdersService] [39m[32mFetched 0 orders[39m
[32m[Nest] 32608  - [39m2026. 03. 24. 오전 2:19:23 [32m    LOG[39m [38;5;3m[HTTP] [39m[32mGET /customer/orders?page=1&limit=1&dateStart=2026-03-24&dateEnd=2026-03-24&status=COMPLETED - 781ms[39m
[32m[Nest] 32608  - [39m2026. 03. 24. 오전 2:19:24 [32m    LOG[39m [38;5;3m[CustomerOrdersService] [39m[32mFetched 0 orders[39m
[32m[Nest] 32608  - [39m2026. 03. 24. 오전 2:19:24 [32m    LOG[39m [38;5;3m[HTTP] [39m[32mGET /customer/orders?page=1&limit=1&dateStart=2026-03-24&dateEnd=2026-03-24&status=CANCELLED - 784ms[39m
[32m[Nest] 32608  - [39m2026. 03. 24. 오전 2:19:24 [32m    LOG[39m [38;5;3m[CustomerOrdersService] [39m[32mFetched 0 orders[39m
[32m[Nest] 32608  - [39m2026. 03. 24. 오전 2:19:24 [32m    LOG[39m [38;5;3m[HTTP] [39m[32mGET /customer/orders?page=1&limit=1&dateStart=2026-03-24&dateEnd=2026-03-24&status=REFUNDED - 551ms[39m
[33m[Nest] 32608  - [39m2026. 03. 24. 오전 2:19:24 [33m   WARN[39m [38;5;3m[CustomerOrdersService] [39m[33mFailed to load order payment methods for customer orders: column orders.payment_method does not exist[39m
[32m[Nest] 32608  - [39m2026. 03. 24. 오전 2:19:24 [32m    LOG[39m [38;5;3m[CustomerOrdersService] [39m[32mFetched 1 orders[39m
[32m[Nest] 32608  - [39m2026. 03. 24. 오전 2:19:24 [32m    LOG[39m [38;5;3m[HTTP] [39m[32mGET /customer/orders?page=1&limit=1&dateStart=2026-03-24&dateEnd=2026-03-24&status=CREATED - 1708ms[39m
[32m[Nest] 32608  - [39m2026. 03. 24. 오전 2:19:31 [32m    LOG[39m [38;5;3m[CustomerOrdersController] [39m[32mUser d26831b8-20ef-4b10-8a1c-737a83d9b21f fetching orders (all branches)[39m
[32m[Nest] 32608  - [39m2026. 03. 24. 오전 2:19:31 [32m    LOG[39m [38;5;3m[CustomerOrdersService] [39m[32mFetching orders (all branches) by user d26831b8-20ef-4b10-8a1c-737a83d9b21f[39m
[32m[Nest] 32608  - [39m2026. 03. 24. 오전 2:19:31 [32m    LOG[39m [38;5;3m[CustomerOrdersController] [39m[32mUser d26831b8-20ef-4b10-8a1c-737a83d9b21f fetching orders (all branches)[39m
[32m[Nest] 32608  - [39m2026. 03. 24. 오전 2:19:31 [32m    LOG[39m [38;5;3m[CustomerOrdersService] [39m[32mFetching orders (all branches) by user d26831b8-20ef-4b10-8a1c-737a83d9b21f[39m
[33m[Nest] 32608  - [39m2026. 03. 24. 오전 2:19:32 [33m   WARN[39m [38;5;3m[CustomerOrdersService] [39m[33mFailed to load order payment methods for customer orders: column orders.payment_method does not exist[39m
[33m[Nest] 32608  - [39m2026. 03. 24. 오전 2:19:32 [33m   WARN[39m [38;5;3m[CustomerOrdersService] [39m[33mFailed to load order payment methods for customer orders: column orders.payment_method does not exist[39m
[32m[Nest] 32608  - [39m2026. 03. 24. 오전 2:19:33 [32m    LOG[39m [38;5;3m[CustomerOrdersService] [39m[32mFetched 1 orders[39m
[32m[Nest] 32608  - [39m2026. 03. 24. 오전 2:19:33 [32m    LOG[39m [38;5;3m[HTTP] [39m[32mGET /customer/orders?page=1&limit=1&dateStart=2026-03-24&dateEnd=2026-03-24 - 1537ms[39m
[32m[Nest] 32608  - [39m2026. 03. 24. 오전 2:19:33 [32m    LOG[39m [38;5;3m[CustomerOrdersController] [39m[32mUser d26831b8-20ef-4b10-8a1c-737a83d9b21f fetching orders (all branches)[39m
[32m[Nest] 32608  - [39m2026. 03. 24. 오전 2:19:33 [32m    LOG[39m [38;5;3m[CustomerOrdersService] [39m[32mFetching orders (all branches) by user d26831b8-20ef-4b10-8a1c-737a83d9b21f[39m
[32m[Nest] 32608  - [39m2026. 03. 24. 오전 2:19:33 [32m    LOG[39m [38;5;3m[CustomerOrdersController] [39m[32mUser d26831b8-20ef-4b10-8a1c-737a83d9b21f fetching orders (all branches)[39m
[32m[Nest] 32608  - [39m2026. 03. 24. 오전 2:19:33 [32m    LOG[39m [38;5;3m[CustomerOrdersService] [39m[32mFetching orders (all branches) by user d26831b8-20ef-4b10-8a1c-737a83d9b21f[39m
[32m[Nest] 32608  - [39m2026. 03. 24. 오전 2:19:33 [32m    LOG[39m [38;5;3m[CustomerOrdersController] [39m[32mUser d26831b8-20ef-4b10-8a1c-737a83d9b21f fetching orders (all branches)[39m
[32m[Nest] 32608  - [39m2026. 03. 24. 오전 2:19:33 [32m    LOG[39m [38;5;3m[CustomerOrdersService] [39m[32mFetching orders (all branches) by user d26831b8-20ef-4b10-8a1c-737a83d9b21f[39m
[32m[Nest] 32608  - [39m2026. 03. 24. 오전 2:19:33 [32m    LOG[39m [38;5;3m[CustomerOrdersController] [39m[32mUser d26831b8-20ef-4b10-8a1c-737a83d9b21f fetching orders (all branches)[39m
[32m[Nest] 32608  - [39m2026. 03. 24. 오전 2:19:33 [32m    LOG[39m [38;5;3m[CustomerOrdersService] [39m[32mFetching orders (all branches) by user d26831b8-20ef-4b10-8a1c-737a83d9b21f[39m
[32m[Nest] 32608  - [39m2026. 03. 24. 오전 2:19:33 [32m    LOG[39m [38;5;3m[CustomerOrdersController] [39m[32mUser d26831b8-20ef-4b10-8a1c-737a83d9b21f fetching orders (all branches)[39m
[32m[Nest] 32608  - [39m2026. 03. 24. 오전 2:19:33 [32m    LOG[39m [38;5;3m[CustomerOrdersService] [39m[32mFetching orders (all branches) by user d26831b8-20ef-4b10-8a1c-737a83d9b21f[39m
[32m[Nest] 32608  - [39m2026. 03. 24. 오전 2:19:33 [32m    LOG[39m [38;5;3m[CustomerOrdersService] [39m[32mFetched 8 orders[39m
[32m[Nest] 32608  - [39m2026. 03. 24. 오전 2:19:33 [32m    LOG[39m [38;5;3m[HTTP] [39m[32mGET /customer/orders?page=1&limit=20&dateStart=2026-03-24&dateEnd=2026-03-24 - 1566ms[39m
[32m[Nest] 32608  - [39m2026. 03. 24. 오전 2:19:33 [32m    LOG[39m [38;5;3m[CustomerOrdersController] [39m[32mUser d26831b8-20ef-4b10-8a1c-737a83d9b21f fetching orders (all branches)[39m
[32m[Nest] 32608  - [39m2026. 03. 24. 오전 2:19:33 [32m    LOG[39m [38;5;3m[CustomerOrdersService] [39m[32mFetching orders (all branches) by user d26831b8-20ef-4b10-8a1c-737a83d9b21f[39m
[32m[Nest] 32608  - [39m2026. 03. 24. 오전 2:19:33 [32m    LOG[39m [38;5;3m[CustomerOrdersService] [39m[32mFetched 0 orders[39m
[32m[Nest] 32608  - [39m2026. 03. 24. 오전 2:19:33 [32m    LOG[39m [38;5;3m[HTTP] [39m[32mGET /customer/orders?page=1&limit=1&dateStart=2026-03-24&dateEnd=2026-03-24&status=CONFIRMED - 515ms[39m
[32m[Nest] 32608  - [39m2026. 03. 24. 오전 2:19:33 [32m    LOG[39m [38;5;3m[CustomerOrdersController] [39m[32mUser d26831b8-20ef-4b10-8a1c-737a83d9b21f fetching orders (all branches)[39m
[32m[Nest] 32608  - [39m2026. 03. 24. 오전 2:19:33 [32m    LOG[39m [38;5;3m[CustomerOrdersService] [39m[32mFetching orders (all branches) by user d26831b8-20ef-4b10-8a1c-737a83d9b21f[39m
[32m[Nest] 32608  - [39m2026. 03. 24. 오전 2:19:33 [32m    LOG[39m [38;5;3m[CustomerOrdersService] [39m[32mFetched 0 orders[39m
[32m[Nest] 32608  - [39m2026. 03. 24. 오전 2:19:33 [32m    LOG[39m [38;5;3m[HTTP] [39m[32mGET /customer/orders?page=1&limit=1&dateStart=2026-03-24&dateEnd=2026-03-24&status=CANCELLED - 532ms[39m
[32m[Nest] 32608  - [39m2026. 03. 24. 오전 2:19:33 [32m    LOG[39m [38;5;3m[CustomerOrdersService] [39m[32mFetched 0 orders[39m
[32m[Nest] 32608  - [39m2026. 03. 24. 오전 2:19:33 [32m    LOG[39m [38;5;3m[HTTP] [39m[32mGET /customer/orders?page=1&limit=1&dateStart=2026-03-24&dateEnd=2026-03-24&status=READY - 557ms[39m
[32m[Nest] 32608  - [39m2026. 03. 24. 오전 2:19:33 [32m    LOG[39m [38;5;3m[CustomerOrdersService] [39m[32mFetched 0 orders[39m
[32m[Nest] 32608  - [39m2026. 03. 24. 오전 2:19:33 [32m    LOG[39m [38;5;3m[HTTP] [39m[32mGET /customer/orders?page=1&limit=1&dateStart=2026-03-24&dateEnd=2026-03-24&status=PREPARING - 567ms[39m
[32m[Nest] 32608  - [39m2026. 03. 24. 오전 2:19:33 [32m    LOG[39m [38;5;3m[CustomerOrdersService] [39m[32mFetched 0 orders[39m
[32m[Nest] 32608  - [39m2026. 03. 24. 오전 2:19:33 [32m    LOG[39m [38;5;3m[HTTP] [39m[32mGET /customer/orders?page=1&limit=1&dateStart=2026-03-24&dateEnd=2026-03-24&status=COMPLETED - 562ms[39m
[32m[Nest] 32608  - [39m2026. 03. 24. 오전 2:19:34 [32m    LOG[39m [38;5;3m[CustomerOrdersService] [39m[32mFetched 0 orders[39m
[32m[Nest] 32608  - [39m2026. 03. 24. 오전 2:19:34 [32m    LOG[39m [38;5;3m[HTTP] [39m[32mGET /customer/orders?page=1&limit=1&dateStart=2026-03-24&dateEnd=2026-03-24&status=REFUNDED - 494ms[39m
[33m[Nest] 32608  - [39m2026. 03. 24. 오전 2:19:34 [33m   WARN[39m [38;5;3m[CustomerOrdersService] [39m[33mFailed to load order payment methods for customer orders: column orders.payment_method does not exist[39m
[32m[Nest] 32608  - [39m2026. 03. 24. 오전 2:19:34 [32m    LOG[39m [38;5;3m[CustomerOrdersService] [39m[32mFetched 1 orders[39m
[32m[Nest] 32608  - [39m2026. 03. 24. 오전 2:19:34 [32m    LOG[39m [38;5;3m[HTTP] [39m[32mGET /customer/orders?page=1&limit=1&dateStart=2026-03-24&dateEnd=2026-03-24&status=CREATED - 1542ms[39m
[32m[Nest] 32608  - [39m2026. 03. 24. 오전 2:19:41 [32m    LOG[39m [38;5;3m[CustomerOrdersController] [39m[32mUser d26831b8-20ef-4b10-8a1c-737a83d9b21f fetching orders (all branches)[39m
[32m[Nest] 32608  - [39m2026. 03. 24. 오전 2:19:41 [32m    LOG[39m [38;5;3m[CustomerOrdersService] [39m[32mFetching orders (all branches) by user d26831b8-20ef-4b10-8a1c-737a83d9b21f[39m
[32m[Nest] 32608  - [39m2026. 03. 24. 오전 2:19:41 [32m    LOG[39m [38;5;3m[CustomerOrdersController] [39m[32mUser d26831b8-20ef-4b10-8a1c-737a83d9b21f fetching orders (all branches)[39m
[32m[Nest] 32608  - [39m2026. 03. 24. 오전 2:19:41 [32m    LOG[39m [38;5;3m[CustomerOrdersService] [39m[32mFetching orders (all branches) by user d26831b8-20ef-4b10-8a1c-737a83d9b21f[39m
[33m[Nest] 32608  - [39m2026. 03. 24. 오전 2:19:42 [33m   WARN[39m [38;5;3m[CustomerOrdersService] [39m[33mFailed to load order payment methods for customer orders: column orders.payment_method does not exist[39m
[33m[Nest] 32608  - [39m2026. 03. 24. 오전 2:19:42 [33m   WARN[39m [38;5;3m[CustomerOrdersService] [39m[33mFailed to load order payment methods for customer orders: column orders.payment_method does not exist[39m
[32m[Nest] 32608  - [39m2026. 03. 24. 오전 2:19:43 [32m    LOG[39m [38;5;3m[CustomerOrdersService] [39m[32mFetched 8 orders[39m
[32m[Nest] 32608  - [39m2026. 03. 24. 오전 2:19:43 [32m    LOG[39m [38;5;3m[HTTP] [39m[32mGET /customer/orders?page=1&limit=20&dateStart=2026-03-24&dateEnd=2026-03-24 - 1546ms[39m
[32m[Nest] 32608  - [39m2026. 03. 24. 오전 2:19:43 [32m    LOG[39m [38;5;3m[CustomerOrdersService] [39m[32mFetched 1 orders[39m
[32m[Nest] 32608  - [39m2026. 03. 24. 오전 2:19:43 [32m    LOG[39m [38;5;3m[HTTP] [39m[32mGET /customer/orders?page=1&limit=1&dateStart=2026-03-24&dateEnd=2026-03-24 - 1599ms[39m
[32m[Nest] 32608  - [39m2026. 03. 24. 오전 2:19:43 [32m    LOG[39m [38;5;3m[CustomerGuard] [39m[32mCustomerGuard: User d26831b8-20ef-4b10-8a1c-737a83d9b21f authorized with 1 brand(s) and 0 branch(es)[39m
[32m[Nest] 32608  - [39m2026. 03. 24. 오전 2:19:43 [32m    LOG[39m [38;5;3m[CustomerOrdersController] [39m[32mUser d26831b8-20ef-4b10-8a1c-737a83d9b21f fetching orders (all branches)[39m
[32m[Nest] 32608  - [39m2026. 03. 24. 오전 2:19:43 [32m    LOG[39m [38;5;3m[CustomerOrdersService] [39m[32mFetching orders (all branches) by user d26831b8-20ef-4b10-8a1c-737a83d9b21f[39m
[32m[Nest] 32608  - [39m2026. 03. 24. 오전 2:19:43 [32m    LOG[39m [38;5;3m[CustomerGuard] [39m[32mCustomerGuard: User d26831b8-20ef-4b10-8a1c-737a83d9b21f authorized with 1 brand(s) and 0 branch(es)[39m
[32m[Nest] 32608  - [39m2026. 03. 24. 오전 2:19:43 [32m    LOG[39m [38;5;3m[CustomerOrdersController] [39m[32mUser d26831b8-20ef-4b10-8a1c-737a83d9b21f fetching orders (all branches)[39m
[32m[Nest] 32608  - [39m2026. 03. 24. 오전 2:19:43 [32m    LOG[39m [38;5;3m[CustomerOrdersService] [39m[32mFetching orders (all branches) by user d26831b8-20ef-4b10-8a1c-737a83d9b21f[39m
[32m[Nest] 32608  - [39m2026. 03. 24. 오전 2:19:43 [32m    LOG[39m [38;5;3m[CustomerGuard] [39m[32mCustomerGuard: User d26831b8-20ef-4b10-8a1c-737a83d9b21f authorized with 1 brand(s) and 0 branch(es)[39m
[32m[Nest] 32608  - [39m2026. 03. 24. 오전 2:19:43 [32m    LOG[39m [38;5;3m[CustomerOrdersController] [39m[32mUser d26831b8-20ef-4b10-8a1c-737a83d9b21f fetching orders (all branches)[39m
[32m[Nest] 32608  - [39m2026. 03. 24. 오전 2:19:43 [32m    LOG[39m [38;5;3m[CustomerOrdersService] [39m[32mFetching orders (all branches) by user d26831b8-20ef-4b10-8a1c-737a83d9b21f[39m
[32m[Nest] 32608  - [39m2026. 03. 24. 오전 2:19:43 [32m    LOG[39m [38;5;3m[CustomerGuard] [39m[32mCustomerGuard: User d26831b8-20ef-4b10-8a1c-737a83d9b21f authorized with 1 brand(s) and 0 branch(es)[39m
[32m[Nest] 32608  - [39m2026. 03. 24. 오전 2:19:43 [32m    LOG[39m [38;5;3m[CustomerOrdersController] [39m[32mUser d26831b8-20ef-4b10-8a1c-737a83d9b21f fetching orders (all branches)[39m
[32m[Nest] 32608  - [39m2026. 03. 24. 오전 2:19:43 [32m    LOG[39m [38;5;3m[CustomerOrdersService] [39m[32mFetching orders (all branches) by user d26831b8-20ef-4b10-8a1c-737a83d9b21f[39m
[32m[Nest] 32608  - [39m2026. 03. 24. 오전 2:19:43 [32m    LOG[39m [38;5;3m[CustomerGuard] [39m[32mCustomerGuard: User d26831b8-20ef-4b10-8a1c-737a83d9b21f authorized with 1 brand(s) and 0 branch(es)[39m
[32m[Nest] 32608  - [39m2026. 03. 24. 오전 2:19:43 [32m    LOG[39m [38;5;3m[CustomerOrdersController] [39m[32mUser d26831b8-20ef-4b10-8a1c-737a83d9b21f fetching orders (all branches)[39m
[32m[Nest] 32608  - [39m2026. 03. 24. 오전 2:19:43 [32m    LOG[39m [38;5;3m[CustomerOrdersService] [39m[32mFetching orders (all branches) by user d26831b8-20ef-4b10-8a1c-737a83d9b21f[39m
[32m[Nest] 32608  - [39m2026. 03. 24. 오전 2:19:43 [32m    LOG[39m [38;5;3m[CustomerGuard] [39m[32mCustomerGuard: User d26831b8-20ef-4b10-8a1c-737a83d9b21f authorized with 1 brand(s) and 0 branch(es)[39m
[32m[Nest] 32608  - [39m2026. 03. 24. 오전 2:19:43 [32m    LOG[39m [38;5;3m[CustomerOrdersController] [39m[32mUser d26831b8-20ef-4b10-8a1c-737a83d9b21f fetching orders (all branches)[39m
[32m[Nest] 32608  - [39m2026. 03. 24. 오전 2:19:43 [32m    LOG[39m [38;5;3m[CustomerOrdersService] [39m[32mFetching orders (all branches) by user d26831b8-20ef-4b10-8a1c-737a83d9b21f[39m
[32m[Nest] 32608  - [39m2026. 03. 24. 오전 2:19:44 [32m    LOG[39m [38;5;3m[CustomerOrdersService] [39m[32mFetched 0 orders[39m
[32m[Nest] 32608  - [39m2026. 03. 24. 오전 2:19:44 [32m    LOG[39m [38;5;3m[HTTP] [39m[32mGET /customer/orders?page=1&limit=1&dateStart=2026-03-24&dateEnd=2026-03-24&status=CONFIRMED - 485ms[39m
[32m[Nest] 32608  - [39m2026. 03. 24. 오전 2:19:44 [32m    LOG[39m [38;5;3m[CustomerOrdersController] [39m[32mUser d26831b8-20ef-4b10-8a1c-737a83d9b21f fetching orders (all branches)[39m
[32m[Nest] 32608  - [39m2026. 03. 24. 오전 2:19:44 [32m    LOG[39m [38;5;3m[CustomerOrdersService] [39m[32mFetching orders (all branches) by user d26831b8-20ef-4b10-8a1c-737a83d9b21f[39m
[32m[Nest] 32608  - [39m2026. 03. 24. 오전 2:19:44 [32m    LOG[39m [38;5;3m[CustomerOrdersService] [39m[32mFetched 0 orders[39m
[32m[Nest] 32608  - [39m2026. 03. 24. 오전 2:19:44 [32m    LOG[39m [38;5;3m[HTTP] [39m[32mGET /customer/orders?page=1&limit=1&dateStart=2026-03-24&dateEnd=2026-03-24&status=COMPLETED - 514ms[39m
[32m[Nest] 32608  - [39m2026. 03. 24. 오전 2:19:44 [32m    LOG[39m [38;5;3m[CustomerOrdersService] [39m[32mFetched 0 orders[39m
[32m[Nest] 32608  - [39m2026. 03. 24. 오전 2:19:44 [32m    LOG[39m [38;5;3m[HTTP] [39m[32mGET /customer/orders?page=1&limit=1&dateStart=2026-03-24&dateEnd=2026-03-24&status=CANCELLED - 512ms[39m
[32m[Nest] 32608  - [39m2026. 03. 24. 오전 2:19:44 [32m    LOG[39m [38;5;3m[CustomerOrdersService] [39m[32mFetched 0 orders[39m
[32m[Nest] 32608  - [39m2026. 03. 24. 오전 2:19:44 [32m    LOG[39m [38;5;3m[HTTP] [39m[32mGET /customer/orders?page=1&limit=1&dateStart=2026-03-24&dateEnd=2026-03-24&status=READY - 515ms[39m
[32m[Nest] 32608  - [39m2026. 03. 24. 오전 2:19:44 [32m    LOG[39m [38;5;3m[CustomerOrdersService] [39m[32mFetched 0 orders[39m
[32m[Nest] 32608  - [39m2026. 03. 24. 오전 2:19:44 [32m    LOG[39m [38;5;3m[HTTP] [39m[32mGET /customer/orders?page=1&limit=1&dateStart=2026-03-24&dateEnd=2026-03-24&status=PREPARING - 545ms[39m
[32m[Nest] 32608  - [39m2026. 03. 24. 오전 2:19:44 [32m    LOG[39m [38;5;3m[CustomerGuard] [39m[32mCustomerGuard: User d26831b8-20ef-4b10-8a1c-737a83d9b21f authorized with 1 brand(s) and 0 branch(es)[39m
[32m[Nest] 32608  - [39m2026. 03. 24. 오전 2:19:44 [32m    LOG[39m [38;5;3m[InventoryController] [39m[32mUser d26831b8-20ef-4b10-8a1c-737a83d9b21f fetching low stock alerts for all branches[39m
[32m[Nest] 32608  - [39m2026. 03. 24. 오전 2:19:44 [32m    LOG[39m [38;5;3m[InventoryService] [39m[32mFetching low stock alerts for all branches by user d26831b8-20ef-4b10-8a1c-737a83d9b21f[39m
[33m[Nest] 32608  - [39m2026. 03. 24. 오전 2:19:44 [33m   WARN[39m [38;5;3m[CustomerOrdersService] [39m[33mFailed to load order payment methods for customer orders: column orders.payment_method does not exist[39m
[32m[Nest] 32608  - [39m2026. 03. 24. 오전 2:19:44 [32m    LOG[39m [38;5;3m[CustomerOrdersService] [39m[32mFetched 0 orders[39m
[32m[Nest] 32608  - [39m2026. 03. 24. 오전 2:19:44 [32m    LOG[39m [38;5;3m[HTTP] [39m[32mGET /customer/orders?page=1&limit=1&dateStart=2026-03-24&dateEnd=2026-03-24&status=REFUNDED - 515ms[39m
[32m[Nest] 32608  - [39m2026. 03. 24. 오전 2:19:44 [32m    LOG[39m [38;5;3m[InventoryService] [39m[32mFound 6 low stock items for all branches[39m
[32m[Nest] 32608  - [39m2026. 03. 24. 오전 2:19:44 [32m    LOG[39m [38;5;3m[HTTP] [39m[32mGET /customer/inventory/alerts - 363ms[39m
[32m[Nest] 32608  - [39m2026. 03. 24. 오전 2:19:44 [32m    LOG[39m [38;5;3m[CustomerOrdersController] [39m[32mUser d26831b8-20ef-4b10-8a1c-737a83d9b21f fetching orders (all branches)[39m
[32m[Nest] 32608  - [39m2026. 03. 24. 오전 2:19:44 [32m    LOG[39m [38;5;3m[CustomerOrdersService] [39m[32mFetching orders (all branches) by user d26831b8-20ef-4b10-8a1c-737a83d9b21f[39m
[32m[Nest] 32608  - [39m2026. 03. 24. 오전 2:19:44 [32m    LOG[39m [38;5;3m[CustomerOrdersService] [39m[32mFetched 1 orders[39m
[32m[Nest] 32608  - [39m2026. 03. 24. 오전 2:19:44 [32m    LOG[39m [38;5;3m[HTTP] [39m[32mGET /customer/orders?page=1&limit=1&dateStart=2026-03-24&dateEnd=2026-03-24&status=CREATED - 1483ms[39m
[33m[Nest] 32608  - [39m2026. 03. 24. 오전 2:19:45 [33m   WARN[39m [38;5;3m[CustomerOrdersService] [39m[33mFailed to load order payment methods for customer orders: column orders.payment_method does not exist[39m
[32m[Nest] 32608  - [39m2026. 03. 24. 오전 2:19:46 [32m    LOG[39m [38;5;3m[CustomerOrdersService] [39m[32mFetched 12 orders[39m
[32m[Nest] 32608  - [39m2026. 03. 24. 오전 2:19:46 [32m    LOG[39m [38;5;3m[HTTP] [39m[32mGET /customer/orders?page=1&limit=20 - 1498ms[39m
[32m[Nest] 32608  - [39m2026. 03. 24. 오전 2:19:51 [32m    LOG[39m [38;5;3m[CustomerOrdersController] [39m[32mUser d26831b8-20ef-4b10-8a1c-737a83d9b21f fetching orders (all branches)[39m
[32m[Nest] 32608  - [39m2026. 03. 24. 오전 2:19:51 [32m    LOG[39m [38;5;3m[CustomerOrdersService] [39m[32mFetching orders (all branches) by user d26831b8-20ef-4b10-8a1c-737a83d9b21f[39m
[32m[Nest] 32608  - [39m2026. 03. 24. 오전 2:19:51 [32m    LOG[39m [38;5;3m[CustomerOrdersController] [39m[32mUser d26831b8-20ef-4b10-8a1c-737a83d9b21f fetching orders (all branches)[39m
[32m[Nest] 32608  - [39m2026. 03. 24. 오전 2:19:51 [32m    LOG[39m [38;5;3m[CustomerOrdersService] [39m[32mFetching orders (all branches) by user d26831b8-20ef-4b10-8a1c-737a83d9b21f[39m
[33m[Nest] 32608  - [39m2026. 03. 24. 오전 2:19:52 [33m   WARN[39m [38;5;3m[CustomerOrdersService] [39m[33mFailed to load order payment methods for customer orders: column orders.payment_method does not exist[39m
[33m[Nest] 32608  - [39m2026. 03. 24. 오전 2:19:52 [33m   WARN[39m [38;5;3m[CustomerOrdersService] [39m[33mFailed to load order payment methods for customer orders: column orders.payment_method does not exist[39m
[32m[Nest] 32608  - [39m2026. 03. 24. 오전 2:19:53 [32m    LOG[39m [38;5;3m[CustomerOrdersService] [39m[32mFetched 8 orders[39m
[32m[Nest] 32608  - [39m2026. 03. 24. 오전 2:19:53 [32m    LOG[39m [38;5;3m[HTTP] [39m[32mGET /customer/orders?page=1&limit=20&dateStart=2026-03-24&dateEnd=2026-03-24 - 1561ms[39m
[32m[Nest] 32608  - [39m2026. 03. 24. 오전 2:19:53 [32m    LOG[39m [38;5;3m[CustomerOrdersService] [39m[32mFetched 1 orders[39m
[32m[Nest] 32608  - [39m2026. 03. 24. 오전 2:19:53 [32m    LOG[39m [38;5;3m[HTTP] [39m[32mGET /customer/orders?page=1&limit=1&dateStart=2026-03-24&dateEnd=2026-03-24 - 1580ms[39m
[32m[Nest] 32608  - [39m2026. 03. 24. 오전 2:19:53 [32m    LOG[39m [38;5;3m[CustomerOrdersController] [39m[32mUser d26831b8-20ef-4b10-8a1c-737a83d9b21f fetching orders (all branches)[39m
[32m[Nest] 32608  - [39m2026. 03. 24. 오전 2:19:53 [32m    LOG[39m [38;5;3m[CustomerOrdersService] [39m[32mFetching orders (all branches) by user d26831b8-20ef-4b10-8a1c-737a83d9b21f[39m
[32m[Nest] 32608  - [39m2026. 03. 24. 오전 2:19:53 [32m    LOG[39m [38;5;3m[CustomerOrdersController] [39m[32mUser d26831b8-20ef-4b10-8a1c-737a83d9b21f fetching orders (all branches)[39m
[32m[Nest] 32608  - [39m2026. 03. 24. 오전 2:19:53 [32m    LOG[39m [38;5;3m[CustomerOrdersService] [39m[32mFetching orders (all branches) by user d26831b8-20ef-4b10-8a1c-737a83d9b21f[39m
[32m[Nest] 32608  - [39m2026. 03. 24. 오전 2:19:53 [32m    LOG[39m [38;5;3m[CustomerOrdersController] [39m[32mUser d26831b8-20ef-4b10-8a1c-737a83d9b21f fetching orders (all branches)[39m
[32m[Nest] 32608  - [39m2026. 03. 24. 오전 2:19:53 [32m    LOG[39m [38;5;3m[CustomerOrdersService] [39m[32mFetching orders (all branches) by user d26831b8-20ef-4b10-8a1c-737a83d9b21f[39m
[32m[Nest] 32608  - [39m2026. 03. 24. 오전 2:19:53 [32m    LOG[39m [38;5;3m[CustomerOrdersController] [39m[32mUser d26831b8-20ef-4b10-8a1c-737a83d9b21f fetching orders (all branches)[39m
[32m[Nest] 32608  - [39m2026. 03. 24. 오전 2:19:53 [32m    LOG[39m [38;5;3m[CustomerOrdersService] [39m[32mFetching orders (all branches) by user d26831b8-20ef-4b10-8a1c-737a83d9b21f[39m
[32m[Nest] 32608  - [39m2026. 03. 24. 오전 2:19:53 [32m    LOG[39m [38;5;3m[CustomerOrdersController] [39m[32mUser d26831b8-20ef-4b10-8a1c-737a83d9b21f fetching orders (all branches)[39m
[32m[Nest] 32608  - [39m2026. 03. 24. 오전 2:19:53 [32m    LOG[39m [38;5;3m[CustomerOrdersService] [39m[32mFetching orders (all branches) by user d26831b8-20ef-4b10-8a1c-737a83d9b21f[39m
[32m[Nest] 32608  - [39m2026. 03. 24. 오전 2:19:53 [32m    LOG[39m [38;5;3m[CustomerOrdersController] [39m[32mUser d26831b8-20ef-4b10-8a1c-737a83d9b21f fetching orders (all branches)[39m
[32m[Nest] 32608  - [39m2026. 03. 24. 오전 2:19:53 [32m    LOG[39m [38;5;3m[CustomerOrdersService] [39m[32mFetching orders (all branches) by user d26831b8-20ef-4b10-8a1c-737a83d9b21f[39m
[32m[Nest] 32608  - [39m2026. 03. 24. 오전 2:19:53 [32m    LOG[39m [38;5;3m[CustomerOrdersService] [39m[32mFetched 0 orders[39m
[32m[Nest] 32608  - [39m2026. 03. 24. 오전 2:19:53 [32m    LOG[39m [38;5;3m[HTTP] [39m[32mGET /customer/orders?page=1&limit=1&dateStart=2026-03-24&dateEnd=2026-03-24&status=CONFIRMED - 511ms[39m
[32m[Nest] 32608  - [39m2026. 03. 24. 오전 2:19:53 [32m    LOG[39m [38;5;3m[CustomerOrdersController] [39m[32mUser d26831b8-20ef-4b10-8a1c-737a83d9b21f fetching orders (all branches)[39m
[32m[Nest] 32608  - [39m2026. 03. 24. 오전 2:19:53 [32m    LOG[39m [38;5;3m[CustomerOrdersService] [39m[32mFetching orders (all branches) by user d26831b8-20ef-4b10-8a1c-737a83d9b21f[39m
[32m[Nest] 32608  - [39m2026. 03. 24. 오전 2:19:53 [32m    LOG[39m [38;5;3m[CustomerOrdersService] [39m[32mFetched 0 orders[39m
[32m[Nest] 32608  - [39m2026. 03. 24. 오전 2:19:53 [32m    LOG[39m [38;5;3m[HTTP] [39m[32mGET /customer/orders?page=1&limit=1&dateStart=2026-03-24&dateEnd=2026-03-24&status=PREPARING - 514ms[39m
[32m[Nest] 32608  - [39m2026. 03. 24. 오전 2:19:53 [32m    LOG[39m [38;5;3m[CustomerOrdersService] [39m[32mFetched 0 orders[39m
[32m[Nest] 32608  - [39m2026. 03. 24. 오전 2:19:53 [32m    LOG[39m [38;5;3m[HTTP] [39m[32mGET /customer/orders?page=1&limit=1&dateStart=2026-03-24&dateEnd=2026-03-24&status=READY - 532ms[39m
[32m[Nest] 32608  - [39m2026. 03. 24. 오전 2:19:53 [32m    LOG[39m [38;5;3m[CustomerOrdersService] [39m[32mFetched 0 orders[39m
[32m[Nest] 32608  - [39m2026. 03. 24. 오전 2:19:53 [32m    LOG[39m [38;5;3m[HTTP] [39m[32mGET /customer/orders?page=1&limit=1&dateStart=2026-03-24&dateEnd=2026-03-24&status=CANCELLED - 534ms[39m
[32m[Nest] 32608  - [39m2026. 03. 24. 오전 2:19:53 [32m    LOG[39m [38;5;3m[CustomerOrdersService] [39m[32mFetched 0 orders[39m
[32m[Nest] 32608  - [39m2026. 03. 24. 오전 2:19:53 [32m    LOG[39m [38;5;3m[HTTP] [39m[32mGET /customer/orders?page=1&limit=1&dateStart=2026-03-24&dateEnd=2026-03-24&status=COMPLETED - 559ms[39m
[32m[Nest] 32608  - [39m2026. 03. 24. 오전 2:19:54 [32m    LOG[39m [38;5;3m[CustomerOrdersService] [39m[32mFetched 0 orders[39m
[32m[Nest] 32608  - [39m2026. 03. 24. 오전 2:19:54 [32m    LOG[39m [38;5;3m[HTTP] [39m[32mGET /customer/orders?page=1&limit=1&dateStart=2026-03-24&dateEnd=2026-03-24&status=REFUNDED - 551ms[39m
[33m[Nest] 32608  - [39m2026. 03. 24. 오전 2:19:54 [33m   WARN[39m [38;5;3m[CustomerOrdersService] [39m[33mFailed to load order payment methods for customer orders: column orders.payment_method does not exist[39m
[32m[Nest] 32608  - [39m2026. 03. 24. 오전 2:19:54 [32m    LOG[39m [38;5;3m[CustomerOrdersService] [39m[32mFetched 1 orders[39m
[32m[Nest] 32608  - [39m2026. 03. 24. 오전 2:19:54 [32m    LOG[39m [38;5;3m[HTTP] [39m[32mGET /customer/orders?page=1&limit=1&dateStart=2026-03-24&dateEnd=2026-03-24&status=CREATED - 1613ms[39m
[32m[Nest] 32608  - [39m2026. 03. 24. 오전 2:20:01 [32m    LOG[39m [38;5;3m[CustomerOrdersController] [39m[32mUser d26831b8-20ef-4b10-8a1c-737a83d9b21f fetching orders (all branches)[39m
[32m[Nest] 32608  - [39m2026. 03. 24. 오전 2:20:01 [32m    LOG[39m [38;5;3m[CustomerOrdersService] [39m[32mFetching orders (all branches) by user d26831b8-20ef-4b10-8a1c-737a83d9b21f[39m
[32m[Nest] 32608  - [39m2026. 03. 24. 오전 2:20:01 [32m    LOG[39m [38;5;3m[CustomerOrdersController] [39m[32mUser d26831b8-20ef-4b10-8a1c-737a83d9b21f fetching orders (all branches)[39m
[32m[Nest] 32608  - [39m2026. 03. 24. 오전 2:20:01 [32m    LOG[39m [38;5;3m[CustomerOrdersService] [39m[32mFetching orders (all branches) by user d26831b8-20ef-4b10-8a1c-737a83d9b21f[39m
[33m[Nest] 32608  - [39m2026. 03. 24. 오전 2:20:02 [33m   WARN[39m [38;5;3m[CustomerOrdersService] [39m[33mFailed to load order payment methods for customer orders: column orders.payment_method does not exist[39m
[33m[Nest] 32608  - [39m2026. 03. 24. 오전 2:20:02 [33m   WARN[39m [38;5;3m[CustomerOrdersService] [39m[33mFailed to load order payment methods for customer orders: column orders.payment_method does not exist[39m
[32m[Nest] 32608  - [39m2026. 03. 24. 오전 2:20:03 [32m    LOG[39m [38;5;3m[CustomerOrdersService] [39m[32mFetched 1 orders[39m
[32m[Nest] 32608  - [39m2026. 03. 24. 오전 2:20:03 [32m    LOG[39m [38;5;3m[HTTP] [39m[32mGET /customer/orders?page=1&limit=1&dateStart=2026-03-24&dateEnd=2026-03-24 - 1584ms[39m
[32m[Nest] 32608  - [39m2026. 03. 24. 오전 2:20:03 [32m    LOG[39m [38;5;3m[CustomerOrdersController] [39m[32mUser d26831b8-20ef-4b10-8a1c-737a83d9b21f fetching orders (all branches)[39m
[32m[Nest] 32608  - [39m2026. 03. 24. 오전 2:20:03 [32m    LOG[39m [38;5;3m[CustomerOrdersService] [39m[32mFetching orders (all branches) by user d26831b8-20ef-4b10-8a1c-737a83d9b21f[39m
[32m[Nest] 32608  - [39m2026. 03. 24. 오전 2:20:03 [32m    LOG[39m [38;5;3m[CustomerOrdersController] [39m[32mUser d26831b8-20ef-4b10-8a1c-737a83d9b21f fetching orders (all branches)[39m
[32m[Nest] 32608  - [39m2026. 03. 24. 오전 2:20:03 [32m    LOG[39m [38;5;3m[CustomerOrdersService] [39m[32mFetching orders (all branches) by user d26831b8-20ef-4b10-8a1c-737a83d9b21f[39m
[32m[Nest] 32608  - [39m2026. 03. 24. 오전 2:20:03 [32m    LOG[39m [38;5;3m[CustomerOrdersController] [39m[32mUser d26831b8-20ef-4b10-8a1c-737a83d9b21f fetching orders (all branches)[39m
[32m[Nest] 32608  - [39m2026. 03. 24. 오전 2:20:03 [32m    LOG[39m [38;5;3m[CustomerOrdersService] [39m[32mFetching orders (all branches) by user d26831b8-20ef-4b10-8a1c-737a83d9b21f[39m
[32m[Nest] 32608  - [39m2026. 03. 24. 오전 2:20:03 [32m    LOG[39m [38;5;3m[CustomerOrdersService] [39m[32mFetched 8 orders[39m
[32m[Nest] 32608  - [39m2026. 03. 24. 오전 2:20:03 [32m    LOG[39m [38;5;3m[HTTP] [39m[32mGET /customer/orders?page=1&limit=20&dateStart=2026-03-24&dateEnd=2026-03-24 - 1609ms[39m
[32m[Nest] 32608  - [39m2026. 03. 24. 오전 2:20:03 [32m    LOG[39m [38;5;3m[CustomerOrdersController] [39m[32mUser d26831b8-20ef-4b10-8a1c-737a83d9b21f fetching orders (all branches)[39m
[32m[Nest] 32608  - [39m2026. 03. 24. 오전 2:20:03 [32m    LOG[39m [38;5;3m[CustomerOrdersService] [39m[32mFetching orders (all branches) by user d26831b8-20ef-4b10-8a1c-737a83d9b21f[39m
[32m[Nest] 32608  - [39m2026. 03. 24. 오전 2:20:03 [32m    LOG[39m [38;5;3m[CustomerOrdersController] [39m[32mUser d26831b8-20ef-4b10-8a1c-737a83d9b21f fetching orders (all branches)[39m
[32m[Nest] 32608  - [39m2026. 03. 24. 오전 2:20:03 [32m    LOG[39m [38;5;3m[CustomerOrdersService] [39m[32mFetching orders (all branches) by user d26831b8-20ef-4b10-8a1c-737a83d9b21f[39m
[32m[Nest] 32608  - [39m2026. 03. 24. 오전 2:20:03 [32m    LOG[39m [38;5;3m[CustomerOrdersController] [39m[32mUser d26831b8-20ef-4b10-8a1c-737a83d9b21f fetching orders (all branches)[39m
[32m[Nest] 32608  - [39m2026. 03. 24. 오전 2:20:03 [32m    LOG[39m [38;5;3m[CustomerOrdersService] [39m[32mFetching orders (all branches) by user d26831b8-20ef-4b10-8a1c-737a83d9b21f[39m
[32m[Nest] 32608  - [39m2026. 03. 24. 오전 2:20:03 [32m    LOG[39m [38;5;3m[CustomerOrdersService] [39m[32mFetched 0 orders[39m
[32m[Nest] 32608  - [39m2026. 03. 24. 오전 2:20:03 [32m    LOG[39m [38;5;3m[HTTP] [39m[32mGET /customer/orders?page=1&limit=1&dateStart=2026-03-24&dateEnd=2026-03-24&status=PREPARING - 517ms[39m
[32m[Nest] 32608  - [39m2026. 03. 24. 오전 2:20:03 [32m    LOG[39m [38;5;3m[CustomerOrdersController] [39m[32mUser d26831b8-20ef-4b10-8a1c-737a83d9b21f fetching orders (all branches)[39m
[32m[Nest] 32608  - [39m2026. 03. 24. 오전 2:20:03 [32m    LOG[39m [38;5;3m[CustomerOrdersService] [39m[32mFetching orders (all branches) by user d26831b8-20ef-4b10-8a1c-737a83d9b21f[39m
[32m[Nest] 32608  - [39m2026. 03. 24. 오전 2:20:03 [32m    LOG[39m [38;5;3m[CustomerOrdersService] [39m[32mFetched 0 orders[39m
[32m[Nest] 32608  - [39m2026. 03. 24. 오전 2:20:03 [32m    LOG[39m [38;5;3m[HTTP] [39m[32mGET /customer/orders?page=1&limit=1&dateStart=2026-03-24&dateEnd=2026-03-24&status=COMPLETED - 522ms[39m
[32m[Nest] 32608  - [39m2026. 03. 24. 오전 2:20:03 [32m    LOG[39m [38;5;3m[CustomerOrdersService] [39m[32mFetched 0 orders[39m
[32m[Nest] 32608  - [39m2026. 03. 24. 오전 2:20:03 [32m    LOG[39m [38;5;3m[HTTP] [39m[32mGET /customer/orders?page=1&limit=1&dateStart=2026-03-24&dateEnd=2026-03-24&status=CONFIRMED - 584ms[39m
[32m[Nest] 32608  - [39m2026. 03. 24. 오전 2:20:03 [32m    LOG[39m [38;5;3m[CustomerOrdersService] [39m[32mFetched 0 orders[39m
[32m[Nest] 32608  - [39m2026. 03. 24. 오전 2:20:03 [32m    LOG[39m [38;5;3m[HTTP] [39m[32mGET /customer/orders?page=1&limit=1&dateStart=2026-03-24&dateEnd=2026-03-24&status=READY - 590ms[39m
[32m[Nest] 32608  - [39m2026. 03. 24. 오전 2:20:03 [32m    LOG[39m [38;5;3m[CustomerOrdersService] [39m[32mFetched 0 orders[39m
[32m[Nest] 32608  - [39m2026. 03. 24. 오전 2:20:03 [32m    LOG[39m [38;5;3m[HTTP] [39m[32mGET /customer/orders?page=1&limit=1&dateStart=2026-03-24&dateEnd=2026-03-24&status=CANCELLED - 574ms[39m
[32m[Nest] 32608  - [39m2026. 03. 24. 오전 2:20:04 [32m    LOG[39m [38;5;3m[CustomerOrdersService] [39m[32mFetched 0 orders[39m
[32m[Nest] 32608  - [39m2026. 03. 24. 오전 2:20:04 [32m    LOG[39m [38;5;3m[HTTP] [39m[32mGET /customer/orders?page=1&limit=1&dateStart=2026-03-24&dateEnd=2026-03-24&status=REFUNDED - 508ms[39m
[33m[Nest] 32608  - [39m2026. 03. 24. 오전 2:20:04 [33m   WARN[39m [38;5;3m[CustomerOrdersService] [39m[33mFailed to load order payment methods for customer orders: column orders.payment_method does not exist[39m
[32m[Nest] 32608  - [39m2026. 03. 24. 오전 2:20:04 [32m    LOG[39m [38;5;3m[CustomerOrdersService] [39m[32mFetched 1 orders[39m
[32m[Nest] 32608  - [39m2026. 03. 24. 오전 2:20:04 [32m    LOG[39m [38;5;3m[HTTP] [39m[32mGET /customer/orders?page=1&limit=1&dateStart=2026-03-24&dateEnd=2026-03-24&status=CREATED - 1582ms[39m
[32m[Nest] 32608  - [39m2026. 03. 24. 오전 2:20:09 [32m    LOG[39m [38;5;3m[CustomerGuard] [39m[32mCustomerGuard: User d26831b8-20ef-4b10-8a1c-737a83d9b21f authorized with 1 brand(s) and 0 branch(es)[39m
[32m[Nest] 32608  - [39m2026. 03. 24. 오전 2:20:09 [32m    LOG[39m [38;5;3m[CustomerBranchesController] [39m[32mUser d26831b8-20ef-4b10-8a1c-737a83d9b21f fetching branches (all)[39m
[32m[Nest] 32608  - [39m2026. 03. 24. 오전 2:20:09 [32m    LOG[39m [38;5;3m[CustomerBranchesService] [39m[32mFetching all accessible branches for user d26831b8-20ef-4b10-8a1c-737a83d9b21f[39m
[32m[Nest] 32608  - [39m2026. 03. 24. 오전 2:20:09 [32m    LOG[39m [38;5;3m[CustomerBranchesService] [39m[32mFetched 3 accessible branches for user d26831b8-20ef-4b10-8a1c-737a83d9b21f[39m
[32m[Nest] 32608  - [39m2026. 03. 24. 오전 2:20:09 [32m    LOG[39m [38;5;3m[HTTP] [39m[32mGET /customer/branches - 164ms[39m
[32m[Nest] 32608  - [39m2026. 03. 24. 오전 2:20:10 [32m    LOG[39m [38;5;3m[CustomerGuard] [39m[32mCustomerGuard: User d26831b8-20ef-4b10-8a1c-737a83d9b21f authorized with 1 brand(s) and 0 branch(es)[39m
[32m[Nest] 32608  - [39m2026. 03. 24. 오전 2:20:10 [32m    LOG[39m [38;5;3m[CustomerBrandsService] [39m[32mFetching brands for user: d26831b8-20ef-4b10-8a1c-737a83d9b21f[39m
[32m[Nest] 32608  - [39m2026. 03. 24. 오전 2:20:10 [32m    LOG[39m [38;5;3m[CustomerBrandsService] [39m[32mFetched 1 brands for user: d26831b8-20ef-4b10-8a1c-737a83d9b21f[39m
[32m[Nest] 32608  - [39m2026. 03. 24. 오전 2:20:10 [32m    LOG[39m [38;5;3m[HTTP] [39m[32mGET /customer/brands - 171ms[39m
[32m[Nest] 32608  - [39m2026. 03. 24. 오전 2:20:10 [32m    LOG[39m [38;5;3m[CustomerOrdersController] [39m[32mUser d26831b8-20ef-4b10-8a1c-737a83d9b21f fetching orders (all branches)[39m
[32m[Nest] 32608  - [39m2026. 03. 24. 오전 2:20:10 [32m    LOG[39m [38;5;3m[CustomerOrdersService] [39m[32mFetching orders (all branches) by user d26831b8-20ef-4b10-8a1c-737a83d9b21f[39m
[32m[Nest] 32608  - [39m2026. 03. 24. 오전 2:20:10 [32m    LOG[39m [38;5;3m[CustomerOrdersController] [39m[32mUser d26831b8-20ef-4b10-8a1c-737a83d9b21f fetching orders (all branches)[39m
[32m[Nest] 32608  - [39m2026. 03. 24. 오전 2:20:10 [32m    LOG[39m [38;5;3m[CustomerOrdersService] [39m[32mFetching orders (all branches) by user d26831b8-20ef-4b10-8a1c-737a83d9b21f[39m
[33m[Nest] 32608  - [39m2026. 03. 24. 오전 2:20:11 [33m   WARN[39m [38;5;3m[CustomerOrdersService] [39m[33mFailed to load order payment methods for customer orders: column orders.payment_method does not exist[39m
[33m[Nest] 32608  - [39m2026. 03. 24. 오전 2:20:11 [33m   WARN[39m [38;5;3m[CustomerOrdersService] [39m[33mFailed to load order payment methods for customer orders: column orders.payment_method does not exist[39m
[32m[Nest] 32608  - [39m2026. 03. 24. 오전 2:20:11 [32m    LOG[39m [38;5;3m[CustomerBranchesController] [39m[32mUser d26831b8-20ef-4b10-8a1c-737a83d9b21f fetching branches for brand c88b979c-3e76-4022-8331-363fc5d2d17d[39m
[32m[Nest] 32608  - [39m2026. 03. 24. 오전 2:20:11 [32m    LOG[39m [38;5;3m[CustomerBranchesService] [39m[32mFetching branches for brand c88b979c-3e76-4022-8331-363fc5d2d17d by user d26831b8-20ef-4b10-8a1c-737a83d9b21f[39m
[32m[Nest] 32608  - [39m2026. 03. 24. 오전 2:20:11 [32m    LOG[39m [38;5;3m[HTTP] [39m[32mGET /customer/branches?brandId=c88b979c-3e76-4022-8331-363fc5d2d17d - 162ms[39m
[32m[Nest] 32608  - [39m2026. 03. 24. 오전 2:20:11 [32m    LOG[39m [38;5;3m[CustomerOrdersService] [39m[32mFetched 1 orders[39m
[32m[Nest] 32608  - [39m2026. 03. 24. 오전 2:20:11 [32m    LOG[39m [38;5;3m[HTTP] [39m[32mGET /customer/orders?page=1&limit=1&dateStart=2026-03-24&dateEnd=2026-03-24 - 1486ms[39m
[32m[Nest] 32608  - [39m2026. 03. 24. 오전 2:20:11 [32m    LOG[39m [38;5;3m[CustomerOrdersController] [39m[32mUser d26831b8-20ef-4b10-8a1c-737a83d9b21f fetching orders (all branches)[39m
[32m[Nest] 32608  - [39m2026. 03. 24. 오전 2:20:11 [32m    LOG[39m [38;5;3m[CustomerOrdersService] [39m[32mFetching orders (all branches) by user d26831b8-20ef-4b10-8a1c-737a83d9b21f[39m
[32m[Nest] 32608  - [39m2026. 03. 24. 오전 2:20:11 [32m    LOG[39m [38;5;3m[CustomerOrdersController] [39m[32mUser d26831b8-20ef-4b10-8a1c-737a83d9b21f fetching orders (all branches)[39m
[32m[Nest] 32608  - [39m2026. 03. 24. 오전 2:20:11 [32m    LOG[39m [38;5;3m[CustomerOrdersService] [39m[32mFetching orders (all branches) by user d26831b8-20ef-4b10-8a1c-737a83d9b21f[39m
[32m[Nest] 32608  - [39m2026. 03. 24. 오전 2:20:11 [32m    LOG[39m [38;5;3m[CustomerOrdersController] [39m[32mUser d26831b8-20ef-4b10-8a1c-737a83d9b21f fetching orders (all branches)[39m
[32m[Nest] 32608  - [39m2026. 03. 24. 오전 2:20:11 [32m    LOG[39m [38;5;3m[CustomerOrdersService] [39m[32mFetching orders (all branches) by user d26831b8-20ef-4b10-8a1c-737a83d9b21f[39m
[32m[Nest] 32608  - [39m2026. 03. 24. 오전 2:20:11 [32m    LOG[39m [38;5;3m[CustomerOrdersController] [39m[32mUser d26831b8-20ef-4b10-8a1c-737a83d9b21f fetching orders (all branches)[39m
[32m[Nest] 32608  - [39m2026. 03. 24. 오전 2:20:11 [32m    LOG[39m [38;5;3m[CustomerOrdersService] [39m[32mFetching orders (all branches) by user d26831b8-20ef-4b10-8a1c-737a83d9b21f[39m
[32m[Nest] 32608  - [39m2026. 03. 24. 오전 2:20:11 [32m    LOG[39m [38;5;3m[CustomerOrdersService] [39m[32mFetched 8 orders[39m
[32m[Nest] 32608  - [39m2026. 03. 24. 오전 2:20:11 [32m    LOG[39m [38;5;3m[HTTP] [39m[32mGET /customer/orders?page=1&limit=20&dateStart=2026-03-24&dateEnd=2026-03-24 - 1505ms[39m
[32m[Nest] 32608  - [39m2026. 03. 24. 오전 2:20:12 [32m    LOG[39m [38;5;3m[CustomerOrdersController] [39m[32mUser d26831b8-20ef-4b10-8a1c-737a83d9b21f fetching orders (all branches)[39m
[32m[Nest] 32608  - [39m2026. 03. 24. 오전 2:20:12 [32m    LOG[39m [38;5;3m[CustomerOrdersService] [39m[32mFetching orders (all branches) by user d26831b8-20ef-4b10-8a1c-737a83d9b21f[39m
[32m[Nest] 32608  - [39m2026. 03. 24. 오전 2:20:12 [32m    LOG[39m [38;5;3m[CustomerGuard] [39m[32mCustomerGuard: User d26831b8-20ef-4b10-8a1c-737a83d9b21f authorized with 1 brand(s) and 0 branch(es)[39m
[32m[Nest] 32608  - [39m2026. 03. 24. 오전 2:20:12 [32m    LOG[39m [38;5;3m[CustomerOrdersService] [39m[32mFetched 0 orders[39m
[32m[Nest] 32608  - [39m2026. 03. 24. 오전 2:20:12 [32m    LOG[39m [38;5;3m[HTTP] [39m[32mGET /customer/orders?page=1&limit=1&dateStart=2026-03-24&dateEnd=2026-03-24&status=COMPLETED - 705ms[39m
[32m[Nest] 32608  - [39m2026. 03. 24. 오전 2:20:12 [32m    LOG[39m [38;5;3m[CustomerOrdersService] [39m[32mFetched 0 orders[39m
[32m[Nest] 32608  - [39m2026. 03. 24. 오전 2:20:12 [32m    LOG[39m [38;5;3m[HTTP] [39m[32mGET /customer/orders?page=1&limit=1&dateStart=2026-03-24&dateEnd=2026-03-24&status=CONFIRMED - 729ms[39m
[32m[Nest] 32608  - [39m2026. 03. 24. 오전 2:20:12 [32m    LOG[39m [38;5;3m[CustomerOrdersController] [39m[32mUser d26831b8-20ef-4b10-8a1c-737a83d9b21f fetching orders (all branches)[39m
[32m[Nest] 32608  - [39m2026. 03. 24. 오전 2:20:12 [32m    LOG[39m [38;5;3m[CustomerOrdersService] [39m[32mFetching orders (all branches) by user d26831b8-20ef-4b10-8a1c-737a83d9b21f[39m
[32m[Nest] 32608  - [39m2026. 03. 24. 오전 2:20:12 [32m    LOG[39m [38;5;3m[CustomerOrdersController] [39m[32mUser d26831b8-20ef-4b10-8a1c-737a83d9b21f fetching orders (all branches)[39m
[32m[Nest] 32608  - [39m2026. 03. 24. 오전 2:20:12 [32m    LOG[39m [38;5;3m[CustomerOrdersService] [39m[32mFetching orders (all branches) by user d26831b8-20ef-4b10-8a1c-737a83d9b21f[39m
[32m[Nest] 32608  - [39m2026. 03. 24. 오전 2:20:12 [32m    LOG[39m [38;5;3m[CustomerOrdersService] [39m[32mFetched 0 orders[39m
[32m[Nest] 32608  - [39m2026. 03. 24. 오전 2:20:12 [32m    LOG[39m [38;5;3m[HTTP] [39m[32mGET /customer/orders?page=1&limit=1&dateStart=2026-03-24&dateEnd=2026-03-24&status=READY - 732ms[39m
[32m[Nest] 32608  - [39m2026. 03. 24. 오전 2:20:12 [32m    LOG[39m [38;5;3m[CustomerOrdersService] [39m[32mFetched 0 orders[39m
[32m[Nest] 32608  - [39m2026. 03. 24. 오전 2:20:12 [32m    LOG[39m [38;5;3m[HTTP] [39m[32mGET /customer/orders?page=1&limit=1&dateStart=2026-03-24&dateEnd=2026-03-24&status=PREPARING - 742ms[39m
[32m[Nest] 32608  - [39m2026. 03. 24. 오전 2:20:13 [32m    LOG[39m [38;5;3m[HTTP] [39m[32mGET /customer/products/brand-templates?brandId=c88b979c-3e76-4022-8331-363fc5d2d17d - 887ms[39m
[32m[Nest] 32608  - [39m2026. 03. 24. 오전 2:20:13 [32m    LOG[39m [38;5;3m[CustomerProductsController] [39m[32mUser d26831b8-20ef-4b10-8a1c-737a83d9b21f fetching categories for branch 7e69751d-eda7-4257-8f7d-871e83e95a00[39m
[32m[Nest] 32608  - [39m2026. 03. 24. 오전 2:20:13 [32m    LOG[39m [38;5;3m[CustomerProductsService] [39m[32mFetching categories for branch 7e69751d-eda7-4257-8f7d-871e83e95a00 by user d26831b8-20ef-4b10-8a1c-737a83d9b21f[39m
[32m[Nest] 32608  - [39m2026. 03. 24. 오전 2:20:13 [32m    LOG[39m [38;5;3m[CustomerProductsController] [39m[32mUser d26831b8-20ef-4b10-8a1c-737a83d9b21f fetching categories for branch 051d7e95-8a82-44d3-aa8d-d4c6aa698cf2[39m
[32m[Nest] 32608  - [39m2026. 03. 24. 오전 2:20:13 [32m    LOG[39m [38;5;3m[CustomerProductsService] [39m[32mFetching categories for branch 051d7e95-8a82-44d3-aa8d-d4c6aa698cf2 by user d26831b8-20ef-4b10-8a1c-737a83d9b21f[39m
[32m[Nest] 32608  - [39m2026. 03. 24. 오전 2:20:13 [32m    LOG[39m [38;5;3m[CustomerProductsController] [39m[32mUser d26831b8-20ef-4b10-8a1c-737a83d9b21f fetching categories for branch a67d67b2-d8ca-4f93-bb3c-e0068d6a2c73[39m
[32m[Nest] 32608  - [39m2026. 03. 24. 오전 2:20:13 [32m    LOG[39m [38;5;3m[CustomerProductsService] [39m[32mFetching categories for branch a67d67b2-d8ca-4f93-bb3c-e0068d6a2c73 by user d26831b8-20ef-4b10-8a1c-737a83d9b21f[39m
[33m[Nest] 32608  - [39m2026. 03. 24. 오전 2:20:13 [33m   WARN[39m [38;5;3m[CustomerOrdersService] [39m[33mFailed to load order payment methods for customer orders: column orders.payment_method does not exist[39m
[32m[Nest] 32608  - [39m2026. 03. 24. 오전 2:20:13 [32m    LOG[39m [38;5;3m[CustomerOrdersService] [39m[32mFetched 0 orders[39m
[32m[Nest] 32608  - [39m2026. 03. 24. 오전 2:20:13 [32m    LOG[39m [38;5;3m[HTTP] [39m[32mGET /customer/orders?page=1&limit=1&dateStart=2026-03-24&dateEnd=2026-03-24&status=REFUNDED - 493ms[39m
[32m[Nest] 32608  - [39m2026. 03. 24. 오전 2:20:13 [32m    LOG[39m [38;5;3m[CustomerOrdersService] [39m[32mFetched 0 orders[39m
[32m[Nest] 32608  - [39m2026. 03. 24. 오전 2:20:13 [32m    LOG[39m [38;5;3m[HTTP] [39m[32mGET /customer/orders?page=1&limit=1&dateStart=2026-03-24&dateEnd=2026-03-24&status=CANCELLED - 503ms[39m
[32m[Nest] 32608  - [39m2026. 03. 24. 오전 2:20:13 [32m    LOG[39m [38;5;3m[HTTP] [39m[32mGET /customer/products/categories?branchId=7e69751d-eda7-4257-8f7d-871e83e95a00 - 334ms[39m
[32m[Nest] 32608  - [39m2026. 03. 24. 오전 2:20:13 [32m    LOG[39m [38;5;3m[HTTP] [39m[32mGET /customer/products/categories?branchId=a67d67b2-d8ca-4f93-bb3c-e0068d6a2c73 - 331ms[39m
[32m[Nest] 32608  - [39m2026. 03. 24. 오전 2:20:13 [32m    LOG[39m [38;5;3m[HTTP] [39m[32mGET /customer/products/categories?branchId=051d7e95-8a82-44d3-aa8d-d4c6aa698cf2 - 349ms[39m
[32m[Nest] 32608  - [39m2026. 03. 24. 오전 2:20:13 [32m    LOG[39m [38;5;3m[CustomerOrdersService] [39m[32mFetched 1 orders[39m
[32m[Nest] 32608  - [39m2026. 03. 24. 오전 2:20:13 [32m    LOG[39m [38;5;3m[HTTP] [39m[32mGET /customer/orders?page=1&limit=1&dateStart=2026-03-24&dateEnd=2026-03-24&status=CREATED - 1661ms[39m
[33m[Nest] 32608  - [39m2026. 03. 24. 오전 2:20:13 [33m   WARN[39m [38;5;3m[DepositSyncService] [39m[33mDuplicate deposit sheet mapping detected for "시트1" in spreadsheet "1MSwPe5z2ebuU1xNginda2Rt4d4sLrBXh9p5M4rNSKPI". Only the first branch will be used.[39m
[32m[Nest] 32608  - [39m2026. 03. 24. 오전 2:20:14 [32m    LOG[39m [38;5;3m[CustomerBranchesController] [39m[32mUser d26831b8-20ef-4b10-8a1c-737a83d9b21f fetching branches (all)[39m
[32m[Nest] 32608  - [39m2026. 03. 24. 오전 2:20:14 [32m    LOG[39m [38;5;3m[CustomerBranchesService] [39m[32mFetching all accessible branches for user d26831b8-20ef-4b10-8a1c-737a83d9b21f[39m
[32m[Nest] 32608  - [39m2026. 03. 24. 오전 2:20:14 [32m    LOG[39m [38;5;3m[CustomerBranchesService] [39m[32mFetched 3 accessible branches for user d26831b8-20ef-4b10-8a1c-737a83d9b21f[39m
[32m[Nest] 32608  - [39m2026. 03. 24. 오전 2:20:14 [32m    LOG[39m [38;5;3m[HTTP] [39m[32mGET /customer/branches - 160ms[39m
[32m[Nest] 32608  - [39m2026. 03. 24. 오전 2:20:14 [32m    LOG[39m [38;5;3m[CustomerGuard] [39m[32mCustomerGuard: User d26831b8-20ef-4b10-8a1c-737a83d9b21f authorized with 1 brand(s) and 0 branch(es)[39m
[32m[Nest] 32608  - [39m2026. 03. 24. 오전 2:20:14 [32m    LOG[39m [38;5;3m[CustomerOrdersController] [39m[32mUser d26831b8-20ef-4b10-8a1c-737a83d9b21f fetching orders (all branches)[39m
[32m[Nest] 32608  - [39m2026. 03. 24. 오전 2:20:14 [32m    LOG[39m [38;5;3m[CustomerOrdersService] [39m[32mFetching orders (all branches) by user d26831b8-20ef-4b10-8a1c-737a83d9b21f[39m
[32m[Nest] 32608  - [39m2026. 03. 24. 오전 2:20:14 [32m    LOG[39m [38;5;3m[CustomerGuard] [39m[32mCustomerGuard: User d26831b8-20ef-4b10-8a1c-737a83d9b21f authorized with 1 brand(s) and 0 branch(es)[39m
[32m[Nest] 32608  - [39m2026. 03. 24. 오전 2:20:14 [32m    LOG[39m [38;5;3m[CustomerOrdersController] [39m[32mUser d26831b8-20ef-4b10-8a1c-737a83d9b21f fetching orders (all branches)[39m
[32m[Nest] 32608  - [39m2026. 03. 24. 오전 2:20:14 [32m    LOG[39m [38;5;3m[CustomerOrdersService] [39m[32mFetching orders (all branches) by user d26831b8-20ef-4b10-8a1c-737a83d9b21f[39m
[32m[Nest] 32608  - [39m2026. 03. 24. 오전 2:20:14 [32m    LOG[39m [38;5;3m[CustomerBrandsService] [39m[32mFetching brands for user: d26831b8-20ef-4b10-8a1c-737a83d9b21f[39m
[32m[Nest] 32608  - [39m2026. 03. 24. 오전 2:20:14 [32m    LOG[39m [38;5;3m[CustomerBrandsService] [39m[32mFetched 1 brands for user: d26831b8-20ef-4b10-8a1c-737a83d9b21f[39m
[32m[Nest] 32608  - [39m2026. 03. 24. 오전 2:20:14 [32m    LOG[39m [38;5;3m[HTTP] [39m[32mGET /customer/brands - 163ms[39m
[33m[Nest] 32608  - [39m2026. 03. 24. 오전 2:20:15 [33m   WARN[39m [38;5;3m[CustomerOrdersService] [39m[33mFailed to load order payment methods for customer orders: column orders.payment_method does not exist[39m
[33m[Nest] 32608  - [39m2026. 03. 24. 오전 2:20:15 [33m   WARN[39m [38;5;3m[CustomerOrdersService] [39m[33mFailed to load order payment methods for customer orders: column orders.payment_method does not exist[39m
[32m[Nest] 32608  - [39m2026. 03. 24. 오전 2:20:15 [32m    LOG[39m [38;5;3m[CustomerOrdersService] [39m[32mFetched 1 orders[39m
[32m[Nest] 32608  - [39m2026. 03. 24. 오전 2:20:15 [32m    LOG[39m [38;5;3m[HTTP] [39m[32mGET /customer/orders?page=1&limit=1&dateStart=2026-03-24&dateEnd=2026-03-24 - 1514ms[39m
[32m[Nest] 32608  - [39m2026. 03. 24. 오전 2:20:15 [32m    LOG[39m [38;5;3m[CustomerOrdersController] [39m[32mUser d26831b8-20ef-4b10-8a1c-737a83d9b21f fetching orders (all branches)[39m
[32m[Nest] 32608  - [39m2026. 03. 24. 오전 2:20:15 [32m    LOG[39m [38;5;3m[CustomerOrdersService] [39m[32mFetching orders (all branches) by user d26831b8-20ef-4b10-8a1c-737a83d9b21f[39m
[32m[Nest] 32608  - [39m2026. 03. 24. 오전 2:20:15 [32m    LOG[39m [38;5;3m[CustomerOrdersController] [39m[32mUser d26831b8-20ef-4b10-8a1c-737a83d9b21f fetching orders (all branches)[39m
[32m[Nest] 32608  - [39m2026. 03. 24. 오전 2:20:15 [32m    LOG[39m [38;5;3m[CustomerOrdersService] [39m[32mFetching orders (all branches) by user d26831b8-20ef-4b10-8a1c-737a83d9b21f[39m
[32m[Nest] 32608  - [39m2026. 03. 24. 오전 2:20:15 [32m    LOG[39m [38;5;3m[CustomerOrdersController] [39m[32mUser d26831b8-20ef-4b10-8a1c-737a83d9b21f fetching orders (all branches)[39m
[32m[Nest] 32608  - [39m2026. 03. 24. 오전 2:20:15 [32m    LOG[39m [38;5;3m[CustomerOrdersService] [39m[32mFetching orders (all branches) by user d26831b8-20ef-4b10-8a1c-737a83d9b21f[39m
[32m[Nest] 32608  - [39m2026. 03. 24. 오전 2:20:15 [32m    LOG[39m [38;5;3m[CustomerOrdersController] [39m[32mUser d26831b8-20ef-4b10-8a1c-737a83d9b21f fetching orders (all branches)[39m
[32m[Nest] 32608  - [39m2026. 03. 24. 오전 2:20:15 [32m    LOG[39m [38;5;3m[CustomerOrdersService] [39m[32mFetching orders (all branches) by user d26831b8-20ef-4b10-8a1c-737a83d9b21f[39m
[32m[Nest] 32608  - [39m2026. 03. 24. 오전 2:20:15 [32m    LOG[39m [38;5;3m[CustomerOrdersController] [39m[32mUser d26831b8-20ef-4b10-8a1c-737a83d9b21f fetching orders (all branches)[39m
[32m[Nest] 32608  - [39m2026. 03. 24. 오전 2:20:15 [32m    LOG[39m [38;5;3m[CustomerOrdersService] [39m[32mFetching orders (all branches) by user d26831b8-20ef-4b10-8a1c-737a83d9b21f[39m
[32m[Nest] 32608  - [39m2026. 03. 24. 오전 2:20:15 [32m    LOG[39m [38;5;3m[CustomerOrdersService] [39m[32mFetched 8 orders[39m
[32m[Nest] 32608  - [39m2026. 03. 24. 오전 2:20:15 [32m    LOG[39m [38;5;3m[HTTP] [39m[32mGET /customer/orders?page=1&limit=20&dateStart=2026-03-24&dateEnd=2026-03-24 - 1537ms[39m
[32m[Nest] 32608  - [39m2026. 03. 24. 오전 2:20:15 [32m    LOG[39m [38;5;3m[CustomerOrdersController] [39m[32mUser d26831b8-20ef-4b10-8a1c-737a83d9b21f fetching orders (all branches)[39m
[32m[Nest] 32608  - [39m2026. 03. 24. 오전 2:20:15 [32m    LOG[39m [38;5;3m[CustomerOrdersService] [39m[32mFetching orders (all branches) by user d26831b8-20ef-4b10-8a1c-737a83d9b21f[39m
[32m[Nest] 32608  - [39m2026. 03. 24. 오전 2:20:16 [32m    LOG[39m [38;5;3m[CustomerOrdersService] [39m[32mFetched 0 orders[39m
[32m[Nest] 32608  - [39m2026. 03. 24. 오전 2:20:16 [32m    LOG[39m [38;5;3m[HTTP] [39m[32mGET /customer/orders?page=1&limit=1&dateStart=2026-03-24&dateEnd=2026-03-24&status=CANCELLED - 487ms[39m
[32m[Nest] 32608  - [39m2026. 03. 24. 오전 2:20:16 [32m    LOG[39m [38;5;3m[CustomerOrdersController] [39m[32mUser d26831b8-20ef-4b10-8a1c-737a83d9b21f fetching orders (all branches)[39m
[32m[Nest] 32608  - [39m2026. 03. 24. 오전 2:20:16 [32m    LOG[39m [38;5;3m[CustomerOrdersService] [39m[32mFetching orders (all branches) by user d26831b8-20ef-4b10-8a1c-737a83d9b21f[39m
[32m[Nest] 32608  - [39m2026. 03. 24. 오전 2:20:16 [32m    LOG[39m [38;5;3m[CustomerOrdersService] [39m[32mFetched 0 orders[39m
[32m[Nest] 32608  - [39m2026. 03. 24. 오전 2:20:16 [32m    LOG[39m [38;5;3m[HTTP] [39m[32mGET /customer/orders?page=1&limit=1&dateStart=2026-03-24&dateEnd=2026-03-24&status=PREPARING - 514ms[39m
[32m[Nest] 32608  - [39m2026. 03. 24. 오전 2:20:16 [32m    LOG[39m [38;5;3m[CustomerOrdersService] [39m[32mFetched 0 orders[39m
[32m[Nest] 32608  - [39m2026. 03. 24. 오전 2:20:16 [32m    LOG[39m [38;5;3m[HTTP] [39m[32mGET /customer/orders?page=1&limit=1&dateStart=2026-03-24&dateEnd=2026-03-24&status=CONFIRMED - 521ms[39m
[32m[Nest] 32608  - [39m2026. 03. 24. 오전 2:20:16 [32m    LOG[39m [38;5;3m[CustomerOrdersService] [39m[32mFetched 0 orders[39m
[32m[Nest] 32608  - [39m2026. 03. 24. 오전 2:20:16 [32m    LOG[39m [38;5;3m[HTTP] [39m[32mGET /customer/orders?page=1&limit=1&dateStart=2026-03-24&dateEnd=2026-03-24&status=READY - 521ms[39m
[32m[Nest] 32608  - [39m2026. 03. 24. 오전 2:20:16 [32m    LOG[39m [38;5;3m[CustomerOrdersService] [39m[32mFetched 0 orders[39m
[32m[Nest] 32608  - [39m2026. 03. 24. 오전 2:20:16 [32m    LOG[39m [38;5;3m[HTTP] [39m[32mGET /customer/orders?page=1&limit=1&dateStart=2026-03-24&dateEnd=2026-03-24&status=COMPLETED - 523ms[39m
[32m[Nest] 32608  - [39m2026. 03. 24. 오전 2:20:16 [32m    LOG[39m [38;5;3m[CustomerOrdersService] [39m[32mFetched 0 orders[39m
[32m[Nest] 32608  - [39m2026. 03. 24. 오전 2:20:16 [32m    LOG[39m [38;5;3m[HTTP] [39m[32mGET /customer/orders?page=1&limit=1&dateStart=2026-03-24&dateEnd=2026-03-24&status=REFUNDED - 484ms[39m
[33m[Nest] 32608  - [39m2026. 03. 24. 오전 2:20:16 [33m   WARN[39m [38;5;3m[CustomerOrdersService] [39m[33mFailed to load order payment methods for customer orders: column orders.payment_method does not exist[39m
[32m[Nest] 32608  - [39m2026. 03. 24. 오전 2:20:17 [32m    LOG[39m [38;5;3m[CustomerOrdersService] [39m[32mFetched 1 orders[39m
[32m[Nest] 32608  - [39m2026. 03. 24. 오전 2:20:17 [32m    LOG[39m [38;5;3m[HTTP] [39m[32mGET /customer/orders?page=1&limit=1&dateStart=2026-03-24&dateEnd=2026-03-24&status=CREATED - 1500ms[39m
[32m[Nest] 32608  - [39m2026. 03. 24. 오전 2:20:22 [32m    LOG[39m [38;5;3m[CustomerOrdersController] [39m[32mUser d26831b8-20ef-4b10-8a1c-737a83d9b21f fetching order eb47f08e-34bc-4a5c-b3f3-1748bcf6d26e[39m
[32m[Nest] 32608  - [39m2026. 03. 24. 오전 2:20:22 [32m    LOG[39m [38;5;3m[CustomerOrdersService] [39m[32mFetching order eb47f08e-34bc-4a5c-b3f3-1748bcf6d26e by user d26831b8-20ef-4b10-8a1c-737a83d9b21f[39m
[33m[Nest] 32608  - [39m2026. 03. 24. 오전 2:20:23 [33m   WARN[39m [38;5;3m[CustomerOrdersService] [39m[33mFailed to load order payment methods for customer orders: column orders.payment_method does not exist[39m
[32m[Nest] 32608  - [39m2026. 03. 24. 오전 2:20:24 [32m    LOG[39m [38;5;3m[HTTP] [39m[32mGET /customer/orders/eb47f08e-34bc-4a5c-b3f3-1748bcf6d26e - 1168ms[39m
[32m[Nest] 32608  - [39m2026. 03. 24. 오전 2:20:27 [32m    LOG[39m [38;5;3m[CustomerBranchesController] [39m[32mUser d26831b8-20ef-4b10-8a1c-737a83d9b21f fetching branches (all)[39m
[32m[Nest] 32608  - [39m2026. 03. 24. 오전 2:20:27 [32m    LOG[39m [38;5;3m[CustomerBranchesService] [39m[32mFetching all accessible branches for user d26831b8-20ef-4b10-8a1c-737a83d9b21f[39m
[32m[Nest] 32608  - [39m2026. 03. 24. 오전 2:20:27 [32m    LOG[39m [38;5;3m[CustomerOrdersController] [39m[32mUser d26831b8-20ef-4b10-8a1c-737a83d9b21f fetching orders (all branches)[39m
[32m[Nest] 32608  - [39m2026. 03. 24. 오전 2:20:27 [32m    LOG[39m [38;5;3m[CustomerOrdersService] [39m[32mFetching orders (all branches) by user d26831b8-20ef-4b10-8a1c-737a83d9b21f[39m
[32m[Nest] 32608  - [39m2026. 03. 24. 오전 2:20:27 [32m    LOG[39m [38;5;3m[CustomerOrdersController] [39m[32mUser d26831b8-20ef-4b10-8a1c-737a83d9b21f fetching orders (all branches)[39m
[32m[Nest] 32608  - [39m2026. 03. 24. 오전 2:20:27 [32m    LOG[39m [38;5;3m[CustomerOrdersService] [39m[32mFetching orders (all branches) by user d26831b8-20ef-4b10-8a1c-737a83d9b21f[39m
[32m[Nest] 32608  - [39m2026. 03. 24. 오전 2:20:27 [32m    LOG[39m [38;5;3m[CustomerBranchesService] [39m[32mFetched 3 accessible branches for user d26831b8-20ef-4b10-8a1c-737a83d9b21f[39m
[32m[Nest] 32608  - [39m2026. 03. 24. 오전 2:20:27 [32m    LOG[39m [38;5;3m[HTTP] [39m[32mGET /customer/branches - 160ms[39m
[32m[Nest] 32608  - [39m2026. 03. 24. 오전 2:20:28 [32m    LOG[39m [38;5;3m[CustomerBrandsService] [39m[32mFetching brands for user: d26831b8-20ef-4b10-8a1c-737a83d9b21f[39m
[32m[Nest] 32608  - [39m2026. 03. 24. 오전 2:20:28 [32m    LOG[39m [38;5;3m[CustomerBrandsService] [39m[32mFetched 1 brands for user: d26831b8-20ef-4b10-8a1c-737a83d9b21f[39m
[32m[Nest] 32608  - [39m2026. 03. 24. 오전 2:20:28 [32m    LOG[39m [38;5;3m[HTTP] [39m[32mGET /customer/brands - 191ms[39m
[33m[Nest] 32608  - [39m2026. 03. 24. 오전 2:20:28 [33m   WARN[39m [38;5;3m[CustomerOrdersService] [39m[33mFailed to load order payment methods for customer orders: column orders.payment_method does not exist[39m
[33m[Nest] 32608  - [39m2026. 03. 24. 오전 2:20:28 [33m   WARN[39m [38;5;3m[CustomerOrdersService] [39m[33mFailed to load order payment methods for customer orders: column orders.payment_method does not exist[39m
[32m[Nest] 32608  - [39m2026. 03. 24. 오전 2:20:29 [32m    LOG[39m [38;5;3m[CustomerOrdersService] [39m[32mFetched 1 orders[39m
[32m[Nest] 32608  - [39m2026. 03. 24. 오전 2:20:29 [32m    LOG[39m [38;5;3m[HTTP] [39m[32mGET /customer/orders?page=1&limit=1&dateStart=2026-03-24&dateEnd=2026-03-24 - 1466ms[39m
[32m[Nest] 32608  - [39m2026. 03. 24. 오전 2:20:29 [32m    LOG[39m [38;5;3m[CustomerOrdersController] [39m[32mUser d26831b8-20ef-4b10-8a1c-737a83d9b21f fetching orders (all branches)[39m
[32m[Nest] 32608  - [39m2026. 03. 24. 오전 2:20:29 [32m    LOG[39m [38;5;3m[CustomerOrdersService] [39m[32mFetching orders (all branches) by user d26831b8-20ef-4b10-8a1c-737a83d9b21f[39m
[32m[Nest] 32608  - [39m2026. 03. 24. 오전 2:20:29 [32m    LOG[39m [38;5;3m[CustomerOrdersController] [39m[32mUser d26831b8-20ef-4b10-8a1c-737a83d9b21f fetching orders (all branches)[39m
[32m[Nest] 32608  - [39m2026. 03. 24. 오전 2:20:29 [32m    LOG[39m [38;5;3m[CustomerOrdersService] [39m[32mFetching orders (all branches) by user d26831b8-20ef-4b10-8a1c-737a83d9b21f[39m
[32m[Nest] 32608  - [39m2026. 03. 24. 오전 2:20:29 [32m    LOG[39m [38;5;3m[CustomerOrdersController] [39m[32mUser d26831b8-20ef-4b10-8a1c-737a83d9b21f fetching orders (all branches)[39m
[32m[Nest] 32608  - [39m2026. 03. 24. 오전 2:20:29 [32m    LOG[39m [38;5;3m[CustomerOrdersService] [39m[32mFetching orders (all branches) by user d26831b8-20ef-4b10-8a1c-737a83d9b21f[39m
[32m[Nest] 32608  - [39m2026. 03. 24. 오전 2:20:29 [32m    LOG[39m [38;5;3m[CustomerOrdersController] [39m[32mUser d26831b8-20ef-4b10-8a1c-737a83d9b21f fetching orders (all branches)[39m
[32m[Nest] 32608  - [39m2026. 03. 24. 오전 2:20:29 [32m    LOG[39m [38;5;3m[CustomerOrdersService] [39m[32mFetching orders (all branches) by user d26831b8-20ef-4b10-8a1c-737a83d9b21f[39m
[32m[Nest] 32608  - [39m2026. 03. 24. 오전 2:20:29 [32m    LOG[39m [38;5;3m[CustomerOrdersController] [39m[32mUser d26831b8-20ef-4b10-8a1c-737a83d9b21f fetching orders (all branches)[39m
[32m[Nest] 32608  - [39m2026. 03. 24. 오전 2:20:29 [32m    LOG[39m [38;5;3m[CustomerOrdersService] [39m[32mFetching orders (all branches) by user d26831b8-20ef-4b10-8a1c-737a83d9b21f[39m
[32m[Nest] 32608  - [39m2026. 03. 24. 오전 2:20:29 [32m    LOG[39m [38;5;3m[CustomerOrdersService] [39m[32mFetched 8 orders[39m
[32m[Nest] 32608  - [39m2026. 03. 24. 오전 2:20:29 [32m    LOG[39m [38;5;3m[HTTP] [39m[32mGET /customer/orders?page=1&limit=20&dateStart=2026-03-24&dateEnd=2026-03-24 - 1486ms[39m
[32m[Nest] 32608  - [39m2026. 03. 24. 오전 2:20:29 [32m    LOG[39m [38;5;3m[CustomerOrdersController] [39m[32mUser d26831b8-20ef-4b10-8a1c-737a83d9b21f fetching orders (all branches)[39m
[32m[Nest] 32608  - [39m2026. 03. 24. 오전 2:20:29 [32m    LOG[39m [38;5;3m[CustomerOrdersService] [39m[32mFetching orders (all branches) by user d26831b8-20ef-4b10-8a1c-737a83d9b21f[39m
[32m[Nest] 32608  - [39m2026. 03. 24. 오전 2:20:29 [32m    LOG[39m [38;5;3m[CustomerOrdersService] [39m[32mFetched 0 orders[39m
[32m[Nest] 32608  - [39m2026. 03. 24. 오전 2:20:29 [32m    LOG[39m [38;5;3m[HTTP] [39m[32mGET /customer/orders?page=1&limit=1&dateStart=2026-03-24&dateEnd=2026-03-24&status=CONFIRMED - 591ms[39m
[32m[Nest] 32608  - [39m2026. 03. 24. 오전 2:20:29 [32m    LOG[39m [38;5;3m[CustomerOrdersController] [39m[32mUser d26831b8-20ef-4b10-8a1c-737a83d9b21f fetching orders (all branches)[39m
[32m[Nest] 32608  - [39m2026. 03. 24. 오전 2:20:29 [32m    LOG[39m [38;5;3m[CustomerOrdersService] [39m[32mFetching orders (all branches) by user d26831b8-20ef-4b10-8a1c-737a83d9b21f[39m
[32m[Nest] 32608  - [39m2026. 03. 24. 오전 2:20:29 [32m    LOG[39m [38;5;3m[CustomerOrdersService] [39m[32mFetched 0 orders[39m
[32m[Nest] 32608  - [39m2026. 03. 24. 오전 2:20:29 [32m    LOG[39m [38;5;3m[HTTP] [39m[32mGET /customer/orders?page=1&limit=1&dateStart=2026-03-24&dateEnd=2026-03-24&status=CANCELLED - 592ms[39m
[32m[Nest] 32608  - [39m2026. 03. 24. 오전 2:20:29 [32m    LOG[39m [38;5;3m[CustomerOrdersService] [39m[32mFetched 0 orders[39m
[32m[Nest] 32608  - [39m2026. 03. 24. 오전 2:20:29 [32m    LOG[39m [38;5;3m[HTTP] [39m[32mGET /customer/orders?page=1&limit=1&dateStart=2026-03-24&dateEnd=2026-03-24&status=COMPLETED - 600ms[39m
[32m[Nest] 32608  - [39m2026. 03. 24. 오전 2:20:29 [32m    LOG[39m [38;5;3m[CustomerOrdersService] [39m[32mFetched 0 orders[39m
[32m[Nest] 32608  - [39m2026. 03. 24. 오전 2:20:29 [32m    LOG[39m [38;5;3m[HTTP] [39m[32mGET /customer/orders?page=1&limit=1&dateStart=2026-03-24&dateEnd=2026-03-24&status=READY - 607ms[39m
[32m[Nest] 32608  - [39m2026. 03. 24. 오전 2:20:29 [32m    LOG[39m [38;5;3m[CustomerOrdersService] [39m[32mFetched 0 orders[39m
[32m[Nest] 32608  - [39m2026. 03. 24. 오전 2:20:29 [32m    LOG[39m [38;5;3m[HTTP] [39m[32mGET /customer/orders?page=1&limit=1&dateStart=2026-03-24&dateEnd=2026-03-24&status=PREPARING - 624ms[39m
[33m[Nest] 32608  - [39m2026. 03. 24. 오전 2:20:30 [33m   WARN[39m [38;5;3m[CustomerOrdersService] [39m[33mFailed to load order payment methods for customer orders: column orders.payment_method does not exist[39m
[32m[Nest] 32608  - [39m2026. 03. 24. 오전 2:20:30 [32m    LOG[39m [38;5;3m[CustomerOrdersService] [39m[32mFetched 0 orders[39m
[32m[Nest] 32608  - [39m2026. 03. 24. 오전 2:20:30 [32m    LOG[39m [38;5;3m[HTTP] [39m[32mGET /customer/orders?page=1&limit=1&dateStart=2026-03-24&dateEnd=2026-03-24&status=REFUNDED - 484ms[39m
[32m[Nest] 32608  - [39m2026. 03. 24. 오전 2:20:30 [32m    LOG[39m [38;5;3m[CustomerOrdersService] [39m[32mFetched 1 orders[39m
[32m[Nest] 32608  - [39m2026. 03. 24. 오전 2:20:30 [32m    LOG[39m [38;5;3m[HTTP] [39m[32mGET /customer/orders?page=1&limit=1&dateStart=2026-03-24&dateEnd=2026-03-24&status=CREATED - 1693ms[39m
[32m[Nest] 32608  - [39m2026. 03. 24. 오전 2:20:38 [32m    LOG[39m [38;5;3m[CustomerOrdersController] [39m[32mUser d26831b8-20ef-4b10-8a1c-737a83d9b21f fetching orders (all branches)[39m
[32m[Nest] 32608  - [39m2026. 03. 24. 오전 2:20:38 [32m    LOG[39m [38;5;3m[CustomerOrdersService] [39m[32mFetching orders (all branches) by user d26831b8-20ef-4b10-8a1c-737a83d9b21f[39m
[32m[Nest] 32608  - [39m2026. 03. 24. 오전 2:20:38 [32m    LOG[39m [38;5;3m[CustomerOrdersController] [39m[32mUser d26831b8-20ef-4b10-8a1c-737a83d9b21f fetching orders (all branches)[39m
[32m[Nest] 32608  - [39m2026. 03. 24. 오전 2:20:38 [32m    LOG[39m [38;5;3m[CustomerOrdersService] [39m[32mFetching orders (all branches) by user d26831b8-20ef-4b10-8a1c-737a83d9b21f[39m
[33m[Nest] 32608  - [39m2026. 03. 24. 오전 2:20:39 [33m   WARN[39m [38;5;3m[CustomerOrdersService] [39m[33mFailed to load order payment methods for customer orders: column orders.payment_method does not exist[39m
[33m[Nest] 32608  - [39m2026. 03. 24. 오전 2:20:39 [33m   WARN[39m [38;5;3m[CustomerOrdersService] [39m[33mFailed to load order payment methods for customer orders: column orders.payment_method does not exist[39m
[32m[Nest] 32608  - [39m2026. 03. 24. 오전 2:20:39 [32m    LOG[39m [38;5;3m[CustomerOrdersService] [39m[32mFetched 1 orders[39m
[32m[Nest] 32608  - [39m2026. 03. 24. 오전 2:20:39 [32m    LOG[39m [38;5;3m[HTTP] [39m[32mGET /customer/orders?page=1&limit=1&dateStart=2026-03-24&dateEnd=2026-03-24 - 1512ms[39m
[32m[Nest] 32608  - [39m2026. 03. 24. 오전 2:20:39 [32m    LOG[39m [38;5;3m[CustomerOrdersController] [39m[32mUser d26831b8-20ef-4b10-8a1c-737a83d9b21f fetching orders (all branches)[39m
[32m[Nest] 32608  - [39m2026. 03. 24. 오전 2:20:39 [32m    LOG[39m [38;5;3m[CustomerOrdersService] [39m[32mFetching orders (all branches) by user d26831b8-20ef-4b10-8a1c-737a83d9b21f[39m
[32m[Nest] 32608  - [39m2026. 03. 24. 오전 2:20:39 [32m    LOG[39m [38;5;3m[CustomerOrdersController] [39m[32mUser d26831b8-20ef-4b10-8a1c-737a83d9b21f fetching orders (all branches)[39m
[32m[Nest] 32608  - [39m2026. 03. 24. 오전 2:20:39 [32m    LOG[39m [38;5;3m[CustomerOrdersService] [39m[32mFetching orders (all branches) by user d26831b8-20ef-4b10-8a1c-737a83d9b21f[39m
[32m[Nest] 32608  - [39m2026. 03. 24. 오전 2:20:39 [32m    LOG[39m [38;5;3m[CustomerOrdersController] [39m[32mUser d26831b8-20ef-4b10-8a1c-737a83d9b21f fetching orders (all branches)[39m
[32m[Nest] 32608  - [39m2026. 03. 24. 오전 2:20:39 [32m    LOG[39m [38;5;3m[CustomerOrdersService] [39m[32mFetching orders (all branches) by user d26831b8-20ef-4b10-8a1c-737a83d9b21f[39m
[32m[Nest] 32608  - [39m2026. 03. 24. 오전 2:20:39 [32m    LOG[39m [38;5;3m[CustomerOrdersController] [39m[32mUser d26831b8-20ef-4b10-8a1c-737a83d9b21f fetching orders (all branches)[39m
[32m[Nest] 32608  - [39m2026. 03. 24. 오전 2:20:39 [32m    LOG[39m [38;5;3m[CustomerOrdersService] [39m[32mFetching orders (all branches) by user d26831b8-20ef-4b10-8a1c-737a83d9b21f[39m
[32m[Nest] 32608  - [39m2026. 03. 24. 오전 2:20:39 [32m    LOG[39m [38;5;3m[CustomerOrdersController] [39m[32mUser d26831b8-20ef-4b10-8a1c-737a83d9b21f fetching orders (all branches)[39m
[32m[Nest] 32608  - [39m2026. 03. 24. 오전 2:20:39 [32m    LOG[39m [38;5;3m[CustomerOrdersService] [39m[32mFetching orders (all branches) by user d26831b8-20ef-4b10-8a1c-737a83d9b21f[39m
[32m[Nest] 32608  - [39m2026. 03. 24. 오전 2:20:39 [32m    LOG[39m [38;5;3m[CustomerOrdersService] [39m[32mFetched 8 orders[39m
[32m[Nest] 32608  - [39m2026. 03. 24. 오전 2:20:39 [32m    LOG[39m [38;5;3m[HTTP] [39m[32mGET /customer/orders?page=1&limit=20&dateStart=2026-03-24&dateEnd=2026-03-24 - 1481ms[39m
[32m[Nest] 32608  - [39m2026. 03. 24. 오전 2:20:39 [32m    LOG[39m [38;5;3m[CustomerOrdersController] [39m[32mUser d26831b8-20ef-4b10-8a1c-737a83d9b21f fetching orders (all branches)[39m
[32m[Nest] 32608  - [39m2026. 03. 24. 오전 2:20:39 [32m    LOG[39m [38;5;3m[CustomerOrdersService] [39m[32mFetching orders (all branches) by user d26831b8-20ef-4b10-8a1c-737a83d9b21f[39m
[32m[Nest] 32608  - [39m2026. 03. 24. 오전 2:20:40 [32m    LOG[39m [38;5;3m[CustomerOrdersService] [39m[32mFetched 0 orders[39m
[32m[Nest] 32608  - [39m2026. 03. 24. 오전 2:20:40 [32m    LOG[39m [38;5;3m[HTTP] [39m[32mGET /customer/orders?page=1&limit=1&dateStart=2026-03-24&dateEnd=2026-03-24&status=CONFIRMED - 581ms[39m
[32m[Nest] 32608  - [39m2026. 03. 24. 오전 2:20:40 [32m    LOG[39m [38;5;3m[CustomerOrdersController] [39m[32mUser d26831b8-20ef-4b10-8a1c-737a83d9b21f fetching orders (all branches)[39m
[32m[Nest] 32608  - [39m2026. 03. 24. 오전 2:20:40 [32m    LOG[39m [38;5;3m[CustomerOrdersService] [39m[32mFetching orders (all branches) by user d26831b8-20ef-4b10-8a1c-737a83d9b21f[39m
[32m[Nest] 32608  - [39m2026. 03. 24. 오전 2:20:40 [32m    LOG[39m [38;5;3m[CustomerOrdersService] [39m[32mFetched 0 orders[39m
[32m[Nest] 32608  - [39m2026. 03. 24. 오전 2:20:40 [32m    LOG[39m [38;5;3m[HTTP] [39m[32mGET /customer/orders?page=1&limit=1&dateStart=2026-03-24&dateEnd=2026-03-24&status=READY - 767ms[39m
[32m[Nest] 32608  - [39m2026. 03. 24. 오전 2:20:40 [32m    LOG[39m [38;5;3m[CustomerOrdersService] [39m[32mFetched 0 orders[39m
[32m[Nest] 32608  - [39m2026. 03. 24. 오전 2:20:40 [32m    LOG[39m [38;5;3m[HTTP] [39m[32mGET /customer/orders?page=1&limit=1&dateStart=2026-03-24&dateEnd=2026-03-24&status=COMPLETED - 767ms[39m
[32m[Nest] 32608  - [39m2026. 03. 24. 오전 2:20:40 [32m    LOG[39m [38;5;3m[CustomerOrdersService] [39m[32mFetched 0 orders[39m
[32m[Nest] 32608  - [39m2026. 03. 24. 오전 2:20:40 [32m    LOG[39m [38;5;3m[HTTP] [39m[32mGET /customer/orders?page=1&limit=1&dateStart=2026-03-24&dateEnd=2026-03-24&status=CANCELLED - 734ms[39m
[32m[Nest] 32608  - [39m2026. 03. 24. 오전 2:20:40 [32m    LOG[39m [38;5;3m[CustomerOrdersService] [39m[32mFetched 0 orders[39m
[32m[Nest] 32608  - [39m2026. 03. 24. 오전 2:20:40 [32m    LOG[39m [38;5;3m[HTTP] [39m[32mGET /customer/orders?page=1&limit=1&dateStart=2026-03-24&dateEnd=2026-03-24&status=PREPARING - 798ms[39m
[33m[Nest] 32608  - [39m2026. 03. 24. 오전 2:20:40 [33m   WARN[39m [38;5;3m[CustomerOrdersService] [39m[33mFailed to load order payment methods for customer orders: column orders.payment_method does not exist[39m
[32m[Nest] 32608  - [39m2026. 03. 24. 오전 2:20:40 [32m    LOG[39m [38;5;3m[CustomerOrdersService] [39m[32mFetched 0 orders[39m
[32m[Nest] 32608  - [39m2026. 03. 24. 오전 2:20:40 [32m    LOG[39m [38;5;3m[HTTP] [39m[32mGET /customer/orders?page=1&limit=1&dateStart=2026-03-24&dateEnd=2026-03-24&status=REFUNDED - 534ms[39m
[32m[Nest] 32608  - [39m2026. 03. 24. 오전 2:20:41 [32m    LOG[39m [38;5;3m[CustomerOrdersService] [39m[32mFetched 1 orders[39m
[32m[Nest] 32608  - [39m2026. 03. 24. 오전 2:20:41 [32m    LOG[39m [38;5;3m[HTTP] [39m[32mGET /customer/orders?page=1&limit=1&dateStart=2026-03-24&dateEnd=2026-03-24&status=CREATED - 1614ms[39m
[32m[Nest] 32608  - [39m2026. 03. 24. 오전 2:20:44 [32m    LOG[39m [38;5;3m[CustomerGuard] [39m[32mCustomerGuard: User d26831b8-20ef-4b10-8a1c-737a83d9b21f authorized with 1 brand(s) and 0 branch(es)[39m
[32m[Nest] 32608  - [39m2026. 03. 24. 오전 2:20:44 [32m    LOG[39m [38;5;3m[InventoryController] [39m[32mUser d26831b8-20ef-4b10-8a1c-737a83d9b21f fetching low stock alerts for all branches[39m
[32m[Nest] 32608  - [39m2026. 03. 24. 오전 2:20:44 [32m    LOG[39m [38;5;3m[InventoryService] [39m[32mFetching low stock alerts for all branches by user d26831b8-20ef-4b10-8a1c-737a83d9b21f[39m
[32m[Nest] 32608  - [39m2026. 03. 24. 오전 2:20:44 [32m    LOG[39m [38;5;3m[InventoryService] [39m[32mFound 6 low stock items for all branches[39m
[32m[Nest] 32608  - [39m2026. 03. 24. 오전 2:20:44 [32m    LOG[39m [38;5;3m[HTTP] [39m[32mGET /customer/inventory/alerts - 355ms[39m
[32m[Nest] 32608  - [39m2026. 03. 24. 오전 2:20:45 [32m    LOG[39m [38;5;3m[CustomerGuard] [39m[32mCustomerGuard: User d26831b8-20ef-4b10-8a1c-737a83d9b21f authorized with 1 brand(s) and 0 branch(es)[39m
[32m[Nest] 32608  - [39m2026. 03. 24. 오전 2:20:45 [32m    LOG[39m [38;5;3m[CustomerOrdersController] [39m[32mUser d26831b8-20ef-4b10-8a1c-737a83d9b21f fetching orders (all branches)[39m
[32m[Nest] 32608  - [39m2026. 03. 24. 오전 2:20:45 [32m    LOG[39m [38;5;3m[CustomerOrdersService] [39m[32mFetching orders (all branches) by user d26831b8-20ef-4b10-8a1c-737a83d9b21f[39m
[33m[Nest] 32608  - [39m2026. 03. 24. 오전 2:20:46 [33m   WARN[39m [38;5;3m[CustomerOrdersService] [39m[33mFailed to load order payment methods for customer orders: column orders.payment_method does not exist[39m
[32m[Nest] 32608  - [39m2026. 03. 24. 오전 2:20:46 [32m    LOG[39m [38;5;3m[CustomerOrdersService] [39m[32mFetched 12 orders[39m
[32m[Nest] 32608  - [39m2026. 03. 24. 오전 2:20:46 [32m    LOG[39m [38;5;3m[HTTP] [39m[32mGET /customer/orders?page=1&limit=20 - 1490ms[39m
[32m[Nest] 32608  - [39m2026. 03. 24. 오전 2:20:47 [32m    LOG[39m [38;5;3m[CustomerOrdersController] [39m[32mUser d26831b8-20ef-4b10-8a1c-737a83d9b21f fetching orders (all branches)[39m
[32m[Nest] 32608  - [39m2026. 03. 24. 오전 2:20:47 [32m    LOG[39m [38;5;3m[CustomerOrdersService] [39m[32mFetching orders (all branches) by user d26831b8-20ef-4b10-8a1c-737a83d9b21f[39m
[32m[Nest] 32608  - [39m2026. 03. 24. 오전 2:20:47 [32m    LOG[39m [38;5;3m[CustomerOrdersController] [39m[32mUser d26831b8-20ef-4b10-8a1c-737a83d9b21f fetching orders (all branches)[39m
[32m[Nest] 32608  - [39m2026. 03. 24. 오전 2:20:47 [32m    LOG[39m [38;5;3m[CustomerOrdersService] [39m[32mFetching orders (all branches) by user d26831b8-20ef-4b10-8a1c-737a83d9b21f[39m
[33m[Nest] 32608  - [39m2026. 03. 24. 오전 2:20:48 [33m   WARN[39m [38;5;3m[CustomerOrdersService] [39m[33mFailed to load order payment methods for customer orders: column orders.payment_method does not exist[39m
[33m[Nest] 32608  - [39m2026. 03. 24. 오전 2:20:48 [33m   WARN[39m [38;5;3m[CustomerOrdersService] [39m[33mFailed to load order payment methods for customer orders: column orders.payment_method does not exist[39m
[32m[Nest] 32608  - [39m2026. 03. 24. 오전 2:20:49 [32m    LOG[39m [38;5;3m[CustomerOrdersService] [39m[32mFetched 1 orders[39m
[32m[Nest] 32608  - [39m2026. 03. 24. 오전 2:20:49 [32m    LOG[39m [38;5;3m[HTTP] [39m[32mGET /customer/orders?page=1&limit=1&dateStart=2026-03-24&dateEnd=2026-03-24 - 1468ms[39m
[32m[Nest] 32608  - [39m2026. 03. 24. 오전 2:20:49 [32m    LOG[39m [38;5;3m[CustomerOrdersController] [39m[32mUser d26831b8-20ef-4b10-8a1c-737a83d9b21f fetching orders (all branches)[39m
[32m[Nest] 32608  - [39m2026. 03. 24. 오전 2:20:49 [32m    LOG[39m [38;5;3m[CustomerOrdersService] [39m[32mFetching orders (all branches) by user d26831b8-20ef-4b10-8a1c-737a83d9b21f[39m
[32m[Nest] 32608  - [39m2026. 03. 24. 오전 2:20:49 [32m    LOG[39m [38;5;3m[CustomerOrdersController] [39m[32mUser d26831b8-20ef-4b10-8a1c-737a83d9b21f fetching orders (all branches)[39m
[32m[Nest] 32608  - [39m2026. 03. 24. 오전 2:20:49 [32m    LOG[39m [38;5;3m[CustomerOrdersService] [39m[32mFetching orders (all branches) by user d26831b8-20ef-4b10-8a1c-737a83d9b21f[39m
[32m[Nest] 32608  - [39m2026. 03. 24. 오전 2:20:49 [32m    LOG[39m [38;5;3m[CustomerOrdersService] [39m[32mFetched 8 orders[39m
[32m[Nest] 32608  - [39m2026. 03. 24. 오전 2:20:49 [32m    LOG[39m [38;5;3m[HTTP] [39m[32mGET /customer/orders?page=1&limit=20&dateStart=2026-03-24&dateEnd=2026-03-24 - 1475ms[39m
[32m[Nest] 32608  - [39m2026. 03. 24. 오전 2:20:49 [32m    LOG[39m [38;5;3m[CustomerOrdersController] [39m[32mUser d26831b8-20ef-4b10-8a1c-737a83d9b21f fetching orders (all branches)[39m
[32m[Nest] 32608  - [39m2026. 03. 24. 오전 2:20:49 [32m    LOG[39m [38;5;3m[CustomerOrdersService] [39m[32mFetching orders (all branches) by user d26831b8-20ef-4b10-8a1c-737a83d9b21f[39m
[32m[Nest] 32608  - [39m2026. 03. 24. 오전 2:20:49 [32m    LOG[39m [38;5;3m[CustomerOrdersController] [39m[32mUser d26831b8-20ef-4b10-8a1c-737a83d9b21f fetching orders (all branches)[39m
[32m[Nest] 32608  - [39m2026. 03. 24. 오전 2:20:49 [32m    LOG[39m [38;5;3m[CustomerOrdersService] [39m[32mFetching orders (all branches) by user d26831b8-20ef-4b10-8a1c-737a83d9b21f[39m
[32m[Nest] 32608  - [39m2026. 03. 24. 오전 2:20:49 [32m    LOG[39m [38;5;3m[CustomerOrdersController] [39m[32mUser d26831b8-20ef-4b10-8a1c-737a83d9b21f fetching orders (all branches)[39m
[32m[Nest] 32608  - [39m2026. 03. 24. 오전 2:20:49 [32m    LOG[39m [38;5;3m[CustomerOrdersService] [39m[32mFetching orders (all branches) by user d26831b8-20ef-4b10-8a1c-737a83d9b21f[39m
[32m[Nest] 32608  - [39m2026. 03. 24. 오전 2:20:49 [32m    LOG[39m [38;5;3m[CustomerOrdersController] [39m[32mUser d26831b8-20ef-4b10-8a1c-737a83d9b21f fetching orders (all branches)[39m
[32m[Nest] 32608  - [39m2026. 03. 24. 오전 2:20:49 [32m    LOG[39m [38;5;3m[CustomerOrdersService] [39m[32mFetching orders (all branches) by user d26831b8-20ef-4b10-8a1c-737a83d9b21f[39m
[32m[Nest] 32608  - [39m2026. 03. 24. 오전 2:20:49 [32m    LOG[39m [38;5;3m[CustomerOrdersService] [39m[32mFetched 0 orders[39m
[32m[Nest] 32608  - [39m2026. 03. 24. 오전 2:20:49 [32m    LOG[39m [38;5;3m[HTTP] [39m[32mGET /customer/orders?page=1&limit=1&dateStart=2026-03-24&dateEnd=2026-03-24&status=PREPARING - 497ms[39m
[32m[Nest] 32608  - [39m2026. 03. 24. 오전 2:20:49 [32m    LOG[39m [38;5;3m[CustomerOrdersController] [39m[32mUser d26831b8-20ef-4b10-8a1c-737a83d9b21f fetching orders (all branches)[39m
[32m[Nest] 32608  - [39m2026. 03. 24. 오전 2:20:49 [32m    LOG[39m [38;5;3m[CustomerOrdersService] [39m[32mFetching orders (all branches) by user d26831b8-20ef-4b10-8a1c-737a83d9b21f[39m
[32m[Nest] 32608  - [39m2026. 03. 24. 오전 2:20:49 [32m    LOG[39m [38;5;3m[CustomerOrdersService] [39m[32mFetched 0 orders[39m
[32m[Nest] 32608  - [39m2026. 03. 24. 오전 2:20:49 [32m    LOG[39m [38;5;3m[HTTP] [39m[32mGET /customer/orders?page=1&limit=1&dateStart=2026-03-24&dateEnd=2026-03-24&status=CONFIRMED - 523ms[39m
[32m[Nest] 32608  - [39m2026. 03. 24. 오전 2:20:49 [32m    LOG[39m [38;5;3m[CustomerOrdersService] [39m[32mFetched 0 orders[39m
[32m[Nest] 32608  - [39m2026. 03. 24. 오전 2:20:49 [32m    LOG[39m [38;5;3m[HTTP] [39m[32mGET /customer/orders?page=1&limit=1&dateStart=2026-03-24&dateEnd=2026-03-24&status=CANCELLED - 525ms[39m
[32m[Nest] 32608  - [39m2026. 03. 24. 오전 2:20:49 [32m    LOG[39m [38;5;3m[CustomerOrdersService] [39m[32mFetched 0 orders[39m
[32m[Nest] 32608  - [39m2026. 03. 24. 오전 2:20:49 [32m    LOG[39m [38;5;3m[HTTP] [39m[32mGET /customer/orders?page=1&limit=1&dateStart=2026-03-24&dateEnd=2026-03-24&status=COMPLETED - 548ms[39m
[32m[Nest] 32608  - [39m2026. 03. 24. 오전 2:20:49 [32m    LOG[39m [38;5;3m[CustomerOrdersService] [39m[32mFetched 0 orders[39m
[32m[Nest] 32608  - [39m2026. 03. 24. 오전 2:20:49 [32m    LOG[39m [38;5;3m[HTTP] [39m[32mGET /customer/orders?page=1&limit=1&dateStart=2026-03-24&dateEnd=2026-03-24&status=READY - 555ms[39m
[32m[Nest] 32608  - [39m2026. 03. 24. 오전 2:20:50 [32m    LOG[39m [38;5;3m[CustomerOrdersService] [39m[32mFetched 0 orders[39m
[32m[Nest] 32608  - [39m2026. 03. 24. 오전 2:20:50 [32m    LOG[39m [38;5;3m[HTTP] [39m[32mGET /customer/orders?page=1&limit=1&dateStart=2026-03-24&dateEnd=2026-03-24&status=REFUNDED - 516ms[39m
[33m[Nest] 32608  - [39m2026. 03. 24. 오전 2:20:50 [33m   WARN[39m [38;5;3m[CustomerOrdersService] [39m[33mFailed to load order payment methods for customer orders: column orders.payment_method does not exist[39m
[32m[Nest] 32608  - [39m2026. 03. 24. 오전 2:20:50 [32m    LOG[39m [38;5;3m[CustomerOrdersService] [39m[32mFetched 1 orders[39m
[32m[Nest] 32608  - [39m2026. 03. 24. 오전 2:20:50 [32m    LOG[39m [38;5;3m[HTTP] [39m[32mGET /customer/orders?page=1&limit=1&dateStart=2026-03-24&dateEnd=2026-03-24&status=CREATED - 1554ms[39m
[33m[Nest] 32608  - [39m2026. 03. 24. 오전 2:21:14 [33m   WARN[39m [38;5;3m[DepositSyncService] [39m[33mDuplicate deposit sheet mapping detected for "시트1" in spreadsheet "1MSwPe5z2ebuU1xNginda2Rt4d4sLrBXh9p5M4rNSKPI". Only the first branch will be used.[39m
[32m[Nest] 32608  - [39m2026. 03. 24. 오전 2:21:17 [32m    LOG[39m [38;5;3m[CustomerGuard] [39m[32mCustomerGuard: User d26831b8-20ef-4b10-8a1c-737a83d9b21f authorized with 1 brand(s) and 0 branch(es)[39m
[32m[Nest] 32608  - [39m2026. 03. 24. 오전 2:21:17 [32m    LOG[39m [38;5;3m[CustomerBranchesController] [39m[32mUser d26831b8-20ef-4b10-8a1c-737a83d9b21f fetching branches (all)[39m
[32m[Nest] 32608  - [39m2026. 03. 24. 오전 2:21:17 [32m    LOG[39m [38;5;3m[CustomerBranchesService] [39m[32mFetching all accessible branches for user d26831b8-20ef-4b10-8a1c-737a83d9b21f[39m
[32m[Nest] 32608  - [39m2026. 03. 24. 오전 2:21:18 [32m    LOG[39m [38;5;3m[CustomerBranchesService] [39m[32mFetched 3 accessible branches for user d26831b8-20ef-4b10-8a1c-737a83d9b21f[39m
[32m[Nest] 32608  - [39m2026. 03. 24. 오전 2:21:18 [32m    LOG[39m [38;5;3m[HTTP] [39m[32mGET /customer/branches - 165ms[39m
[32m[Nest] 32608  - [39m2026. 03. 24. 오전 2:21:18 [32m    LOG[39m [38;5;3m[CustomerGuard] [39m[32mCustomerGuard: User d26831b8-20ef-4b10-8a1c-737a83d9b21f authorized with 1 brand(s) and 0 branch(es)[39m
[32m[Nest] 32608  - [39m2026. 03. 24. 오전 2:21:18 [32m    LOG[39m [38;5;3m[CustomerBrandsService] [39m[32mFetching brands for user: d26831b8-20ef-4b10-8a1c-737a83d9b21f[39m
[32m[Nest] 32608  - [39m2026. 03. 24. 오전 2:21:18 [32m    LOG[39m [38;5;3m[CustomerBrandsService] [39m[32mFetched 1 brands for user: d26831b8-20ef-4b10-8a1c-737a83d9b21f[39m
[32m[Nest] 32608  - [39m2026. 03. 24. 오전 2:21:18 [32m    LOG[39m [38;5;3m[HTTP] [39m[32mGET /customer/brands - 173ms[39m
[32m[Nest] 32608  - [39m2026. 03. 24. 오전 2:21:19 [32m    LOG[39m [38;5;3m[CustomerGuard] [39m[32mCustomerGuard: User d26831b8-20ef-4b10-8a1c-737a83d9b21f authorized with 1 brand(s) and 0 branch(es)[39m
[32m[Nest] 32608  - [39m2026. 03. 24. 오전 2:21:19 [32m    LOG[39m [38;5;3m[CustomerOrdersController] [39m[32mUser d26831b8-20ef-4b10-8a1c-737a83d9b21f fetching orders (all branches)[39m
[32m[Nest] 32608  - [39m2026. 03. 24. 오전 2:21:19 [32m    LOG[39m [38;5;3m[CustomerOrdersService] [39m[32mFetching orders (all branches) by user d26831b8-20ef-4b10-8a1c-737a83d9b21f[39m
[32m[Nest] 32608  - [39m2026. 03. 24. 오전 2:21:19 [32m    LOG[39m [38;5;3m[CustomerGuard] [39m[32mCustomerGuard: User d26831b8-20ef-4b10-8a1c-737a83d9b21f authorized with 1 brand(s) and 0 branch(es)[39m
[32m[Nest] 32608  - [39m2026. 03. 24. 오전 2:21:19 [32m    LOG[39m [38;5;3m[CustomerOrdersController] [39m[32mUser d26831b8-20ef-4b10-8a1c-737a83d9b21f fetching orders (all branches)[39m
[32m[Nest] 32608  - [39m2026. 03. 24. 오전 2:21:19 [32m    LOG[39m [38;5;3m[CustomerOrdersService] [39m[32mFetching orders (all branches) by user d26831b8-20ef-4b10-8a1c-737a83d9b21f[39m
[33m[Nest] 32608  - [39m2026. 03. 24. 오전 2:21:20 [33m   WARN[39m [38;5;3m[CustomerOrdersService] [39m[33mFailed to load order payment methods for customer orders: column orders.payment_method does not exist[39m
[33m[Nest] 32608  - [39m2026. 03. 24. 오전 2:21:20 [33m   WARN[39m [38;5;3m[CustomerOrdersService] [39m[33mFailed to load order payment methods for customer orders: column orders.payment_method does not exist[39m
[32m[Nest] 32608  - [39m2026. 03. 24. 오전 2:21:20 [32m    LOG[39m [38;5;3m[CustomerOrdersService] [39m[32mFetched 8 orders[39m
[32m[Nest] 32608  - [39m2026. 03. 24. 오전 2:21:20 [32m    LOG[39m [38;5;3m[HTTP] [39m[32mGET /customer/orders?page=1&limit=20&dateStart=2026-03-24&dateEnd=2026-03-24 - 1487ms[39m
[32m[Nest] 32608  - [39m2026. 03. 24. 오전 2:21:20 [32m    LOG[39m [38;5;3m[CustomerOrdersService] [39m[32mFetched 1 orders[39m
[32m[Nest] 32608  - [39m2026. 03. 24. 오전 2:21:20 [32m    LOG[39m [38;5;3m[HTTP] [39m[32mGET /customer/orders?page=1&limit=1&dateStart=2026-03-24&dateEnd=2026-03-24 - 1516ms[39m
[32m[Nest] 32608  - [39m2026. 03. 24. 오전 2:21:20 [32m    LOG[39m [38;5;3m[CustomerOrdersController] [39m[32mUser d26831b8-20ef-4b10-8a1c-737a83d9b21f fetching orders (all branches)[39m
[32m[Nest] 32608  - [39m2026. 03. 24. 오전 2:21:20 [32m    LOG[39m [38;5;3m[CustomerOrdersService] [39m[32mFetching orders (all branches) by user d26831b8-20ef-4b10-8a1c-737a83d9b21f[39m
[32m[Nest] 32608  - [39m2026. 03. 24. 오전 2:21:20 [32m    LOG[39m [38;5;3m[CustomerOrdersController] [39m[32mUser d26831b8-20ef-4b10-8a1c-737a83d9b21f fetching orders (all branches)[39m
[32m[Nest] 32608  - [39m2026. 03. 24. 오전 2:21:20 [32m    LOG[39m [38;5;3m[CustomerOrdersService] [39m[32mFetching orders (all branches) by user d26831b8-20ef-4b10-8a1c-737a83d9b21f[39m
[32m[Nest] 32608  - [39m2026. 03. 24. 오전 2:21:20 [32m    LOG[39m [38;5;3m[CustomerOrdersController] [39m[32mUser d26831b8-20ef-4b10-8a1c-737a83d9b21f fetching orders (all branches)[39m
[32m[Nest] 32608  - [39m2026. 03. 24. 오전 2:21:20 [32m    LOG[39m [38;5;3m[CustomerOrdersService] [39m[32mFetching orders (all branches) by user d26831b8-20ef-4b10-8a1c-737a83d9b21f[39m
[32m[Nest] 32608  - [39m2026. 03. 24. 오전 2:21:20 [32m    LOG[39m [38;5;3m[CustomerOrdersController] [39m[32mUser d26831b8-20ef-4b10-8a1c-737a83d9b21f fetching orders (all branches)[39m
[32m[Nest] 32608  - [39m2026. 03. 24. 오전 2:21:20 [32m    LOG[39m [38;5;3m[CustomerOrdersService] [39m[32mFetching orders (all branches) by user d26831b8-20ef-4b10-8a1c-737a83d9b21f[39m
[32m[Nest] 32608  - [39m2026. 03. 24. 오전 2:21:20 [32m    LOG[39m [38;5;3m[CustomerOrdersController] [39m[32mUser d26831b8-20ef-4b10-8a1c-737a83d9b21f fetching orders (all branches)[39m
[32m[Nest] 32608  - [39m2026. 03. 24. 오전 2:21:20 [32m    LOG[39m [38;5;3m[CustomerOrdersService] [39m[32mFetching orders (all branches) by user d26831b8-20ef-4b10-8a1c-737a83d9b21f[39m
[32m[Nest] 32608  - [39m2026. 03. 24. 오전 2:21:20 [32m    LOG[39m [38;5;3m[CustomerOrdersController] [39m[32mUser d26831b8-20ef-4b10-8a1c-737a83d9b21f fetching orders (all branches)[39m
[32m[Nest] 32608  - [39m2026. 03. 24. 오전 2:21:20 [32m    LOG[39m [38;5;3m[CustomerOrdersService] [39m[32mFetching orders (all branches) by user d26831b8-20ef-4b10-8a1c-737a83d9b21f[39m
[32m[Nest] 32608  - [39m2026. 03. 24. 오전 2:21:21 [32m    LOG[39m [38;5;3m[CustomerOrdersService] [39m[32mFetched 0 orders[39m
[32m[Nest] 32608  - [39m2026. 03. 24. 오전 2:21:21 [32m    LOG[39m [38;5;3m[HTTP] [39m[32mGET /customer/orders?page=1&limit=1&dateStart=2026-03-24&dateEnd=2026-03-24&status=CONFIRMED - 513ms[39m
[32m[Nest] 32608  - [39m2026. 03. 24. 오전 2:21:21 [32m    LOG[39m [38;5;3m[CustomerOrdersController] [39m[32mUser d26831b8-20ef-4b10-8a1c-737a83d9b21f fetching orders (all branches)[39m
[32m[Nest] 32608  - [39m2026. 03. 24. 오전 2:21:21 [32m    LOG[39m [38;5;3m[CustomerOrdersService] [39m[32mFetching orders (all branches) by user d26831b8-20ef-4b10-8a1c-737a83d9b21f[39m
[32m[Nest] 32608  - [39m2026. 03. 24. 오전 2:21:21 [32m    LOG[39m [38;5;3m[CustomerOrdersService] [39m[32mFetched 0 orders[39m
[32m[Nest] 32608  - [39m2026. 03. 24. 오전 2:21:21 [32m    LOG[39m [38;5;3m[HTTP] [39m[32mGET /customer/orders?page=1&limit=1&dateStart=2026-03-24&dateEnd=2026-03-24&status=PREPARING - 529ms[39m
[32m[Nest] 32608  - [39m2026. 03. 24. 오전 2:21:21 [32m    LOG[39m [38;5;3m[CustomerOrdersService] [39m[32mFetched 0 orders[39m
[32m[Nest] 32608  - [39m2026. 03. 24. 오전 2:21:21 [32m    LOG[39m [38;5;3m[HTTP] [39m[32mGET /customer/orders?page=1&limit=1&dateStart=2026-03-24&dateEnd=2026-03-24&status=READY - 530ms[39m
[32m[Nest] 32608  - [39m2026. 03. 24. 오전 2:21:21 [32m    LOG[39m [38;5;3m[CustomerOrdersService] [39m[32mFetched 0 orders[39m
[32m[Nest] 32608  - [39m2026. 03. 24. 오전 2:21:21 [32m    LOG[39m [38;5;3m[HTTP] [39m[32mGET /customer/orders?page=1&limit=1&dateStart=2026-03-24&dateEnd=2026-03-24&status=COMPLETED - 541ms[39m
[32m[Nest] 32608  - [39m2026. 03. 24. 오전 2:21:21 [32m    LOG[39m [38;5;3m[CustomerOrdersService] [39m[32mFetched 0 orders[39m
[32m[Nest] 32608  - [39m2026. 03. 24. 오전 2:21:21 [32m    LOG[39m [38;5;3m[HTTP] [39m[32mGET /customer/orders?page=1&limit=1&dateStart=2026-03-24&dateEnd=2026-03-24&status=CANCELLED - 542ms[39m
[33m[Nest] 32608  - [39m2026. 03. 24. 오전 2:21:21 [33m   WARN[39m [38;5;3m[CustomerOrdersService] [39m[33mFailed to load order payment methods for customer orders: column orders.payment_method does not exist[39m
[32m[Nest] 32608  - [39m2026. 03. 24. 오전 2:21:21 [32m    LOG[39m [38;5;3m[CustomerOrdersService] [39m[32mFetched 0 orders[39m
[32m[Nest] 32608  - [39m2026. 03. 24. 오전 2:21:21 [32m    LOG[39m [38;5;3m[HTTP] [39m[32mGET /customer/orders?page=1&limit=1&dateStart=2026-03-24&dateEnd=2026-03-24&status=REFUNDED - 503ms[39m
[32m[Nest] 32608  - [39m2026. 03. 24. 오전 2:21:22 [32m    LOG[39m [38;5;3m[CustomerOrdersService] [39m[32mFetched 1 orders[39m
[32m[Nest] 32608  - [39m2026. 03. 24. 오전 2:21:22 [32m    LOG[39m [38;5;3m[HTTP] [39m[32mGET /customer/orders?page=1&limit=1&dateStart=2026-03-24&dateEnd=2026-03-24&status=CREATED - 1535ms[39m
[32m[Nest] 32608  - [39m2026. 03. 24. 오전 2:21:44 [32m    LOG[39m [38;5;3m[CustomerGuard] [39m[32mCustomerGuard: User d26831b8-20ef-4b10-8a1c-737a83d9b21f authorized with 1 brand(s) and 0 branch(es)[39m
[32m[Nest] 32608  - [39m2026. 03. 24. 오전 2:21:44 [32m    LOG[39m [38;5;3m[InventoryController] [39m[32mUser d26831b8-20ef-4b10-8a1c-737a83d9b21f fetching low stock alerts for all branches[39m
[32m[Nest] 32608  - [39m2026. 03. 24. 오전 2:21:44 [32m    LOG[39m [38;5;3m[InventoryService] [39m[32mFetching low stock alerts for all branches by user d26831b8-20ef-4b10-8a1c-737a83d9b21f[39m
[32m[Nest] 32608  - [39m2026. 03. 24. 오전 2:21:45 [32m    LOG[39m [38;5;3m[InventoryService] [39m[32mFound 6 low stock items for all branches[39m
[32m[Nest] 32608  - [39m2026. 03. 24. 오전 2:21:45 [32m    LOG[39m [38;5;3m[HTTP] [39m[32mGET /customer/inventory/alerts - 404ms[39m
[32m[Nest] 32608  - [39m2026. 03. 24. 오전 2:21:48 [32m    LOG[39m [38;5;3m[CustomerOrdersController] [39m[32mUser d26831b8-20ef-4b10-8a1c-737a83d9b21f fetching orders (all branches)[39m
[32m[Nest] 32608  - [39m2026. 03. 24. 오전 2:21:48 [32m    LOG[39m [38;5;3m[CustomerOrdersService] [39m[32mFetching orders (all branches) by user d26831b8-20ef-4b10-8a1c-737a83d9b21f[39m
[33m[Nest] 32608  - [39m2026. 03. 24. 오전 2:21:49 [33m   WARN[39m [38;5;3m[CustomerOrdersService] [39m[33mFailed to load order payment methods for customer orders: column orders.payment_method does not exist[39m
[32m[Nest] 32608  - [39m2026. 03. 24. 오전 2:21:49 [32m    LOG[39m [38;5;3m[CustomerOrdersService] [39m[32mFetched 12 orders[39m
[32m[Nest] 32608  - [39m2026. 03. 24. 오전 2:21:49 [32m    LOG[39m [38;5;3m[HTTP] [39m[32mGET /customer/orders?page=1&limit=20 - 1522ms[39m
[33m[Nest] 32608  - [39m2026. 03. 24. 오전 2:22:14 [33m   WARN[39m [38;5;3m[DepositSyncService] [39m[33mDuplicate deposit sheet mapping detected for "시트1" in spreadsheet "1MSwPe5z2ebuU1xNginda2Rt4d4sLrBXh9p5M4rNSKPI". Only the first branch will be used.[39m
[32m[Nest] 32608  - [39m2026. 03. 24. 오전 2:22:19 [32m    LOG[39m [38;5;3m[CustomerGuard] [39m[32mCustomerGuard: User d26831b8-20ef-4b10-8a1c-737a83d9b21f authorized with 1 brand(s) and 0 branch(es)[39m
[32m[Nest] 32608  - [39m2026. 03. 24. 오전 2:22:19 [32m    LOG[39m [38;5;3m[CustomerOrdersController] [39m[32mUser d26831b8-20ef-4b10-8a1c-737a83d9b21f fetching orders (all branches)[39m
[32m[Nest] 32608  - [39m2026. 03. 24. 오전 2:22:19 [32m    LOG[39m [38;5;3m[CustomerOrdersService] [39m[32mFetching orders (all branches) by user d26831b8-20ef-4b10-8a1c-737a83d9b21f[39m
[32m[Nest] 32608  - [39m2026. 03. 24. 오전 2:22:19 [32m    LOG[39m [38;5;3m[CustomerGuard] [39m[32mCustomerGuard: User d26831b8-20ef-4b10-8a1c-737a83d9b21f authorized with 1 brand(s) and 0 branch(es)[39m
[32m[Nest] 32608  - [39m2026. 03. 24. 오전 2:22:19 [32m    LOG[39m [38;5;3m[CustomerOrdersController] [39m[32mUser d26831b8-20ef-4b10-8a1c-737a83d9b21f fetching orders (all branches)[39m
[32m[Nest] 32608  - [39m2026. 03. 24. 오전 2:22:19 [32m    LOG[39m [38;5;3m[CustomerOrdersService] [39m[32mFetching orders (all branches) by user d26831b8-20ef-4b10-8a1c-737a83d9b21f[39m
[33m[Nest] 32608  - [39m2026. 03. 24. 오전 2:22:20 [33m   WARN[39m [38;5;3m[CustomerOrdersService] [39m[33mFailed to load order payment methods for customer orders: column orders.payment_method does not exist[39m
[33m[Nest] 32608  - [39m2026. 03. 24. 오전 2:22:20 [33m   WARN[39m [38;5;3m[CustomerOrdersService] [39m[33mFailed to load order payment methods for customer orders: column orders.payment_method does not exist[39m
[32m[Nest] 32608  - [39m2026. 03. 24. 오전 2:22:20 [32m    LOG[39m [38;5;3m[CustomerOrdersService] [39m[32mFetched 1 orders[39m
[32m[Nest] 32608  - [39m2026. 03. 24. 오전 2:22:20 [32m    LOG[39m [38;5;3m[HTTP] [39m[32mGET /customer/orders?page=1&limit=1&dateStart=2026-03-24&dateEnd=2026-03-24 - 1465ms[39m
[32m[Nest] 32608  - [39m2026. 03. 24. 오전 2:22:20 [32m    LOG[39m [38;5;3m[CustomerOrdersController] [39m[32mUser d26831b8-20ef-4b10-8a1c-737a83d9b21f fetching orders (all branches)[39m
[32m[Nest] 32608  - [39m2026. 03. 24. 오전 2:22:20 [32m    LOG[39m [38;5;3m[CustomerOrdersService] [39m[32mFetching orders (all branches) by user d26831b8-20ef-4b10-8a1c-737a83d9b21f[39m
[32m[Nest] 32608  - [39m2026. 03. 24. 오전 2:22:20 [32m    LOG[39m [38;5;3m[CustomerOrdersController] [39m[32mUser d26831b8-20ef-4b10-8a1c-737a83d9b21f fetching orders (all branches)[39m
[32m[Nest] 32608  - [39m2026. 03. 24. 오전 2:22:20 [32m    LOG[39m [38;5;3m[CustomerOrdersService] [39m[32mFetching orders (all branches) by user d26831b8-20ef-4b10-8a1c-737a83d9b21f[39m
[32m[Nest] 32608  - [39m2026. 03. 24. 오전 2:22:20 [32m    LOG[39m [38;5;3m[CustomerOrdersController] [39m[32mUser d26831b8-20ef-4b10-8a1c-737a83d9b21f fetching orders (all branches)[39m
[32m[Nest] 32608  - [39m2026. 03. 24. 오전 2:22:20 [32m    LOG[39m [38;5;3m[CustomerOrdersService] [39m[32mFetching orders (all branches) by user d26831b8-20ef-4b10-8a1c-737a83d9b21f[39m
[32m[Nest] 32608  - [39m2026. 03. 24. 오전 2:22:20 [32m    LOG[39m [38;5;3m[CustomerOrdersController] [39m[32mUser d26831b8-20ef-4b10-8a1c-737a83d9b21f fetching orders (all branches)[39m
[32m[Nest] 32608  - [39m2026. 03. 24. 오전 2:22:20 [32m    LOG[39m [38;5;3m[CustomerOrdersService] [39m[32mFetching orders (all branches) by user d26831b8-20ef-4b10-8a1c-737a83d9b21f[39m
[32m[Nest] 32608  - [39m2026. 03. 24. 오전 2:22:20 [32m    LOG[39m [38;5;3m[CustomerOrdersController] [39m[32mUser d26831b8-20ef-4b10-8a1c-737a83d9b21f fetching orders (all branches)[39m
[32m[Nest] 32608  - [39m2026. 03. 24. 오전 2:22:20 [32m    LOG[39m [38;5;3m[CustomerOrdersService] [39m[32mFetching orders (all branches) by user d26831b8-20ef-4b10-8a1c-737a83d9b21f[39m
[32m[Nest] 32608  - [39m2026. 03. 24. 오전 2:22:20 [32m    LOG[39m [38;5;3m[CustomerOrdersService] [39m[32mFetched 8 orders[39m
[32m[Nest] 32608  - [39m2026. 03. 24. 오전 2:22:20 [32m    LOG[39m [38;5;3m[HTTP] [39m[32mGET /customer/orders?page=1&limit=20&dateStart=2026-03-24&dateEnd=2026-03-24 - 1506ms[39m
[32m[Nest] 32608  - [39m2026. 03. 24. 오전 2:22:20 [32m    LOG[39m [38;5;3m[CustomerOrdersController] [39m[32mUser d26831b8-20ef-4b10-8a1c-737a83d9b21f fetching orders (all branches)[39m
[32m[Nest] 32608  - [39m2026. 03. 24. 오전 2:22:20 [32m    LOG[39m [38;5;3m[CustomerOrdersService] [39m[32mFetching orders (all branches) by user d26831b8-20ef-4b10-8a1c-737a83d9b21f[39m
[32m[Nest] 32608  - [39m2026. 03. 24. 오전 2:22:21 [32m    LOG[39m [38;5;3m[CustomerOrdersService] [39m[32mFetched 0 orders[39m
[32m[Nest] 32608  - [39m2026. 03. 24. 오전 2:22:21 [32m    LOG[39m [38;5;3m[HTTP] [39m[32mGET /customer/orders?page=1&limit=1&dateStart=2026-03-24&dateEnd=2026-03-24&status=CONFIRMED - 504ms[39m
[32m[Nest] 32608  - [39m2026. 03. 24. 오전 2:22:21 [32m    LOG[39m [38;5;3m[CustomerOrdersController] [39m[32mUser d26831b8-20ef-4b10-8a1c-737a83d9b21f fetching orders (all branches)[39m
[32m[Nest] 32608  - [39m2026. 03. 24. 오전 2:22:21 [32m    LOG[39m [38;5;3m[CustomerOrdersService] [39m[32mFetching orders (all branches) by user d26831b8-20ef-4b10-8a1c-737a83d9b21f[39m
[32m[Nest] 32608  - [39m2026. 03. 24. 오전 2:22:21 [32m    LOG[39m [38;5;3m[CustomerOrdersService] [39m[32mFetched 0 orders[39m
[32m[Nest] 32608  - [39m2026. 03. 24. 오전 2:22:21 [32m    LOG[39m [38;5;3m[HTTP] [39m[32mGET /customer/orders?page=1&limit=1&dateStart=2026-03-24&dateEnd=2026-03-24&status=READY - 523ms[39m
[32m[Nest] 32608  - [39m2026. 03. 24. 오전 2:22:21 [32m    LOG[39m [38;5;3m[CustomerOrdersService] [39m[32mFetched 0 orders[39m
[32m[Nest] 32608  - [39m2026. 03. 24. 오전 2:22:21 [32m    LOG[39m [38;5;3m[HTTP] [39m[32mGET /customer/orders?page=1&limit=1&dateStart=2026-03-24&dateEnd=2026-03-24&status=COMPLETED - 523ms[39m
[32m[Nest] 32608  - [39m2026. 03. 24. 오전 2:22:21 [32m    LOG[39m [38;5;3m[CustomerOrdersService] [39m[32mFetched 0 orders[39m
[32m[Nest] 32608  - [39m2026. 03. 24. 오전 2:22:21 [32m    LOG[39m [38;5;3m[HTTP] [39m[32mGET /customer/orders?page=1&limit=1&dateStart=2026-03-24&dateEnd=2026-03-24&status=PREPARING - 543ms[39m
[32m[Nest] 32608  - [39m2026. 03. 24. 오전 2:22:21 [32m    LOG[39m [38;5;3m[CustomerOrdersService] [39m[32mFetched 0 orders[39m
[32m[Nest] 32608  - [39m2026. 03. 24. 오전 2:22:21 [32m    LOG[39m [38;5;3m[HTTP] [39m[32mGET /customer/orders?page=1&limit=1&dateStart=2026-03-24&dateEnd=2026-03-24&status=CANCELLED - 526ms[39m
[33m[Nest] 32608  - [39m2026. 03. 24. 오전 2:22:21 [33m   WARN[39m [38;5;3m[CustomerOrdersService] [39m[33mFailed to load order payment methods for customer orders: column orders.payment_method does not exist[39m
[32m[Nest] 32608  - [39m2026. 03. 24. 오전 2:22:21 [32m    LOG[39m [38;5;3m[CustomerOrdersService] [39m[32mFetched 0 orders[39m
[32m[Nest] 32608  - [39m2026. 03. 24. 오전 2:22:21 [32m    LOG[39m [38;5;3m[HTTP] [39m[32mGET /customer/orders?page=1&limit=1&dateStart=2026-03-24&dateEnd=2026-03-24&status=REFUNDED - 504ms[39m
[32m[Nest] 32608  - [39m2026. 03. 24. 오전 2:22:22 [32m    LOG[39m [38;5;3m[CustomerOrdersService] [39m[32mFetched 1 orders[39m
[32m[Nest] 32608  - [39m2026. 03. 24. 오전 2:22:22 [32m    LOG[39m [38;5;3m[HTTP] [39m[32mGET /customer/orders?page=1&limit=1&dateStart=2026-03-24&dateEnd=2026-03-24&status=CREATED - 1498ms[39m
[32m[Nest] 32608  - [39m2026. 03. 24. 오전 2:22:23 [32m    LOG[39m [38;5;3m[CustomerGuard] [39m[32mCustomerGuard: User d26831b8-20ef-4b10-8a1c-737a83d9b21f authorized with 1 brand(s) and 0 branch(es)[39m
[32m[Nest] 32608  - [39m2026. 03. 24. 오전 2:22:23 [32m    LOG[39m [38;5;3m[CustomerBranchesController] [39m[32mUser d26831b8-20ef-4b10-8a1c-737a83d9b21f fetching branches (all)[39m
[32m[Nest] 32608  - [39m2026. 03. 24. 오전 2:22:23 [32m    LOG[39m [38;5;3m[CustomerBranchesService] [39m[32mFetching all accessible branches for user d26831b8-20ef-4b10-8a1c-737a83d9b21f[39m
[32m[Nest] 32608  - [39m2026. 03. 24. 오전 2:22:23 [32m    LOG[39m [38;5;3m[CustomerGuard] [39m[32mCustomerGuard: User d26831b8-20ef-4b10-8a1c-737a83d9b21f authorized with 1 brand(s) and 0 branch(es)[39m
[32m[Nest] 32608  - [39m2026. 03. 24. 오전 2:22:23 [32m    LOG[39m [38;5;3m[CustomerBrandsService] [39m[32mFetching brands for user: d26831b8-20ef-4b10-8a1c-737a83d9b21f[39m
[32m[Nest] 32608  - [39m2026. 03. 24. 오전 2:22:23 [32m    LOG[39m [38;5;3m[CustomerBranchesService] [39m[32mFetched 3 accessible branches for user d26831b8-20ef-4b10-8a1c-737a83d9b21f[39m
[32m[Nest] 32608  - [39m2026. 03. 24. 오전 2:22:23 [32m    LOG[39m [38;5;3m[HTTP] [39m[32mGET /customer/branches - 166ms[39m
[32m[Nest] 32608  - [39m2026. 03. 24. 오전 2:22:23 [32m    LOG[39m [38;5;3m[CustomerBrandsService] [39m[32mFetched 1 brands for user: d26831b8-20ef-4b10-8a1c-737a83d9b21f[39m
[32m[Nest] 32608  - [39m2026. 03. 24. 오전 2:22:23 [32m    LOG[39m [38;5;3m[HTTP] [39m[32mGET /customer/brands - 171ms[39m
[32m[Nest] 32608  - [39m2026. 03. 24. 오전 2:22:23 [32m    LOG[39m [38;5;3m[CustomerOrdersController] [39m[32mUser d26831b8-20ef-4b10-8a1c-737a83d9b21f fetching orders (all branches)[39m
[32m[Nest] 32608  - [39m2026. 03. 24. 오전 2:22:23 [32m    LOG[39m [38;5;3m[CustomerOrdersService] [39m[32mFetching orders (all branches) by user d26831b8-20ef-4b10-8a1c-737a83d9b21f[39m
[32m[Nest] 32608  - [39m2026. 03. 24. 오전 2:22:23 [32m    LOG[39m [38;5;3m[CustomerOrdersController] [39m[32mUser d26831b8-20ef-4b10-8a1c-737a83d9b21f fetching orders (all branches)[39m
[32m[Nest] 32608  - [39m2026. 03. 24. 오전 2:22:23 [32m    LOG[39m [38;5;3m[CustomerOrdersService] [39m[32mFetching orders (all branches) by user d26831b8-20ef-4b10-8a1c-737a83d9b21f[39m
[33m[Nest] 32608  - [39m2026. 03. 24. 오전 2:22:24 [33m   WARN[39m [38;5;3m[CustomerOrdersService] [39m[33mFailed to load order payment methods for customer orders: column orders.payment_method does not exist[39m
[33m[Nest] 32608  - [39m2026. 03. 24. 오전 2:22:24 [33m   WARN[39m [38;5;3m[CustomerOrdersService] [39m[33mFailed to load order payment methods for customer orders: column orders.payment_method does not exist[39m
[32m[Nest] 32608  - [39m2026. 03. 24. 오전 2:22:25 [32m    LOG[39m [38;5;3m[CustomerOrdersService] [39m[32mFetched 1 orders[39m
[32m[Nest] 32608  - [39m2026. 03. 24. 오전 2:22:25 [32m    LOG[39m [38;5;3m[HTTP] [39m[32mGET /customer/orders?page=1&limit=1&dateStart=2026-03-24&dateEnd=2026-03-24 - 1460ms[39m
[32m[Nest] 32608  - [39m2026. 03. 24. 오전 2:22:25 [32m    LOG[39m [38;5;3m[CustomerOrdersController] [39m[32mUser d26831b8-20ef-4b10-8a1c-737a83d9b21f fetching orders (all branches)[39m
[32m[Nest] 32608  - [39m2026. 03. 24. 오전 2:22:25 [32m    LOG[39m [38;5;3m[CustomerOrdersService] [39m[32mFetching orders (all branches) by user d26831b8-20ef-4b10-8a1c-737a83d9b21f[39m
[32m[Nest] 32608  - [39m2026. 03. 24. 오전 2:22:25 [32m    LOG[39m [38;5;3m[CustomerOrdersController] [39m[32mUser d26831b8-20ef-4b10-8a1c-737a83d9b21f fetching orders (all branches)[39m
[32m[Nest] 32608  - [39m2026. 03. 24. 오전 2:22:25 [32m    LOG[39m [38;5;3m[CustomerOrdersService] [39m[32mFetching orders (all branches) by user d26831b8-20ef-4b10-8a1c-737a83d9b21f[39m
[32m[Nest] 32608  - [39m2026. 03. 24. 오전 2:22:25 [32m    LOG[39m [38;5;3m[CustomerOrdersService] [39m[32mFetched 8 orders[39m
[32m[Nest] 32608  - [39m2026. 03. 24. 오전 2:22:25 [32m    LOG[39m [38;5;3m[HTTP] [39m[32mGET /customer/orders?page=1&limit=20&dateStart=2026-03-24&dateEnd=2026-03-24 - 1511ms[39m
[32m[Nest] 32608  - [39m2026. 03. 24. 오전 2:22:25 [32m    LOG[39m [38;5;3m[CustomerOrdersController] [39m[32mUser d26831b8-20ef-4b10-8a1c-737a83d9b21f fetching orders (all branches)[39m
[32m[Nest] 32608  - [39m2026. 03. 24. 오전 2:22:25 [32m    LOG[39m [38;5;3m[CustomerOrdersService] [39m[32mFetching orders (all branches) by user d26831b8-20ef-4b10-8a1c-737a83d9b21f[39m
[32m[Nest] 32608  - [39m2026. 03. 24. 오전 2:22:25 [32m    LOG[39m [38;5;3m[CustomerOrdersController] [39m[32mUser d26831b8-20ef-4b10-8a1c-737a83d9b21f fetching orders (all branches)[39m
[32m[Nest] 32608  - [39m2026. 03. 24. 오전 2:22:25 [32m    LOG[39m [38;5;3m[CustomerOrdersService] [39m[32mFetching orders (all branches) by user d26831b8-20ef-4b10-8a1c-737a83d9b21f[39m
[32m[Nest] 32608  - [39m2026. 03. 24. 오전 2:22:25 [32m    LOG[39m [38;5;3m[CustomerOrdersController] [39m[32mUser d26831b8-20ef-4b10-8a1c-737a83d9b21f fetching orders (all branches)[39m
[32m[Nest] 32608  - [39m2026. 03. 24. 오전 2:22:25 [32m    LOG[39m [38;5;3m[CustomerOrdersService] [39m[32mFetching orders (all branches) by user d26831b8-20ef-4b10-8a1c-737a83d9b21f[39m
[32m[Nest] 32608  - [39m2026. 03. 24. 오전 2:22:25 [32m    LOG[39m [38;5;3m[CustomerOrdersController] [39m[32mUser d26831b8-20ef-4b10-8a1c-737a83d9b21f fetching orders (all branches)[39m
[32m[Nest] 32608  - [39m2026. 03. 24. 오전 2:22:25 [32m    LOG[39m [38;5;3m[CustomerOrdersService] [39m[32mFetching orders (all branches) by user d26831b8-20ef-4b10-8a1c-737a83d9b21f[39m
[32m[Nest] 32608  - [39m2026. 03. 24. 오전 2:22:25 [32m    LOG[39m [38;5;3m[CustomerOrdersService] [39m[32mFetched 0 orders[39m
[32m[Nest] 32608  - [39m2026. 03. 24. 오전 2:22:25 [32m    LOG[39m [38;5;3m[HTTP] [39m[32mGET /customer/orders?page=1&limit=1&dateStart=2026-03-24&dateEnd=2026-03-24&status=PREPARING - 518ms[39m
[32m[Nest] 32608  - [39m2026. 03. 24. 오전 2:22:25 [32m    LOG[39m [38;5;3m[CustomerOrdersController] [39m[32mUser d26831b8-20ef-4b10-8a1c-737a83d9b21f fetching orders (all branches)[39m
[32m[Nest] 32608  - [39m2026. 03. 24. 오전 2:22:25 [32m    LOG[39m [38;5;3m[CustomerOrdersService] [39m[32mFetching orders (all branches) by user d26831b8-20ef-4b10-8a1c-737a83d9b21f[39m
[32m[Nest] 32608  - [39m2026. 03. 24. 오전 2:22:25 [32m    LOG[39m [38;5;3m[CustomerOrdersService] [39m[32mFetched 0 orders[39m
[32m[Nest] 32608  - [39m2026. 03. 24. 오전 2:22:25 [32m    LOG[39m [38;5;3m[HTTP] [39m[32mGET /customer/orders?page=1&limit=1&dateStart=2026-03-24&dateEnd=2026-03-24&status=COMPLETED - 528ms[39m
[32m[Nest] 32608  - [39m2026. 03. 24. 오전 2:22:25 [32m    LOG[39m [38;5;3m[CustomerOrdersService] [39m[32mFetched 0 orders[39m
[32m[Nest] 32608  - [39m2026. 03. 24. 오전 2:22:25 [32m    LOG[39m [38;5;3m[HTTP] [39m[32mGET /customer/orders?page=1&limit=1&dateStart=2026-03-24&dateEnd=2026-03-24&status=READY - 536ms[39m
[32m[Nest] 32608  - [39m2026. 03. 24. 오전 2:22:25 [32m    LOG[39m [38;5;3m[CustomerOrdersService] [39m[32mFetched 0 orders[39m
[32m[Nest] 32608  - [39m2026. 03. 24. 오전 2:22:25 [32m    LOG[39m [38;5;3m[HTTP] [39m[32mGET /customer/orders?page=1&limit=1&dateStart=2026-03-24&dateEnd=2026-03-24&status=CONFIRMED - 548ms[39m
[32m[Nest] 32608  - [39m2026. 03. 24. 오전 2:22:25 [32m    LOG[39m [38;5;3m[CustomerOrdersService] [39m[32mFetched 0 orders[39m
[32m[Nest] 32608  - [39m2026. 03. 24. 오전 2:22:25 [32m    LOG[39m [38;5;3m[HTTP] [39m[32mGET /customer/orders?page=1&limit=1&dateStart=2026-03-24&dateEnd=2026-03-24&status=CANCELLED - 535ms[39m
[33m[Nest] 32608  - [39m2026. 03. 24. 오전 2:22:26 [33m   WARN[39m [38;5;3m[CustomerOrdersService] [39m[33mFailed to load order payment methods for customer orders: column orders.payment_method does not exist[39m
[32m[Nest] 32608  - [39m2026. 03. 24. 오전 2:22:26 [32m    LOG[39m [38;5;3m[CustomerOrdersService] [39m[32mFetched 0 orders[39m
[32m[Nest] 32608  - [39m2026. 03. 24. 오전 2:22:26 [32m    LOG[39m [38;5;3m[HTTP] [39m[32mGET /customer/orders?page=1&limit=1&dateStart=2026-03-24&dateEnd=2026-03-24&status=REFUNDED - 503ms[39m
[32m[Nest] 32608  - [39m2026. 03. 24. 오전 2:22:26 [32m    LOG[39m [38;5;3m[CustomerOrdersService] [39m[32mFetched 1 orders[39m
[32m[Nest] 32608  - [39m2026. 03. 24. 오전 2:22:26 [32m    LOG[39m [38;5;3m[HTTP] [39m[32mGET /customer/orders?page=1&limit=1&dateStart=2026-03-24&dateEnd=2026-03-24&status=CREATED - 1474ms[39m
[32m[Nest] 32608  - [39m2026. 03. 24. 오전 2:22:44 [32m    LOG[39m [38;5;3m[CustomerGuard] [39m[32mCustomerGuard: User d26831b8-20ef-4b10-8a1c-737a83d9b21f authorized with 1 brand(s) and 0 branch(es)[39m
[32m[Nest] 32608  - [39m2026. 03. 24. 오전 2:22:44 [32m    LOG[39m [38;5;3m[InventoryController] [39m[32mUser d26831b8-20ef-4b10-8a1c-737a83d9b21f fetching low stock alerts for all branches[39m
[32m[Nest] 32608  - [39m2026. 03. 24. 오전 2:22:44 [32m    LOG[39m [38;5;3m[InventoryService] [39m[32mFetching low stock alerts for all branches by user d26831b8-20ef-4b10-8a1c-737a83d9b21f[39m
[32m[Nest] 32608  - [39m2026. 03. 24. 오전 2:22:44 [32m    LOG[39m [38;5;3m[InventoryService] [39m[32mFound 6 low stock items for all branches[39m
[32m[Nest] 32608  - [39m2026. 03. 24. 오전 2:22:44 [32m    LOG[39m [38;5;3m[HTTP] [39m[32mGET /customer/inventory/alerts - 405ms[39m
[32m[Nest] 32608  - [39m2026. 03. 24. 오전 2:22:44 [32m    LOG[39m [38;5;3m[CustomerOrdersController] [39m[32mUser d26831b8-20ef-4b10-8a1c-737a83d9b21f fetching orders (all branches)[39m
[32m[Nest] 32608  - [39m2026. 03. 24. 오전 2:22:44 [32m    LOG[39m [38;5;3m[CustomerOrdersService] [39m[32mFetching orders (all branches) by user d26831b8-20ef-4b10-8a1c-737a83d9b21f[39m
[33m[Nest] 32608  - [39m2026. 03. 24. 오전 2:22:45 [33m   WARN[39m [38;5;3m[CustomerOrdersService] [39m[33mFailed to load order payment methods for customer orders: column orders.payment_method does not exist[39m
[32m[Nest] 32608  - [39m2026. 03. 24. 오전 2:22:46 [32m    LOG[39m [38;5;3m[CustomerOrdersService] [39m[32mFetched 12 orders[39m
[32m[Nest] 32608  - [39m2026. 03. 24. 오전 2:22:46 [32m    LOG[39m [38;5;3m[HTTP] [39m[32mGET /customer/orders?page=1&limit=20 - 1575ms[39m
[33m[Nest] 32608  - [39m2026. 03. 24. 오전 2:23:14 [33m   WARN[39m [38;5;3m[DepositSyncService] [39m[33mDuplicate deposit sheet mapping detected for "시트1" in spreadsheet "1MSwPe5z2ebuU1xNginda2Rt4d4sLrBXh9p5M4rNSKPI". Only the first branch will be used.[39m
[32m[Nest] 32608  - [39m2026. 03. 24. 오전 2:23:44 [32m    LOG[39m [38;5;3m[CustomerGuard] [39m[32mCustomerGuard: User d26831b8-20ef-4b10-8a1c-737a83d9b21f authorized with 1 brand(s) and 0 branch(es)[39m
[32m[Nest] 32608  - [39m2026. 03. 24. 오전 2:23:44 [32m    LOG[39m [38;5;3m[InventoryController] [39m[32mUser d26831b8-20ef-4b10-8a1c-737a83d9b21f fetching low stock alerts for all branches[39m
[32m[Nest] 32608  - [39m2026. 03. 24. 오전 2:23:44 [32m    LOG[39m [38;5;3m[InventoryService] [39m[32mFetching low stock alerts for all branches by user d26831b8-20ef-4b10-8a1c-737a83d9b21f[39m
[32m[Nest] 32608  - [39m2026. 03. 24. 오전 2:23:45 [32m    LOG[39m [38;5;3m[InventoryService] [39m[32mFound 6 low stock items for all branches[39m
[32m[Nest] 32608  - [39m2026. 03. 24. 오전 2:23:45 [32m    LOG[39m [38;5;3m[HTTP] [39m[32mGET /customer/inventory/alerts - 866ms[39m
[32m[Nest] 32608  - [39m2026. 03. 24. 오전 2:23:45 [32m    LOG[39m [38;5;3m[CustomerGuard] [39m[32mCustomerGuard: User d26831b8-20ef-4b10-8a1c-737a83d9b21f authorized with 1 brand(s) and 0 branch(es)[39m
[32m[Nest] 32608  - [39m2026. 03. 24. 오전 2:23:45 [32m    LOG[39m [38;5;3m[CustomerOrdersController] [39m[32mUser d26831b8-20ef-4b10-8a1c-737a83d9b21f fetching orders (all branches)[39m
[32m[Nest] 32608  - [39m2026. 03. 24. 오전 2:23:45 [32m    LOG[39m [38;5;3m[CustomerOrdersService] [39m[32mFetching orders (all branches) by user d26831b8-20ef-4b10-8a1c-737a83d9b21f[39m
[33m[Nest] 32608  - [39m2026. 03. 24. 오전 2:23:47 [33m   WARN[39m [38;5;3m[CustomerOrdersService] [39m[33mFailed to load order payment methods for customer orders: column orders.payment_method does not exist[39m
[32m[Nest] 32608  - [39m2026. 03. 24. 오전 2:23:47 [32m    LOG[39m [38;5;3m[CustomerOrdersService] [39m[32mFetched 12 orders[39m
[32m[Nest] 32608  - [39m2026. 03. 24. 오전 2:23:47 [32m    LOG[39m [38;5;3m[HTTP] [39m[32mGET /customer/orders?page=1&limit=20 - 1972ms[39m
[32m[Nest] 32608  - [39m2026. 03. 24. 오전 2:24:01 [32m    LOG[39m [38;5;3m[CustomerOrdersController] [39m[32mUser d26831b8-20ef-4b10-8a1c-737a83d9b21f fetching orders (all branches)[39m
[32m[Nest] 32608  - [39m2026. 03. 24. 오전 2:24:01 [32m    LOG[39m [38;5;3m[CustomerOrdersService] [39m[32mFetching orders (all branches) by user d26831b8-20ef-4b10-8a1c-737a83d9b21f[39m
[32m[Nest] 32608  - [39m2026. 03. 24. 오전 2:24:01 [32m    LOG[39m [38;5;3m[CustomerOrdersController] [39m[32mUser d26831b8-20ef-4b10-8a1c-737a83d9b21f fetching orders (all branches)[39m
[32m[Nest] 32608  - [39m2026. 03. 24. 오전 2:24:01 [32m    LOG[39m [38;5;3m[CustomerOrdersService] [39m[32mFetching orders (all branches) by user d26831b8-20ef-4b10-8a1c-737a83d9b21f[39m
[33m[Nest] 32608  - [39m2026. 03. 24. 오전 2:24:02 [33m   WARN[39m [38;5;3m[CustomerOrdersService] [39m[33mFailed to load order payment methods for customer orders: column orders.payment_method does not exist[39m
[33m[Nest] 32608  - [39m2026. 03. 24. 오전 2:24:02 [33m   WARN[39m [38;5;3m[CustomerOrdersService] [39m[33mFailed to load order payment methods for customer orders: column orders.payment_method does not exist[39m
[32m[Nest] 32608  - [39m2026. 03. 24. 오전 2:24:02 [32m    LOG[39m [38;5;3m[CustomerOrdersService] [39m[32mFetched 8 orders[39m
[32m[Nest] 32608  - [39m2026. 03. 24. 오전 2:24:02 [32m    LOG[39m [38;5;3m[HTTP] [39m[32mGET /customer/orders?page=1&limit=20&dateStart=2026-03-24&dateEnd=2026-03-24 - 1619ms[39m
[32m[Nest] 32608  - [39m2026. 03. 24. 오전 2:24:02 [32m    LOG[39m [38;5;3m[CustomerOrdersService] [39m[32mFetched 1 orders[39m
[32m[Nest] 32608  - [39m2026. 03. 24. 오전 2:24:02 [32m    LOG[39m [38;5;3m[HTTP] [39m[32mGET /customer/orders?page=1&limit=1&dateStart=2026-03-24&dateEnd=2026-03-24 - 1641ms[39m
[32m[Nest] 32608  - [39m2026. 03. 24. 오전 2:24:02 [32m    LOG[39m [38;5;3m[CustomerOrdersController] [39m[32mUser d26831b8-20ef-4b10-8a1c-737a83d9b21f fetching orders (all branches)[39m
[32m[Nest] 32608  - [39m2026. 03. 24. 오전 2:24:02 [32m    LOG[39m [38;5;3m[CustomerOrdersService] [39m[32mFetching orders (all branches) by user d26831b8-20ef-4b10-8a1c-737a83d9b21f[39m
[32m[Nest] 32608  - [39m2026. 03. 24. 오전 2:24:02 [32m    LOG[39m [38;5;3m[CustomerOrdersController] [39m[32mUser d26831b8-20ef-4b10-8a1c-737a83d9b21f fetching orders (all branches)[39m
[32m[Nest] 32608  - [39m2026. 03. 24. 오전 2:24:02 [32m    LOG[39m [38;5;3m[CustomerOrdersService] [39m[32mFetching orders (all branches) by user d26831b8-20ef-4b10-8a1c-737a83d9b21f[39m
[32m[Nest] 32608  - [39m2026. 03. 24. 오전 2:24:02 [32m    LOG[39m [38;5;3m[CustomerOrdersController] [39m[32mUser d26831b8-20ef-4b10-8a1c-737a83d9b21f fetching orders (all branches)[39m
[32m[Nest] 32608  - [39m2026. 03. 24. 오전 2:24:02 [32m    LOG[39m [38;5;3m[CustomerOrdersService] [39m[32mFetching orders (all branches) by user d26831b8-20ef-4b10-8a1c-737a83d9b21f[39m
[32m[Nest] 32608  - [39m2026. 03. 24. 오전 2:24:02 [32m    LOG[39m [38;5;3m[CustomerOrdersController] [39m[32mUser d26831b8-20ef-4b10-8a1c-737a83d9b21f fetching orders (all branches)[39m
[32m[Nest] 32608  - [39m2026. 03. 24. 오전 2:24:02 [32m    LOG[39m [38;5;3m[CustomerOrdersService] [39m[32mFetching orders (all branches) by user d26831b8-20ef-4b10-8a1c-737a83d9b21f[39m
[32m[Nest] 32608  - [39m2026. 03. 24. 오전 2:24:02 [32m    LOG[39m [38;5;3m[CustomerOrdersController] [39m[32mUser d26831b8-20ef-4b10-8a1c-737a83d9b21f fetching orders (all branches)[39m
[32m[Nest] 32608  - [39m2026. 03. 24. 오전 2:24:02 [32m    LOG[39m [38;5;3m[CustomerOrdersService] [39m[32mFetching orders (all branches) by user d26831b8-20ef-4b10-8a1c-737a83d9b21f[39m
[32m[Nest] 32608  - [39m2026. 03. 24. 오전 2:24:02 [32m    LOG[39m [38;5;3m[CustomerOrdersController] [39m[32mUser d26831b8-20ef-4b10-8a1c-737a83d9b21f fetching orders (all branches)[39m
[32m[Nest] 32608  - [39m2026. 03. 24. 오전 2:24:02 [32m    LOG[39m [38;5;3m[CustomerOrdersService] [39m[32mFetching orders (all branches) by user d26831b8-20ef-4b10-8a1c-737a83d9b21f[39m
[32m[Nest] 32608  - [39m2026. 03. 24. 오전 2:24:03 [32m    LOG[39m [38;5;3m[CustomerOrdersService] [39m[32mFetched 0 orders[39m
[32m[Nest] 32608  - [39m2026. 03. 24. 오전 2:24:03 [32m    LOG[39m [38;5;3m[HTTP] [39m[32mGET /customer/orders?page=1&limit=1&dateStart=2026-03-24&dateEnd=2026-03-24&status=CONFIRMED - 532ms[39m
[32m[Nest] 32608  - [39m2026. 03. 24. 오전 2:24:03 [32m    LOG[39m [38;5;3m[CustomerOrdersController] [39m[32mUser d26831b8-20ef-4b10-8a1c-737a83d9b21f fetching orders (all branches)[39m
[32m[Nest] 32608  - [39m2026. 03. 24. 오전 2:24:03 [32m    LOG[39m [38;5;3m[CustomerOrdersService] [39m[32mFetching orders (all branches) by user d26831b8-20ef-4b10-8a1c-737a83d9b21f[39m
[32m[Nest] 32608  - [39m2026. 03. 24. 오전 2:24:03 [32m    LOG[39m [38;5;3m[CustomerOrdersService] [39m[32mFetched 0 orders[39m
[32m[Nest] 32608  - [39m2026. 03. 24. 오전 2:24:03 [32m    LOG[39m [38;5;3m[HTTP] [39m[32mGET /customer/orders?page=1&limit=1&dateStart=2026-03-24&dateEnd=2026-03-24&status=PREPARING - 542ms[39m
[32m[Nest] 32608  - [39m2026. 03. 24. 오전 2:24:03 [32m    LOG[39m [38;5;3m[CustomerOrdersService] [39m[32mFetched 0 orders[39m
[32m[Nest] 32608  - [39m2026. 03. 24. 오전 2:24:03 [32m    LOG[39m [38;5;3m[HTTP] [39m[32mGET /customer/orders?page=1&limit=1&dateStart=2026-03-24&dateEnd=2026-03-24&status=READY - 558ms[39m
[32m[Nest] 32608  - [39m2026. 03. 24. 오전 2:24:03 [32m    LOG[39m [38;5;3m[CustomerOrdersService] [39m[32mFetched 0 orders[39m
[32m[Nest] 32608  - [39m2026. 03. 24. 오전 2:24:03 [32m    LOG[39m [38;5;3m[HTTP] [39m[32mGET /customer/orders?page=1&limit=1&dateStart=2026-03-24&dateEnd=2026-03-24&status=COMPLETED - 561ms[39m
[32m[Nest] 32608  - [39m2026. 03. 24. 오전 2:24:03 [32m    LOG[39m [38;5;3m[CustomerOrdersService] [39m[32mFetched 0 orders[39m
[32m[Nest] 32608  - [39m2026. 03. 24. 오전 2:24:03 [32m    LOG[39m [38;5;3m[HTTP] [39m[32mGET /customer/orders?page=1&limit=1&dateStart=2026-03-24&dateEnd=2026-03-24&status=CANCELLED - 586ms[39m
[33m[Nest] 32608  - [39m2026. 03. 24. 오전 2:24:04 [33m   WARN[39m [38;5;3m[CustomerOrdersService] [39m[33mFailed to load order payment methods for customer orders: column orders.payment_method does not exist[39m
[32m[Nest] 32608  - [39m2026. 03. 24. 오전 2:24:04 [32m    LOG[39m [38;5;3m[CustomerOrdersService] [39m[32mFetched 0 orders[39m
[32m[Nest] 32608  - [39m2026. 03. 24. 오전 2:24:04 [32m    LOG[39m [38;5;3m[HTTP] [39m[32mGET /customer/orders?page=1&limit=1&dateStart=2026-03-24&dateEnd=2026-03-24&status=REFUNDED - 506ms[39m
[32m[Nest] 32608  - [39m2026. 03. 24. 오전 2:24:04 [32m    LOG[39m [38;5;3m[CustomerOrdersService] [39m[32mFetched 1 orders[39m
[32m[Nest] 32608  - [39m2026. 03. 24. 오전 2:24:04 [32m    LOG[39m [38;5;3m[HTTP] [39m[32mGET /customer/orders?page=1&limit=1&dateStart=2026-03-24&dateEnd=2026-03-24&status=CREATED - 1554ms[39m
[33m[Nest] 32608  - [39m2026. 03. 24. 오전 2:24:14 [33m   WARN[39m [38;5;3m[DepositSyncService] [39m[33mDuplicate deposit sheet mapping detected for "시트1" in spreadsheet "1MSwPe5z2ebuU1xNginda2Rt4d4sLrBXh9p5M4rNSKPI". Only the first branch will be used.[39m
[32m[Nest] 32608  - [39m2026. 03. 24. 오전 2:24:44 [32m    LOG[39m [38;5;3m[CustomerGuard] [39m[32mCustomerGuard: User d26831b8-20ef-4b10-8a1c-737a83d9b21f authorized with 1 brand(s) and 0 branch(es)[39m
[32m[Nest] 32608  - [39m2026. 03. 24. 오전 2:24:44 [32m    LOG[39m [38;5;3m[InventoryController] [39m[32mUser d26831b8-20ef-4b10-8a1c-737a83d9b21f fetching low stock alerts for all branches[39m
[32m[Nest] 32608  - [39m2026. 03. 24. 오전 2:24:44 [32m    LOG[39m [38;5;3m[InventoryService] [39m[32mFetching low stock alerts for all branches by user d26831b8-20ef-4b10-8a1c-737a83d9b21f[39m
[32m[Nest] 32608  - [39m2026. 03. 24. 오전 2:24:44 [32m    LOG[39m [38;5;3m[InventoryService] [39m[32mFound 6 low stock items for all branches[39m
[32m[Nest] 32608  - [39m2026. 03. 24. 오전 2:24:44 [32m    LOG[39m [38;5;3m[HTTP] [39m[32mGET /customer/inventory/alerts - 356ms[39m
[32m[Nest] 32608  - [39m2026. 03. 24. 오전 2:24:44 [32m    LOG[39m [38;5;3m[CustomerGuard] [39m[32mCustomerGuard: User d26831b8-20ef-4b10-8a1c-737a83d9b21f authorized with 1 brand(s) and 0 branch(es)[39m
[32m[Nest] 32608  - [39m2026. 03. 24. 오전 2:24:44 [32m    LOG[39m [38;5;3m[CustomerOrdersController] [39m[32mUser d26831b8-20ef-4b10-8a1c-737a83d9b21f fetching orders (all branches)[39m
[32m[Nest] 32608  - [39m2026. 03. 24. 오전 2:24:44 [32m    LOG[39m [38;5;3m[CustomerOrdersService] [39m[32mFetching orders (all branches) by user d26831b8-20ef-4b10-8a1c-737a83d9b21f[39m
[33m[Nest] 32608  - [39m2026. 03. 24. 오전 2:24:45 [33m   WARN[39m [38;5;3m[CustomerOrdersService] [39m[33mFailed to load order payment methods for customer orders: column orders.payment_method does not exist[39m
[32m[Nest] 32608  - [39m2026. 03. 24. 오전 2:24:46 [32m    LOG[39m [38;5;3m[CustomerOrdersService] [39m[32mFetched 12 orders[39m
[32m[Nest] 32608  - [39m2026. 03. 24. 오전 2:24:46 [32m    LOG[39m [38;5;3m[HTTP] [39m[32mGET /customer/orders?page=1&limit=20 - 1545ms[39m
[33m[Nest] 32608  - [39m2026. 03. 24. 오전 2:25:14 [33m   WARN[39m [38;5;3m[DepositSyncService] [39m[33mDuplicate deposit sheet mapping detected for "시트1" in spreadsheet "1MSwPe5z2ebuU1xNginda2Rt4d4sLrBXh9p5M4rNSKPI". Only the first branch will be used.[39m
[33m[Nest] 32608  - [39m2026. 03. 24. 오전 2:26:14 [33m   WARN[39m [38;5;3m[DepositSyncService] [39m[33mDuplicate deposit sheet mapping detected for "시트1" in spreadsheet "1MSwPe5z2ebuU1xNginda2Rt4d4sLrBXh9p5M4rNSKPI". Only the first branch will be used.[39m
[32m[Nest] 32608  - [39m2026. 03. 24. 오전 2:26:31 [32m    LOG[39m [38;5;3m[CustomerGuard] [39m[32mCustomerGuard: User d26831b8-20ef-4b10-8a1c-737a83d9b21f authorized with 1 brand(s) and 0 branch(es)[39m
[32m[Nest] 32608  - [39m2026. 03. 24. 오전 2:26:31 [32m    LOG[39m [38;5;3m[InventoryController] [39m[32mUser d26831b8-20ef-4b10-8a1c-737a83d9b21f fetching low stock alerts for all branches[39m
[32m[Nest] 32608  - [39m2026. 03. 24. 오전 2:26:31 [32m    LOG[39m [38;5;3m[InventoryService] [39m[32mFetching low stock alerts for all branches by user d26831b8-20ef-4b10-8a1c-737a83d9b21f[39m
[32m[Nest] 32608  - [39m2026. 03. 24. 오전 2:26:31 [32m    LOG[39m [38;5;3m[InventoryService] [39m[32mFound 6 low stock items for all branches[39m
[32m[Nest] 32608  - [39m2026. 03. 24. 오전 2:26:31 [32m    LOG[39m [38;5;3m[HTTP] [39m[32mGET /customer/inventory/alerts - 384ms[39m
[32m[Nest] 32608  - [39m2026. 03. 24. 오전 2:26:32 [32m    LOG[39m [38;5;3m[CustomerGuard] [39m[32mCustomerGuard: User d26831b8-20ef-4b10-8a1c-737a83d9b21f authorized with 1 brand(s) and 0 branch(es)[39m
[32m[Nest] 32608  - [39m2026. 03. 24. 오전 2:26:32 [32m    LOG[39m [38;5;3m[CustomerOrdersController] [39m[32mUser d26831b8-20ef-4b10-8a1c-737a83d9b21f fetching orders (all branches)[39m
[32m[Nest] 32608  - [39m2026. 03. 24. 오전 2:26:32 [32m    LOG[39m [38;5;3m[CustomerOrdersService] [39m[32mFetching orders (all branches) by user d26831b8-20ef-4b10-8a1c-737a83d9b21f[39m
[33m[Nest] 32608  - [39m2026. 03. 24. 오전 2:26:33 [33m   WARN[39m [38;5;3m[CustomerOrdersService] [39m[33mFailed to load order payment methods for customer orders: column orders.payment_method does not exist[39m
[32m[Nest] 32608  - [39m2026. 03. 24. 오전 2:26:33 [32m    LOG[39m [38;5;3m[CustomerOrdersService] [39m[32mFetched 12 orders[39m
[32m[Nest] 32608  - [39m2026. 03. 24. 오전 2:26:33 [32m    LOG[39m [38;5;3m[HTTP] [39m[32mGET /customer/orders?page=1&limit=20 - 1578ms[39m
[33m[Nest] 32608  - [39m2026. 03. 24. 오전 2:27:14 [33m   WARN[39m [38;5;3m[DepositSyncService] [39m[33mDuplicate deposit sheet mapping detected for "시트1" in spreadsheet "1MSwPe5z2ebuU1xNginda2Rt4d4sLrBXh9p5M4rNSKPI". Only the first branch will be used.[39m
[32m[Nest] 32608  - [39m2026. 03. 24. 오전 2:27:29 [32m    LOG[39m [38;5;3m[CustomerGuard] [39m[32mCustomerGuard: User d26831b8-20ef-4b10-8a1c-737a83d9b21f authorized with 1 brand(s) and 0 branch(es)[39m
[32m[Nest] 32608  - [39m2026. 03. 24. 오전 2:27:29 [32m    LOG[39m [38;5;3m[InventoryController] [39m[32mUser d26831b8-20ef-4b10-8a1c-737a83d9b21f fetching low stock alerts for all branches[39m
[32m[Nest] 32608  - [39m2026. 03. 24. 오전 2:27:29 [32m    LOG[39m [38;5;3m[InventoryService] [39m[32mFetching low stock alerts for all branches by user d26831b8-20ef-4b10-8a1c-737a83d9b21f[39m
[32m[Nest] 32608  - [39m2026. 03. 24. 오전 2:27:29 [32m    LOG[39m [38;5;3m[InventoryService] [39m[32mFound 6 low stock items for all branches[39m
[32m[Nest] 32608  - [39m2026. 03. 24. 오전 2:27:29 [32m    LOG[39m [38;5;3m[HTTP] [39m[32mGET /customer/inventory/alerts - 336ms[39m
[32m[Nest] 32608  - [39m2026. 03. 24. 오전 2:27:29 [32m    LOG[39m [38;5;3m[CustomerGuard] [39m[32mCustomerGuard: User d26831b8-20ef-4b10-8a1c-737a83d9b21f authorized with 1 brand(s) and 0 branch(es)[39m
[32m[Nest] 32608  - [39m2026. 03. 24. 오전 2:27:29 [32m    LOG[39m [38;5;3m[CustomerOrdersController] [39m[32mUser d26831b8-20ef-4b10-8a1c-737a83d9b21f fetching orders (all branches)[39m
[32m[Nest] 32608  - [39m2026. 03. 24. 오전 2:27:29 [32m    LOG[39m [38;5;3m[CustomerOrdersService] [39m[32mFetching orders (all branches) by user d26831b8-20ef-4b10-8a1c-737a83d9b21f[39m
[33m[Nest] 32608  - [39m2026. 03. 24. 오전 2:27:30 [33m   WARN[39m [38;5;3m[CustomerOrdersService] [39m[33mFailed to load order payment methods for customer orders: column orders.payment_method does not exist[39m
[32m[Nest] 32608  - [39m2026. 03. 24. 오전 2:27:31 [32m    LOG[39m [38;5;3m[CustomerOrdersService] [39m[32mFetched 12 orders[39m
[32m[Nest] 32608  - [39m2026. 03. 24. 오전 2:27:31 [32m    LOG[39m [38;5;3m[HTTP] [39m[32mGET /customer/orders?page=1&limit=20 - 1555ms[39m
[33m[Nest] 32608  - [39m2026. 03. 24. 오전 2:28:14 [33m   WARN[39m [38;5;3m[DepositSyncService] [39m[33mDuplicate deposit sheet mapping detected for "시트1" in spreadsheet "1MSwPe5z2ebuU1xNginda2Rt4d4sLrBXh9p5M4rNSKPI". Only the first branch will be used.[39m
[32m[Nest] 32608  - [39m2026. 03. 24. 오전 2:28:29 [32m    LOG[39m [38;5;3m[CustomerGuard] [39m[32mCustomerGuard: User d26831b8-20ef-4b10-8a1c-737a83d9b21f authorized with 1 brand(s) and 0 branch(es)[39m
[32m[Nest] 32608  - [39m2026. 03. 24. 오전 2:28:29 [32m    LOG[39m [38;5;3m[InventoryController] [39m[32mUser d26831b8-20ef-4b10-8a1c-737a83d9b21f fetching low stock alerts for all branches[39m
[32m[Nest] 32608  - [39m2026. 03. 24. 오전 2:28:29 [32m    LOG[39m [38;5;3m[InventoryService] [39m[32mFetching low stock alerts for all branches by user d26831b8-20ef-4b10-8a1c-737a83d9b21f[39m
[32m[Nest] 32608  - [39m2026. 03. 24. 오전 2:28:29 [32m    LOG[39m [38;5;3m[InventoryService] [39m[32mFound 6 low stock items for all branches[39m
[32m[Nest] 32608  - [39m2026. 03. 24. 오전 2:28:29 [32m    LOG[39m [38;5;3m[HTTP] [39m[32mGET /customer/inventory/alerts - 333ms[39m
[32m[Nest] 32608  - [39m2026. 03. 24. 오전 2:28:29 [32m    LOG[39m [38;5;3m[CustomerGuard] [39m[32mCustomerGuard: User d26831b8-20ef-4b10-8a1c-737a83d9b21f authorized with 1 brand(s) and 0 branch(es)[39m
[32m[Nest] 32608  - [39m2026. 03. 24. 오전 2:28:29 [32m    LOG[39m [38;5;3m[CustomerOrdersController] [39m[32mUser d26831b8-20ef-4b10-8a1c-737a83d9b21f fetching orders (all branches)[39m
[32m[Nest] 32608  - [39m2026. 03. 24. 오전 2:28:29 [32m    LOG[39m [38;5;3m[CustomerOrdersService] [39m[32mFetching orders (all branches) by user d26831b8-20ef-4b10-8a1c-737a83d9b21f[39m
[33m[Nest] 32608  - [39m2026. 03. 24. 오전 2:28:30 [33m   WARN[39m [38;5;3m[CustomerOrdersService] [39m[33mFailed to load order payment methods for customer orders: column orders.payment_method does not exist[39m
[32m[Nest] 32608  - [39m2026. 03. 24. 오전 2:28:31 [32m    LOG[39m [38;5;3m[CustomerOrdersService] [39m[32mFetched 12 orders[39m
[32m[Nest] 32608  - [39m2026. 03. 24. 오전 2:28:31 [32m    LOG[39m [38;5;3m[HTTP] [39m[32mGET /customer/orders?page=1&limit=20 - 1516ms[39m
[32m[Nest] 32608  - [39m2026. 03. 24. 오전 2:28:33 [32m    LOG[39m [38;5;3m[CustomerOrdersController] [39m[32mUser d26831b8-20ef-4b10-8a1c-737a83d9b21f fetching orders (all branches)[39m
[32m[Nest] 32608  - [39m2026. 03. 24. 오전 2:28:33 [32m    LOG[39m [38;5;3m[CustomerOrdersService] [39m[32mFetching orders (all branches) by user d26831b8-20ef-4b10-8a1c-737a83d9b21f[39m
[32m[Nest] 32608  - [39m2026. 03. 24. 오전 2:28:33 [32m    LOG[39m [38;5;3m[CustomerOrdersController] [39m[32mUser d26831b8-20ef-4b10-8a1c-737a83d9b21f fetching orders (all branches)[39m
[32m[Nest] 32608  - [39m2026. 03. 24. 오전 2:28:33 [32m    LOG[39m [38;5;3m[CustomerOrdersService] [39m[32mFetching orders (all branches) by user d26831b8-20ef-4b10-8a1c-737a83d9b21f[39m
[33m[Nest] 32608  - [39m2026. 03. 24. 오전 2:28:34 [33m   WARN[39m [38;5;3m[CustomerOrdersService] [39m[33mFailed to load order payment methods for customer orders: column orders.payment_method does not exist[39m
[33m[Nest] 32608  - [39m2026. 03. 24. 오전 2:28:34 [33m   WARN[39m [38;5;3m[CustomerOrdersService] [39m[33mFailed to load order payment methods for customer orders: column orders.payment_method does not exist[39m
[32m[Nest] 32608  - [39m2026. 03. 24. 오전 2:28:35 [32m    LOG[39m [38;5;3m[CustomerOrdersService] [39m[32mFetched 1 orders[39m
[32m[Nest] 32608  - [39m2026. 03. 24. 오전 2:28:35 [32m    LOG[39m [38;5;3m[HTTP] [39m[32mGET /customer/orders?page=1&limit=1&dateStart=2026-03-24&dateEnd=2026-03-24 - 1541ms[39m
[32m[Nest] 32608  - [39m2026. 03. 24. 오전 2:28:35 [32m    LOG[39m [38;5;3m[CustomerOrdersController] [39m[32mUser d26831b8-20ef-4b10-8a1c-737a83d9b21f fetching orders (all branches)[39m
[32m[Nest] 32608  - [39m2026. 03. 24. 오전 2:28:35 [32m    LOG[39m [38;5;3m[CustomerOrdersService] [39m[32mFetching orders (all branches) by user d26831b8-20ef-4b10-8a1c-737a83d9b21f[39m
[32m[Nest] 32608  - [39m2026. 03. 24. 오전 2:28:35 [32m    LOG[39m [38;5;3m[CustomerOrdersController] [39m[32mUser d26831b8-20ef-4b10-8a1c-737a83d9b21f fetching orders (all branches)[39m
[32m[Nest] 32608  - [39m2026. 03. 24. 오전 2:28:35 [32m    LOG[39m [38;5;3m[CustomerOrdersService] [39m[32mFetching orders (all branches) by user d26831b8-20ef-4b10-8a1c-737a83d9b21f[39m
[32m[Nest] 32608  - [39m2026. 03. 24. 오전 2:28:35 [32m    LOG[39m [38;5;3m[CustomerOrdersController] [39m[32mUser d26831b8-20ef-4b10-8a1c-737a83d9b21f fetching orders (all branches)[39m
[32m[Nest] 32608  - [39m2026. 03. 24. 오전 2:28:35 [32m    LOG[39m [38;5;3m[CustomerOrdersService] [39m[32mFetching orders (all branches) by user d26831b8-20ef-4b10-8a1c-737a83d9b21f[39m
[32m[Nest] 32608  - [39m2026. 03. 24. 오전 2:28:35 [32m    LOG[39m [38;5;3m[CustomerOrdersController] [39m[32mUser d26831b8-20ef-4b10-8a1c-737a83d9b21f fetching orders (all branches)[39m
[32m[Nest] 32608  - [39m2026. 03. 24. 오전 2:28:35 [32m    LOG[39m [38;5;3m[CustomerOrdersService] [39m[32mFetching orders (all branches) by user d26831b8-20ef-4b10-8a1c-737a83d9b21f[39m
[32m[Nest] 32608  - [39m2026. 03. 24. 오전 2:28:35 [32m    LOG[39m [38;5;3m[CustomerOrdersController] [39m[32mUser d26831b8-20ef-4b10-8a1c-737a83d9b21f fetching orders (all branches)[39m
[32m[Nest] 32608  - [39m2026. 03. 24. 오전 2:28:35 [32m    LOG[39m [38;5;3m[CustomerOrdersService] [39m[32mFetching orders (all branches) by user d26831b8-20ef-4b10-8a1c-737a83d9b21f[39m
[32m[Nest] 32608  - [39m2026. 03. 24. 오전 2:28:35 [32m    LOG[39m [38;5;3m[CustomerOrdersService] [39m[32mFetched 8 orders[39m
[32m[Nest] 32608  - [39m2026. 03. 24. 오전 2:28:35 [32m    LOG[39m [38;5;3m[HTTP] [39m[32mGET /customer/orders?page=1&limit=20&dateStart=2026-03-24&dateEnd=2026-03-24 - 1560ms[39m
[32m[Nest] 32608  - [39m2026. 03. 24. 오전 2:28:35 [32m    LOG[39m [38;5;3m[CustomerOrdersController] [39m[32mUser d26831b8-20ef-4b10-8a1c-737a83d9b21f fetching orders (all branches)[39m
[32m[Nest] 32608  - [39m2026. 03. 24. 오전 2:28:35 [32m    LOG[39m [38;5;3m[CustomerOrdersService] [39m[32mFetching orders (all branches) by user d26831b8-20ef-4b10-8a1c-737a83d9b21f[39m
[32m[Nest] 32608  - [39m2026. 03. 24. 오전 2:28:36 [32m    LOG[39m [38;5;3m[CustomerOrdersService] [39m[32mFetched 0 orders[39m
[32m[Nest] 32608  - [39m2026. 03. 24. 오전 2:28:36 [32m    LOG[39m [38;5;3m[HTTP] [39m[32mGET /customer/orders?page=1&limit=1&dateStart=2026-03-24&dateEnd=2026-03-24&status=CONFIRMED - 561ms[39m
[32m[Nest] 32608  - [39m2026. 03. 24. 오전 2:28:36 [32m    LOG[39m [38;5;3m[CustomerOrdersService] [39m[32mFetched 0 orders[39m
[32m[Nest] 32608  - [39m2026. 03. 24. 오전 2:28:36 [32m    LOG[39m [38;5;3m[HTTP] [39m[32mGET /customer/orders?page=1&limit=1&dateStart=2026-03-24&dateEnd=2026-03-24&status=REFUNDED - 546ms[39m
[32m[Nest] 32608  - [39m2026. 03. 24. 오전 2:28:36 [32m    LOG[39m [38;5;3m[CustomerOrdersController] [39m[32mUser d26831b8-20ef-4b10-8a1c-737a83d9b21f fetching orders (all branches)[39m
[32m[Nest] 32608  - [39m2026. 03. 24. 오전 2:28:36 [32m    LOG[39m [38;5;3m[CustomerOrdersService] [39m[32mFetching orders (all branches) by user d26831b8-20ef-4b10-8a1c-737a83d9b21f[39m
[32m[Nest] 32608  - [39m2026. 03. 24. 오전 2:28:36 [32m    LOG[39m [38;5;3m[CustomerOrdersService] [39m[32mFetched 0 orders[39m
[32m[Nest] 32608  - [39m2026. 03. 24. 오전 2:28:36 [32m    LOG[39m [38;5;3m[HTTP] [39m[32mGET /customer/orders?page=1&limit=1&dateStart=2026-03-24&dateEnd=2026-03-24&status=READY - 572ms[39m
[32m[Nest] 32608  - [39m2026. 03. 24. 오전 2:28:36 [32m    LOG[39m [38;5;3m[CustomerOrdersService] [39m[32mFetched 0 orders[39m
[32m[Nest] 32608  - [39m2026. 03. 24. 오전 2:28:36 [32m    LOG[39m [38;5;3m[HTTP] [39m[32mGET /customer/orders?page=1&limit=1&dateStart=2026-03-24&dateEnd=2026-03-24&status=PREPARING - 576ms[39m
[32m[Nest] 32608  - [39m2026. 03. 24. 오전 2:28:36 [32m    LOG[39m [38;5;3m[CustomerOrdersService] [39m[32mFetched 0 orders[39m
[32m[Nest] 32608  - [39m2026. 03. 24. 오전 2:28:36 [32m    LOG[39m [38;5;3m[HTTP] [39m[32mGET /customer/orders?page=1&limit=1&dateStart=2026-03-24&dateEnd=2026-03-24&status=COMPLETED - 573ms[39m
[32m[Nest] 32608  - [39m2026. 03. 24. 오전 2:28:36 [32m    LOG[39m [38;5;3m[CustomerOrdersService] [39m[32mFetched 0 orders[39m
[32m[Nest] 32608  - [39m2026. 03. 24. 오전 2:28:36 [32m    LOG[39m [38;5;3m[HTTP] [39m[32mGET /customer/orders?page=1&limit=1&dateStart=2026-03-24&dateEnd=2026-03-24&status=CANCELLED - 466ms[39m
[33m[Nest] 32608  - [39m2026. 03. 24. 오전 2:28:36 [33m   WARN[39m [38;5;3m[CustomerOrdersService] [39m[33mFailed to load order payment methods for customer orders: column orders.payment_method does not exist[39m
[32m[Nest] 32608  - [39m2026. 03. 24. 오전 2:28:37 [32m    LOG[39m [38;5;3m[CustomerOrdersService] [39m[32mFetched 1 orders[39m
[32m[Nest] 32608  - [39m2026. 03. 24. 오전 2:28:37 [32m    LOG[39m [38;5;3m[HTTP] [39m[32mGET /customer/orders?page=1&limit=1&dateStart=2026-03-24&dateEnd=2026-03-24&status=CREATED - 1541ms[39m
[32m[Nest] 32608  - [39m2026. 03. 24. 오전 2:28:44 [32m    LOG[39m [38;5;3m[InventoryController] [39m[32mUser d26831b8-20ef-4b10-8a1c-737a83d9b21f fetching low stock alerts for all branches[39m
[32m[Nest] 32608  - [39m2026. 03. 24. 오전 2:28:44 [32m    LOG[39m [38;5;3m[InventoryService] [39m[32mFetching low stock alerts for all branches by user d26831b8-20ef-4b10-8a1c-737a83d9b21f[39m
[32m[Nest] 32608  - [39m2026. 03. 24. 오전 2:28:44 [32m    LOG[39m [38;5;3m[InventoryService] [39m[32mFound 6 low stock items for all branches[39m
[32m[Nest] 32608  - [39m2026. 03. 24. 오전 2:28:44 [32m    LOG[39m [38;5;3m[HTTP] [39m[32mGET /customer/inventory/alerts - 343ms[39m
[32m[Nest] 32608  - [39m2026. 03. 24. 오전 2:28:44 [32m    LOG[39m [38;5;3m[CustomerOrdersController] [39m[32mUser d26831b8-20ef-4b10-8a1c-737a83d9b21f fetching orders (all branches)[39m
[32m[Nest] 32608  - [39m2026. 03. 24. 오전 2:28:44 [32m    LOG[39m [38;5;3m[CustomerOrdersService] [39m[32mFetching orders (all branches) by user d26831b8-20ef-4b10-8a1c-737a83d9b21f[39m
[33m[Nest] 32608  - [39m2026. 03. 24. 오전 2:28:45 [33m   WARN[39m [38;5;3m[CustomerOrdersService] [39m[33mFailed to load order payment methods for customer orders: column orders.payment_method does not exist[39m
[32m[Nest] 32608  - [39m2026. 03. 24. 오전 2:28:46 [32m    LOG[39m [38;5;3m[CustomerOrdersService] [39m[32mFetched 12 orders[39m
[32m[Nest] 32608  - [39m2026. 03. 24. 오전 2:28:46 [32m    LOG[39m [38;5;3m[HTTP] [39m[32mGET /customer/orders?page=1&limit=20 - 1536ms[39m
[2J[3J[H[[90m오전 2:28:52[0m] File change detected. Starting incremental compilation...

[96msrc/modules/deposit-sync/deposit-sync.service.ts[0m:[93m392[0m:[93m29[0m - [91merror[0m[90m TS2339: [0mProperty 'spreadsheet_id' does not exist on type 'PendingDepositRow'.

[7m392[0m     const sheetKey = `${row.spreadsheet_id}::${row.sheet_name}`;
[7m   [0m [91m                            ~~~~~~~~~~~~~~[0m

[96msrc/modules/deposit-sync/deposit-sync.service.ts[0m:[93m392[0m:[93m52[0m - [91merror[0m[90m TS2339: [0mProperty 'sheet_name' does not exist on type 'PendingDepositRow'.

[7m392[0m     const sheetKey = `${row.spreadsheet_id}::${row.sheet_name}`;
[7m   [0m [91m                                                   ~~~~~~~~~~[0m

[[90m오전 2:28:54[0m] Found 2 errors. Watching for file changes.

[33m[Nest] 32608  - [39m2026. 03. 24. 오전 2:29:14 [33m   WARN[39m [38;5;3m[DepositSyncService] [39m[33mDuplicate deposit sheet mapping detected for "시트1" in spreadsheet "1MSwPe5z2ebuU1xNginda2Rt4d4sLrBXh9p5M4rNSKPI". Only the first branch will be used.[39m
[32m[Nest] 32608  - [39m2026. 03. 24. 오전 2:30:10 [32m    LOG[39m [38;5;3m[CustomerGuard] [39m[32mCustomerGuard: User d26831b8-20ef-4b10-8a1c-737a83d9b21f authorized with 1 brand(s) and 0 branch(es)[39m
[32m[Nest] 32608  - [39m2026. 03. 24. 오전 2:30:10 [32m    LOG[39m [38;5;3m[CustomerOrdersController] [39m[32mUser d26831b8-20ef-4b10-8a1c-737a83d9b21f fetching orders (all branches)[39m
[32m[Nest] 32608  - [39m2026. 03. 24. 오전 2:30:10 [32m    LOG[39m [38;5;3m[CustomerOrdersService] [39m[32mFetching orders (all branches) by user d26831b8-20ef-4b10-8a1c-737a83d9b21f[39m
[32m[Nest] 32608  - [39m2026. 03. 24. 오전 2:30:10 [32m    LOG[39m [38;5;3m[CustomerGuard] [39m[32mCustomerGuard: User d26831b8-20ef-4b10-8a1c-737a83d9b21f authorized with 1 brand(s) and 0 branch(es)[39m
[32m[Nest] 32608  - [39m2026. 03. 24. 오전 2:30:10 [32m    LOG[39m [38;5;3m[InventoryController] [39m[32mUser d26831b8-20ef-4b10-8a1c-737a83d9b21f fetching low stock alerts for all branches[39m
[32m[Nest] 32608  - [39m2026. 03. 24. 오전 2:30:10 [32m    LOG[39m [38;5;3m[InventoryService] [39m[32mFetching low stock alerts for all branches by user d26831b8-20ef-4b10-8a1c-737a83d9b21f[39m
[32m[Nest] 32608  - [39m2026. 03. 24. 오전 2:30:10 [32m    LOG[39m [38;5;3m[CustomerGuard] [39m[32mCustomerGuard: User d26831b8-20ef-4b10-8a1c-737a83d9b21f authorized with 1 brand(s) and 0 branch(es)[39m
[32m[Nest] 32608  - [39m2026. 03. 24. 오전 2:30:10 [32m    LOG[39m [38;5;3m[CustomerOrdersController] [39m[32mUser d26831b8-20ef-4b10-8a1c-737a83d9b21f fetching orders (all branches)[39m
[32m[Nest] 32608  - [39m2026. 03. 24. 오전 2:30:10 [32m    LOG[39m [38;5;3m[CustomerOrdersService] [39m[32mFetching orders (all branches) by user d26831b8-20ef-4b10-8a1c-737a83d9b21f[39m
[32m[Nest] 32608  - [39m2026. 03. 24. 오전 2:30:10 [32m    LOG[39m [38;5;3m[InventoryService] [39m[32mFound 6 low stock items for all branches[39m
[32m[Nest] 32608  - [39m2026. 03. 24. 오전 2:30:10 [32m    LOG[39m [38;5;3m[HTTP] [39m[32mGET /customer/inventory/alerts - 324ms[39m
[32m[Nest] 32608  - [39m2026. 03. 24. 오전 2:30:10 [32m    LOG[39m [38;5;3m[CustomerOrdersController] [39m[32mUser d26831b8-20ef-4b10-8a1c-737a83d9b21f fetching orders (all branches)[39m
[32m[Nest] 32608  - [39m2026. 03. 24. 오전 2:30:10 [32m    LOG[39m [38;5;3m[CustomerOrdersService] [39m[32mFetching orders (all branches) by user d26831b8-20ef-4b10-8a1c-737a83d9b21f[39m
[33m[Nest] 32608  - [39m2026. 03. 24. 오전 2:30:11 [33m   WARN[39m [38;5;3m[CustomerOrdersService] [39m[33mFailed to load order payment methods for customer orders: column orders.payment_method does not exist[39m
[33m[Nest] 32608  - [39m2026. 03. 24. 오전 2:30:11 [33m   WARN[39m [38;5;3m[CustomerOrdersService] [39m[33mFailed to load order payment methods for customer orders: column orders.payment_method does not exist[39m
[33m[Nest] 32608  - [39m2026. 03. 24. 오전 2:30:11 [33m   WARN[39m [38;5;3m[CustomerOrdersService] [39m[33mFailed to load order payment methods for customer orders: column orders.payment_method does not exist[39m
[32m[Nest] 32608  - [39m2026. 03. 24. 오전 2:30:11 [32m    LOG[39m [38;5;3m[CustomerOrdersService] [39m[32mFetched 1 orders[39m
[32m[Nest] 32608  - [39m2026. 03. 24. 오전 2:30:11 [32m    LOG[39m [38;5;3m[HTTP] [39m[32mGET /customer/orders?page=1&limit=1&dateStart=2026-03-24&dateEnd=2026-03-24 - 1484ms[39m
[32m[Nest] 32608  - [39m2026. 03. 24. 오전 2:30:11 [32m    LOG[39m [38;5;3m[CustomerOrdersController] [39m[32mUser d26831b8-20ef-4b10-8a1c-737a83d9b21f fetching orders (all branches)[39m
[32m[Nest] 32608  - [39m2026. 03. 24. 오전 2:30:11 [32m    LOG[39m [38;5;3m[CustomerOrdersService] [39m[32mFetching orders (all branches) by user d26831b8-20ef-4b10-8a1c-737a83d9b21f[39m
[32m[Nest] 32608  - [39m2026. 03. 24. 오전 2:30:11 [32m    LOG[39m [38;5;3m[CustomerOrdersController] [39m[32mUser d26831b8-20ef-4b10-8a1c-737a83d9b21f fetching orders (all branches)[39m
[32m[Nest] 32608  - [39m2026. 03. 24. 오전 2:30:11 [32m    LOG[39m [38;5;3m[CustomerOrdersService] [39m[32mFetching orders (all branches) by user d26831b8-20ef-4b10-8a1c-737a83d9b21f[39m
[32m[Nest] 32608  - [39m2026. 03. 24. 오전 2:30:11 [32m    LOG[39m [38;5;3m[CustomerOrdersController] [39m[32mUser d26831b8-20ef-4b10-8a1c-737a83d9b21f fetching orders (all branches)[39m
[32m[Nest] 32608  - [39m2026. 03. 24. 오전 2:30:11 [32m    LOG[39m [38;5;3m[CustomerOrdersService] [39m[32mFetching orders (all branches) by user d26831b8-20ef-4b10-8a1c-737a83d9b21f[39m
[32m[Nest] 32608  - [39m2026. 03. 24. 오전 2:30:11 [32m    LOG[39m [38;5;3m[CustomerOrdersController] [39m[32mUser d26831b8-20ef-4b10-8a1c-737a83d9b21f fetching orders (all branches)[39m
[32m[Nest] 32608  - [39m2026. 03. 24. 오전 2:30:11 [32m    LOG[39m [38;5;3m[CustomerOrdersService] [39m[32mFetching orders (all branches) by user d26831b8-20ef-4b10-8a1c-737a83d9b21f[39m
[32m[Nest] 32608  - [39m2026. 03. 24. 오전 2:30:11 [32m    LOG[39m [38;5;3m[CustomerOrdersService] [39m[32mFetched 8 orders[39m
[32m[Nest] 32608  - [39m2026. 03. 24. 오전 2:30:11 [32m    LOG[39m [38;5;3m[HTTP] [39m[32mGET /customer/orders?page=1&limit=20&dateStart=2026-03-24&dateEnd=2026-03-24 - 1564ms[39m
[32m[Nest] 32608  - [39m2026. 03. 24. 오전 2:30:11 [32m    LOG[39m [38;5;3m[CustomerOrdersController] [39m[32mUser d26831b8-20ef-4b10-8a1c-737a83d9b21f fetching orders (all branches)[39m
[32m[Nest] 32608  - [39m2026. 03. 24. 오전 2:30:11 [32m    LOG[39m [38;5;3m[CustomerOrdersService] [39m[32mFetching orders (all branches) by user d26831b8-20ef-4b10-8a1c-737a83d9b21f[39m
[32m[Nest] 32608  - [39m2026. 03. 24. 오전 2:30:11 [32m    LOG[39m [38;5;3m[CustomerOrdersService] [39m[32mFetched 12 orders[39m
[32m[Nest] 32608  - [39m2026. 03. 24. 오전 2:30:11 [32m    LOG[39m [38;5;3m[HTTP] [39m[32mGET /customer/orders?page=1&limit=20 - 1517ms[39m
[32m[Nest] 32608  - [39m2026. 03. 24. 오전 2:30:11 [32m    LOG[39m [38;5;3m[CustomerOrdersController] [39m[32mUser d26831b8-20ef-4b10-8a1c-737a83d9b21f fetching orders (all branches)[39m
[32m[Nest] 32608  - [39m2026. 03. 24. 오전 2:30:11 [32m    LOG[39m [38;5;3m[CustomerOrdersService] [39m[32mFetching orders (all branches) by user d26831b8-20ef-4b10-8a1c-737a83d9b21f[39m
[32m[Nest] 32608  - [39m2026. 03. 24. 오전 2:30:12 [32m    LOG[39m [38;5;3m[CustomerOrdersService] [39m[32mFetched 0 orders[39m
[32m[Nest] 32608  - [39m2026. 03. 24. 오전 2:30:12 [32m    LOG[39m [38;5;3m[HTTP] [39m[32mGET /customer/orders?page=1&limit=1&dateStart=2026-03-24&dateEnd=2026-03-24&status=CONFIRMED - 488ms[39m
[32m[Nest] 32608  - [39m2026. 03. 24. 오전 2:30:12 [32m    LOG[39m [38;5;3m[CustomerOrdersController] [39m[32mUser d26831b8-20ef-4b10-8a1c-737a83d9b21f fetching orders (all branches)[39m
[32m[Nest] 32608  - [39m2026. 03. 24. 오전 2:30:12 [32m    LOG[39m [38;5;3m[CustomerOrdersService] [39m[32mFetching orders (all branches) by user d26831b8-20ef-4b10-8a1c-737a83d9b21f[39m
[32m[Nest] 32608  - [39m2026. 03. 24. 오전 2:30:12 [32m    LOG[39m [38;5;3m[CustomerOrdersService] [39m[32mFetched 0 orders[39m
[32m[Nest] 32608  - [39m2026. 03. 24. 오전 2:30:12 [32m    LOG[39m [38;5;3m[HTTP] [39m[32mGET /customer/orders?page=1&limit=1&dateStart=2026-03-24&dateEnd=2026-03-24&status=PREPARING - 501ms[39m
[32m[Nest] 32608  - [39m2026. 03. 24. 오전 2:30:12 [32m    LOG[39m [38;5;3m[CustomerOrdersService] [39m[32mFetched 0 orders[39m
[32m[Nest] 32608  - [39m2026. 03. 24. 오전 2:30:12 [32m    LOG[39m [38;5;3m[HTTP] [39m[32mGET /customer/orders?page=1&limit=1&dateStart=2026-03-24&dateEnd=2026-03-24&status=READY - 517ms[39m
[32m[Nest] 32608  - [39m2026. 03. 24. 오전 2:30:12 [32m    LOG[39m [38;5;3m[CustomerOrdersService] [39m[32mFetched 0 orders[39m
[32m[Nest] 32608  - [39m2026. 03. 24. 오전 2:30:12 [32m    LOG[39m [38;5;3m[HTTP] [39m[32mGET /customer/orders?page=1&limit=1&dateStart=2026-03-24&dateEnd=2026-03-24&status=COMPLETED - 486ms[39m
[32m[Nest] 32608  - [39m2026. 03. 24. 오전 2:30:12 [32m    LOG[39m [38;5;3m[CustomerOrdersService] [39m[32mFetched 0 orders[39m
[32m[Nest] 32608  - [39m2026. 03. 24. 오전 2:30:12 [32m    LOG[39m [38;5;3m[HTTP] [39m[32mGET /customer/orders?page=1&limit=1&dateStart=2026-03-24&dateEnd=2026-03-24&status=CANCELLED - 514ms[39m
[32m[Nest] 32608  - [39m2026. 03. 24. 오전 2:30:12 [32m    LOG[39m [38;5;3m[CustomerOrdersService] [39m[32mFetched 0 orders[39m
[32m[Nest] 32608  - [39m2026. 03. 24. 오전 2:30:12 [32m    LOG[39m [38;5;3m[HTTP] [39m[32mGET /customer/orders?page=1&limit=1&dateStart=2026-03-24&dateEnd=2026-03-24&status=REFUNDED - 515ms[39m
[33m[Nest] 32608  - [39m2026. 03. 24. 오전 2:30:12 [33m   WARN[39m [38;5;3m[CustomerOrdersService] [39m[33mFailed to load order payment methods for customer orders: column orders.payment_method does not exist[39m
[32m[Nest] 32608  - [39m2026. 03. 24. 오전 2:30:13 [32m    LOG[39m [38;5;3m[CustomerOrdersService] [39m[32mFetched 1 orders[39m
[32m[Nest] 32608  - [39m2026. 03. 24. 오전 2:30:13 [32m    LOG[39m [38;5;3m[HTTP] [39m[32mGET /customer/orders?page=1&limit=1&dateStart=2026-03-24&dateEnd=2026-03-24&status=CREATED - 1585ms[39m
[32m[Nest] 32608  - [39m2026. 03. 24. 오전 2:30:13 [32m    LOG[39m [38;5;3m[CustomerOrdersController] [39m[32mUser d26831b8-20ef-4b10-8a1c-737a83d9b21f fetching orders (all branches)[39m
[32m[Nest] 32608  - [39m2026. 03. 24. 오전 2:30:13 [32m    LOG[39m [38;5;3m[CustomerOrdersService] [39m[32mFetching orders (all branches) by user d26831b8-20ef-4b10-8a1c-737a83d9b21f[39m
[32m[Nest] 32608  - [39m2026. 03. 24. 오전 2:30:13 [32m    LOG[39m [38;5;3m[CustomerOrdersController] [39m[32mUser d26831b8-20ef-4b10-8a1c-737a83d9b21f fetching orders (all branches)[39m
[32m[Nest] 32608  - [39m2026. 03. 24. 오전 2:30:13 [32m    LOG[39m [38;5;3m[CustomerOrdersService] [39m[32mFetching orders (all branches) by user d26831b8-20ef-4b10-8a1c-737a83d9b21f[39m
[33m[Nest] 32608  - [39m2026. 03. 24. 오전 2:30:14 [33m   WARN[39m [38;5;3m[DepositSyncService] [39m[33mDuplicate deposit sheet mapping detected for "시트1" in spreadsheet "1MSwPe5z2ebuU1xNginda2Rt4d4sLrBXh9p5M4rNSKPI". Only the first branch will be used.[39m
[33m[Nest] 32608  - [39m2026. 03. 24. 오전 2:30:14 [33m   WARN[39m [38;5;3m[CustomerOrdersService] [39m[33mFailed to load order payment methods for customer orders: column orders.payment_method does not exist[39m
[33m[Nest] 32608  - [39m2026. 03. 24. 오전 2:30:14 [33m   WARN[39m [38;5;3m[CustomerOrdersService] [39m[33mFailed to load order payment methods for customer orders: column orders.payment_method does not exist[39m
[32m[Nest] 32608  - [39m2026. 03. 24. 오전 2:30:15 [32m    LOG[39m [38;5;3m[CustomerOrdersService] [39m[32mFetched 8 orders[39m
[32m[Nest] 32608  - [39m2026. 03. 24. 오전 2:30:15 [32m    LOG[39m [38;5;3m[HTTP] [39m[32mGET /customer/orders?page=1&limit=20&dateStart=2026-03-24&dateEnd=2026-03-24 - 1498ms[39m
[32m[Nest] 32608  - [39m2026. 03. 24. 오전 2:30:15 [32m    LOG[39m [38;5;3m[CustomerOrdersService] [39m[32mFetched 1 orders[39m
[32m[Nest] 32608  - [39m2026. 03. 24. 오전 2:30:15 [32m    LOG[39m [38;5;3m[HTTP] [39m[32mGET /customer/orders?page=1&limit=1&dateStart=2026-03-24&dateEnd=2026-03-24 - 1502ms[39m
[32m[Nest] 32608  - [39m2026. 03. 24. 오전 2:30:15 [32m    LOG[39m [38;5;3m[CustomerOrdersController] [39m[32mUser d26831b8-20ef-4b10-8a1c-737a83d9b21f fetching orders (all branches)[39m
[32m[Nest] 32608  - [39m2026. 03. 24. 오전 2:30:15 [32m    LOG[39m [38;5;3m[CustomerOrdersService] [39m[32mFetching orders (all branches) by user d26831b8-20ef-4b10-8a1c-737a83d9b21f[39m
[32m[Nest] 32608  - [39m2026. 03. 24. 오전 2:30:15 [32m    LOG[39m [38;5;3m[CustomerOrdersController] [39m[32mUser d26831b8-20ef-4b10-8a1c-737a83d9b21f fetching orders (all branches)[39m
[32m[Nest] 32608  - [39m2026. 03. 24. 오전 2:30:15 [32m    LOG[39m [38;5;3m[CustomerOrdersService] [39m[32mFetching orders (all branches) by user d26831b8-20ef-4b10-8a1c-737a83d9b21f[39m
[32m[Nest] 32608  - [39m2026. 03. 24. 오전 2:30:15 [32m    LOG[39m [38;5;3m[CustomerOrdersController] [39m[32mUser d26831b8-20ef-4b10-8a1c-737a83d9b21f fetching orders (all branches)[39m
[32m[Nest] 32608  - [39m2026. 03. 24. 오전 2:30:15 [32m    LOG[39m [38;5;3m[CustomerOrdersService] [39m[32mFetching orders (all branches) by user d26831b8-20ef-4b10-8a1c-737a83d9b21f[39m
[32m[Nest] 32608  - [39m2026. 03. 24. 오전 2:30:15 [32m    LOG[39m [38;5;3m[CustomerOrdersController] [39m[32mUser d26831b8-20ef-4b10-8a1c-737a83d9b21f fetching orders (all branches)[39m
[32m[Nest] 32608  - [39m2026. 03. 24. 오전 2:30:15 [32m    LOG[39m [38;5;3m[CustomerOrdersService] [39m[32mFetching orders (all branches) by user d26831b8-20ef-4b10-8a1c-737a83d9b21f[39m
[32m[Nest] 32608  - [39m2026. 03. 24. 오전 2:30:15 [32m    LOG[39m [38;5;3m[CustomerOrdersController] [39m[32mUser d26831b8-20ef-4b10-8a1c-737a83d9b21f fetching orders (all branches)[39m
[32m[Nest] 32608  - [39m2026. 03. 24. 오전 2:30:15 [32m    LOG[39m [38;5;3m[CustomerOrdersService] [39m[32mFetching orders (all branches) by user d26831b8-20ef-4b10-8a1c-737a83d9b21f[39m
[32m[Nest] 32608  - [39m2026. 03. 24. 오전 2:30:15 [32m    LOG[39m [38;5;3m[CustomerOrdersController] [39m[32mUser d26831b8-20ef-4b10-8a1c-737a83d9b21f fetching orders (all branches)[39m
[32m[Nest] 32608  - [39m2026. 03. 24. 오전 2:30:15 [32m    LOG[39m [38;5;3m[CustomerOrdersService] [39m[32mFetching orders (all branches) by user d26831b8-20ef-4b10-8a1c-737a83d9b21f[39m
[32m[Nest] 32608  - [39m2026. 03. 24. 오전 2:30:16 [32m    LOG[39m [38;5;3m[CustomerOrdersService] [39m[32mFetched 0 orders[39m
[32m[Nest] 32608  - [39m2026. 03. 24. 오전 2:30:16 [32m    LOG[39m [38;5;3m[HTTP] [39m[32mGET /customer/orders?page=1&limit=1&dateStart=2026-03-24&dateEnd=2026-03-24&status=READY - 519ms[39m
[32m[Nest] 32608  - [39m2026. 03. 24. 오전 2:30:16 [32m    LOG[39m [38;5;3m[CustomerOrdersController] [39m[32mUser d26831b8-20ef-4b10-8a1c-737a83d9b21f fetching orders (all branches)[39m
[32m[Nest] 32608  - [39m2026. 03. 24. 오전 2:30:16 [32m    LOG[39m [38;5;3m[CustomerOrdersService] [39m[32mFetching orders (all branches) by user d26831b8-20ef-4b10-8a1c-737a83d9b21f[39m
[32m[Nest] 32608  - [39m2026. 03. 24. 오전 2:30:16 [32m    LOG[39m [38;5;3m[CustomerOrdersService] [39m[32mFetched 0 orders[39m
[32m[Nest] 32608  - [39m2026. 03. 24. 오전 2:30:16 [32m    LOG[39m [38;5;3m[HTTP] [39m[32mGET /customer/orders?page=1&limit=1&dateStart=2026-03-24&dateEnd=2026-03-24&status=PREPARING - 525ms[39m
[32m[Nest] 32608  - [39m2026. 03. 24. 오전 2:30:16 [32m    LOG[39m [38;5;3m[CustomerOrdersService] [39m[32mFetched 0 orders[39m
[32m[Nest] 32608  - [39m2026. 03. 24. 오전 2:30:16 [32m    LOG[39m [38;5;3m[HTTP] [39m[32mGET /customer/orders?page=1&limit=1&dateStart=2026-03-24&dateEnd=2026-03-24&status=COMPLETED - 528ms[39m
[32m[Nest] 32608  - [39m2026. 03. 24. 오전 2:30:16 [32m    LOG[39m [38;5;3m[CustomerOrdersService] [39m[32mFetched 0 orders[39m
[32m[Nest] 32608  - [39m2026. 03. 24. 오전 2:30:16 [32m    LOG[39m [38;5;3m[HTTP] [39m[32mGET /customer/orders?page=1&limit=1&dateStart=2026-03-24&dateEnd=2026-03-24&status=CANCELLED - 527ms[39m
[32m[Nest] 32608  - [39m2026. 03. 24. 오전 2:30:16 [32m    LOG[39m [38;5;3m[CustomerOrdersService] [39m[32mFetched 0 orders[39m
[32m[Nest] 32608  - [39m2026. 03. 24. 오전 2:30:16 [32m    LOG[39m [38;5;3m[HTTP] [39m[32mGET /customer/orders?page=1&limit=1&dateStart=2026-03-24&dateEnd=2026-03-24&status=CONFIRMED - 539ms[39m
[33m[Nest] 32608  - [39m2026. 03. 24. 오전 2:30:16 [33m   WARN[39m [38;5;3m[CustomerOrdersService] [39m[33mFailed to load order payment methods for customer orders: column orders.payment_method does not exist[39m
[32m[Nest] 32608  - [39m2026. 03. 24. 오전 2:30:16 [32m    LOG[39m [38;5;3m[CustomerOrdersService] [39m[32mFetched 0 orders[39m
[32m[Nest] 32608  - [39m2026. 03. 24. 오전 2:30:16 [32m    LOG[39m [38;5;3m[HTTP] [39m[32mGET /customer/orders?page=1&limit=1&dateStart=2026-03-24&dateEnd=2026-03-24&status=REFUNDED - 505ms[39m
[32m[Nest] 32608  - [39m2026. 03. 24. 오전 2:30:16 [32m    LOG[39m [38;5;3m[CustomerOrdersService] [39m[32mFetched 1 orders[39m
[32m[Nest] 32608  - [39m2026. 03. 24. 오전 2:30:16 [32m    LOG[39m [38;5;3m[HTTP] [39m[32mGET /customer/orders?page=1&limit=1&dateStart=2026-03-24&dateEnd=2026-03-24&status=CREATED - 1476ms[39m
[32m[Nest] 32608  - [39m2026. 03. 24. 오전 2:30:23 [32m    LOG[39m [38;5;3m[CustomerGuard] [39m[32mCustomerGuard: User d26831b8-20ef-4b10-8a1c-737a83d9b21f authorized with 1 brand(s) and 0 branch(es)[39m
[32m[Nest] 32608  - [39m2026. 03. 24. 오전 2:30:23 [32m    LOG[39m [38;5;3m[CustomerBrandsService] [39m[32mFetching brands for user: d26831b8-20ef-4b10-8a1c-737a83d9b21f[39m
[32m[Nest] 32608  - [39m2026. 03. 24. 오전 2:30:23 [32m    LOG[39m [38;5;3m[CustomerGuard] [39m[32mCustomerGuard: User d26831b8-20ef-4b10-8a1c-737a83d9b21f authorized with 1 brand(s) and 0 branch(es)[39m
[32m[Nest] 32608  - [39m2026. 03. 24. 오전 2:30:23 [32m    LOG[39m [38;5;3m[CustomerBranchesController] [39m[32mUser d26831b8-20ef-4b10-8a1c-737a83d9b21f fetching branches (all)[39m
[32m[Nest] 32608  - [39m2026. 03. 24. 오전 2:30:23 [32m    LOG[39m [38;5;3m[CustomerBranchesService] [39m[32mFetching all accessible branches for user d26831b8-20ef-4b10-8a1c-737a83d9b21f[39m
[32m[Nest] 32608  - [39m2026. 03. 24. 오전 2:30:23 [32m    LOG[39m [38;5;3m[CustomerBrandsService] [39m[32mFetched 1 brands for user: d26831b8-20ef-4b10-8a1c-737a83d9b21f[39m
[32m[Nest] 32608  - [39m2026. 03. 24. 오전 2:30:23 [32m    LOG[39m [38;5;3m[HTTP] [39m[32mGET /customer/brands - 169ms[39m
[32m[Nest] 32608  - [39m2026. 03. 24. 오전 2:30:23 [32m    LOG[39m [38;5;3m[CustomerBranchesService] [39m[32mFetched 3 accessible branches for user d26831b8-20ef-4b10-8a1c-737a83d9b21f[39m
[32m[Nest] 32608  - [39m2026. 03. 24. 오전 2:30:23 [32m    LOG[39m [38;5;3m[HTTP] [39m[32mGET /customer/branches - 196ms[39m
[32m[Nest] 32608  - [39m2026. 03. 24. 오전 2:30:24 [32m    LOG[39m [38;5;3m[CustomerOrdersController] [39m[32mUser d26831b8-20ef-4b10-8a1c-737a83d9b21f fetching orders (all branches)[39m
[32m[Nest] 32608  - [39m2026. 03. 24. 오전 2:30:24 [32m    LOG[39m [38;5;3m[CustomerOrdersService] [39m[32mFetching orders (all branches) by user d26831b8-20ef-4b10-8a1c-737a83d9b21f[39m
[32m[Nest] 32608  - [39m2026. 03. 24. 오전 2:30:24 [32m    LOG[39m [38;5;3m[CustomerOrdersController] [39m[32mUser d26831b8-20ef-4b10-8a1c-737a83d9b21f fetching orders (all branches)[39m
[32m[Nest] 32608  - [39m2026. 03. 24. 오전 2:30:24 [32m    LOG[39m [38;5;3m[CustomerOrdersService] [39m[32mFetching orders (all branches) by user d26831b8-20ef-4b10-8a1c-737a83d9b21f[39m
[33m[Nest] 32608  - [39m2026. 03. 24. 오전 2:30:25 [33m   WARN[39m [38;5;3m[CustomerOrdersService] [39m[33mFailed to load order payment methods for customer orders: column orders.payment_method does not exist[39m
[33m[Nest] 32608  - [39m2026. 03. 24. 오전 2:30:25 [33m   WARN[39m [38;5;3m[CustomerOrdersService] [39m[33mFailed to load order payment methods for customer orders: column orders.payment_method does not exist[39m
[32m[Nest] 32608  - [39m2026. 03. 24. 오전 2:30:25 [32m    LOG[39m [38;5;3m[CustomerOrdersService] [39m[32mFetched 1 orders[39m
[32m[Nest] 32608  - [39m2026. 03. 24. 오전 2:30:25 [32m    LOG[39m [38;5;3m[HTTP] [39m[32mGET /customer/orders?page=1&limit=1&dateStart=2026-03-24&dateEnd=2026-03-24 - 1605ms[39m
[32m[Nest] 32608  - [39m2026. 03. 24. 오전 2:30:25 [32m    LOG[39m [38;5;3m[CustomerOrdersService] [39m[32mFetched 8 orders[39m
[32m[Nest] 32608  - [39m2026. 03. 24. 오전 2:30:25 [32m    LOG[39m [38;5;3m[HTTP] [39m[32mGET /customer/orders?page=1&limit=20&dateStart=2026-03-24&dateEnd=2026-03-24 - 1614ms[39m
[32m[Nest] 32608  - [39m2026. 03. 24. 오전 2:30:25 [32m    LOG[39m [38;5;3m[CustomerOrdersController] [39m[32mUser d26831b8-20ef-4b10-8a1c-737a83d9b21f fetching orders (all branches)[39m
[32m[Nest] 32608  - [39m2026. 03. 24. 오전 2:30:25 [32m    LOG[39m [38;5;3m[CustomerOrdersService] [39m[32mFetching orders (all branches) by user d26831b8-20ef-4b10-8a1c-737a83d9b21f[39m
[32m[Nest] 32608  - [39m2026. 03. 24. 오전 2:30:25 [32m    LOG[39m [38;5;3m[CustomerOrdersController] [39m[32mUser d26831b8-20ef-4b10-8a1c-737a83d9b21f fetching orders (all branches)[39m
[32m[Nest] 32608  - [39m2026. 03. 24. 오전 2:30:25 [32m    LOG[39m [38;5;3m[CustomerOrdersService] [39m[32mFetching orders (all branches) by user d26831b8-20ef-4b10-8a1c-737a83d9b21f[39m
[32m[Nest] 32608  - [39m2026. 03. 24. 오전 2:30:25 [32m    LOG[39m [38;5;3m[CustomerOrdersController] [39m[32mUser d26831b8-20ef-4b10-8a1c-737a83d9b21f fetching orders (all branches)[39m
[32m[Nest] 32608  - [39m2026. 03. 24. 오전 2:30:25 [32m    LOG[39m [38;5;3m[CustomerOrdersService] [39m[32mFetching orders (all branches) by user d26831b8-20ef-4b10-8a1c-737a83d9b21f[39m
[32m[Nest] 32608  - [39m2026. 03. 24. 오전 2:30:25 [32m    LOG[39m [38;5;3m[CustomerOrdersController] [39m[32mUser d26831b8-20ef-4b10-8a1c-737a83d9b21f fetching orders (all branches)[39m
[32m[Nest] 32608  - [39m2026. 03. 24. 오전 2:30:25 [32m    LOG[39m [38;5;3m[CustomerOrdersService] [39m[32mFetching orders (all branches) by user d26831b8-20ef-4b10-8a1c-737a83d9b21f[39m
[32m[Nest] 32608  - [39m2026. 03. 24. 오전 2:30:25 [32m    LOG[39m [38;5;3m[CustomerOrdersController] [39m[32mUser d26831b8-20ef-4b10-8a1c-737a83d9b21f fetching orders (all branches)[39m
[32m[Nest] 32608  - [39m2026. 03. 24. 오전 2:30:25 [32m    LOG[39m [38;5;3m[CustomerOrdersService] [39m[32mFetching orders (all branches) by user d26831b8-20ef-4b10-8a1c-737a83d9b21f[39m
[32m[Nest] 32608  - [39m2026. 03. 24. 오전 2:30:25 [32m    LOG[39m [38;5;3m[CustomerOrdersController] [39m[32mUser d26831b8-20ef-4b10-8a1c-737a83d9b21f fetching orders (all branches)[39m
[32m[Nest] 32608  - [39m2026. 03. 24. 오전 2:30:25 [32m    LOG[39m [38;5;3m[CustomerOrdersService] [39m[32mFetching orders (all branches) by user d26831b8-20ef-4b10-8a1c-737a83d9b21f[39m
[32m[Nest] 32608  - [39m2026. 03. 24. 오전 2:30:26 [32m    LOG[39m [38;5;3m[CustomerOrdersService] [39m[32mFetched 0 orders[39m
[32m[Nest] 32608  - [39m2026. 03. 24. 오전 2:30:26 [32m    LOG[39m [38;5;3m[HTTP] [39m[32mGET /customer/orders?page=1&limit=1&dateStart=2026-03-24&dateEnd=2026-03-24&status=CANCELLED - 525ms[39m
[32m[Nest] 32608  - [39m2026. 03. 24. 오전 2:30:26 [32m    LOG[39m [38;5;3m[CustomerOrdersController] [39m[32mUser d26831b8-20ef-4b10-8a1c-737a83d9b21f fetching orders (all branches)[39m
[32m[Nest] 32608  - [39m2026. 03. 24. 오전 2:30:26 [32m    LOG[39m [38;5;3m[CustomerOrdersService] [39m[32mFetching orders (all branches) by user d26831b8-20ef-4b10-8a1c-737a83d9b21f[39m
[32m[Nest] 32608  - [39m2026. 03. 24. 오전 2:30:26 [32m    LOG[39m [38;5;3m[CustomerOrdersService] [39m[32mFetched 0 orders[39m
[32m[Nest] 32608  - [39m2026. 03. 24. 오전 2:30:26 [32m    LOG[39m [38;5;3m[HTTP] [39m[32mGET /customer/orders?page=1&limit=1&dateStart=2026-03-24&dateEnd=2026-03-24&status=READY - 536ms[39m
[32m[Nest] 32608  - [39m2026. 03. 24. 오전 2:30:26 [32m    LOG[39m [38;5;3m[CustomerOrdersService] [39m[32mFetched 0 orders[39m
[32m[Nest] 32608  - [39m2026. 03. 24. 오전 2:30:26 [32m    LOG[39m [38;5;3m[HTTP] [39m[32mGET /customer/orders?page=1&limit=1&dateStart=2026-03-24&dateEnd=2026-03-24&status=CONFIRMED - 545ms[39m
[32m[Nest] 32608  - [39m2026. 03. 24. 오전 2:30:26 [32m    LOG[39m [38;5;3m[CustomerOrdersService] [39m[32mFetched 0 orders[39m
[32m[Nest] 32608  - [39m2026. 03. 24. 오전 2:30:26 [32m    LOG[39m [38;5;3m[HTTP] [39m[32mGET /customer/orders?page=1&limit=1&dateStart=2026-03-24&dateEnd=2026-03-24&status=PREPARING - 548ms[39m
[32m[Nest] 32608  - [39m2026. 03. 24. 오전 2:30:26 [32m    LOG[39m [38;5;3m[CustomerOrdersService] [39m[32mFetched 0 orders[39m
[32m[Nest] 32608  - [39m2026. 03. 24. 오전 2:30:26 [32m    LOG[39m [38;5;3m[HTTP] [39m[32mGET /customer/orders?page=1&limit=1&dateStart=2026-03-24&dateEnd=2026-03-24&status=COMPLETED - 566ms[39m
[33m[Nest] 32608  - [39m2026. 03. 24. 오전 2:30:26 [33m   WARN[39m [38;5;3m[CustomerOrdersService] [39m[33mFailed to load order payment methods for customer orders: column orders.payment_method does not exist[39m
[32m[Nest] 32608  - [39m2026. 03. 24. 오전 2:30:26 [32m    LOG[39m [38;5;3m[CustomerOrdersService] [39m[32mFetched 0 orders[39m
[32m[Nest] 32608  - [39m2026. 03. 24. 오전 2:30:26 [32m    LOG[39m [38;5;3m[HTTP] [39m[32mGET /customer/orders?page=1&limit=1&dateStart=2026-03-24&dateEnd=2026-03-24&status=REFUNDED - 481ms[39m
[32m[Nest] 32608  - [39m2026. 03. 24. 오전 2:30:27 [32m    LOG[39m [38;5;3m[CustomerOrdersService] [39m[32mFetched 1 orders[39m
[32m[Nest] 32608  - [39m2026. 03. 24. 오전 2:30:27 [32m    LOG[39m [38;5;3m[HTTP] [39m[32mGET /customer/orders?page=1&limit=1&dateStart=2026-03-24&dateEnd=2026-03-24&status=CREATED - 1502ms[39m
[32m[Nest] 32608  - [39m2026. 03. 24. 오전 2:30:34 [32m    LOG[39m [38;5;3m[CustomerOrdersController] [39m[32mUser d26831b8-20ef-4b10-8a1c-737a83d9b21f fetching orders (all branches)[39m
[32m[Nest] 32608  - [39m2026. 03. 24. 오전 2:30:34 [32m    LOG[39m [38;5;3m[CustomerOrdersService] [39m[32mFetching orders (all branches) by user d26831b8-20ef-4b10-8a1c-737a83d9b21f[39m
[32m[Nest] 32608  - [39m2026. 03. 24. 오전 2:30:34 [32m    LOG[39m [38;5;3m[CustomerOrdersController] [39m[32mUser d26831b8-20ef-4b10-8a1c-737a83d9b21f fetching orders (all branches)[39m
[32m[Nest] 32608  - [39m2026. 03. 24. 오전 2:30:34 [32m    LOG[39m [38;5;3m[CustomerOrdersService] [39m[32mFetching orders (all branches) by user d26831b8-20ef-4b10-8a1c-737a83d9b21f[39m
[33m[Nest] 32608  - [39m2026. 03. 24. 오전 2:30:36 [33m   WARN[39m [38;5;3m[CustomerOrdersService] [39m[33mFailed to load order payment methods for customer orders: column orders.payment_method does not exist[39m
[33m[Nest] 32608  - [39m2026. 03. 24. 오전 2:30:36 [33m   WARN[39m [38;5;3m[CustomerOrdersService] [39m[33mFailed to load order payment methods for customer orders: column orders.payment_method does not exist[39m
[32m[Nest] 32608  - [39m2026. 03. 24. 오전 2:30:36 [32m    LOG[39m [38;5;3m[CustomerOrdersService] [39m[32mFetched 1 orders[39m
[32m[Nest] 32608  - [39m2026. 03. 24. 오전 2:30:36 [32m    LOG[39m [38;5;3m[HTTP] [39m[32mGET /customer/orders?page=1&limit=1&dateStart=2026-03-24&dateEnd=2026-03-24 - 2596ms[39m
[33m[Nest] 32608  - [39m2026. 03. 24. 오전 2:30:36 [33m   WARN[39m [38;5;3m[HTTP] [39m[33mSlow request detected: GET /customer/orders?page=1&limit=1&dateStart=2026-03-24&dateEnd=2026-03-24 - 2596ms[39m
[32m[Nest] 32608  - [39m2026. 03. 24. 오전 2:30:36 [32m    LOG[39m [38;5;3m[CustomerOrdersController] [39m[32mUser d26831b8-20ef-4b10-8a1c-737a83d9b21f fetching orders (all branches)[39m
[32m[Nest] 32608  - [39m2026. 03. 24. 오전 2:30:36 [32m    LOG[39m [38;5;3m[CustomerOrdersService] [39m[32mFetching orders (all branches) by user d26831b8-20ef-4b10-8a1c-737a83d9b21f[39m
[32m[Nest] 32608  - [39m2026. 03. 24. 오전 2:30:36 [32m    LOG[39m [38;5;3m[CustomerOrdersController] [39m[32mUser d26831b8-20ef-4b10-8a1c-737a83d9b21f fetching orders (all branches)[39m
[32m[Nest] 32608  - [39m2026. 03. 24. 오전 2:30:36 [32m    LOG[39m [38;5;3m[CustomerOrdersService] [39m[32mFetching orders (all branches) by user d26831b8-20ef-4b10-8a1c-737a83d9b21f[39m
[32m[Nest] 32608  - [39m2026. 03. 24. 오전 2:30:36 [32m    LOG[39m [38;5;3m[CustomerOrdersController] [39m[32mUser d26831b8-20ef-4b10-8a1c-737a83d9b21f fetching orders (all branches)[39m
[32m[Nest] 32608  - [39m2026. 03. 24. 오전 2:30:36 [32m    LOG[39m [38;5;3m[CustomerOrdersService] [39m[32mFetching orders (all branches) by user d26831b8-20ef-4b10-8a1c-737a83d9b21f[39m
[32m[Nest] 32608  - [39m2026. 03. 24. 오전 2:30:36 [32m    LOG[39m [38;5;3m[CustomerOrdersController] [39m[32mUser d26831b8-20ef-4b10-8a1c-737a83d9b21f fetching orders (all branches)[39m
[32m[Nest] 32608  - [39m2026. 03. 24. 오전 2:30:36 [32m    LOG[39m [38;5;3m[CustomerOrdersService] [39m[32mFetching orders (all branches) by user d26831b8-20ef-4b10-8a1c-737a83d9b21f[39m
[32m[Nest] 32608  - [39m2026. 03. 24. 오전 2:30:36 [32m    LOG[39m [38;5;3m[CustomerOrdersController] [39m[32mUser d26831b8-20ef-4b10-8a1c-737a83d9b21f fetching orders (all branches)[39m
[32m[Nest] 32608  - [39m2026. 03. 24. 오전 2:30:36 [32m    LOG[39m [38;5;3m[CustomerOrdersService] [39m[32mFetching orders (all branches) by user d26831b8-20ef-4b10-8a1c-737a83d9b21f[39m
[32m[Nest] 32608  - [39m2026. 03. 24. 오전 2:30:36 [32m    LOG[39m [38;5;3m[CustomerOrdersService] [39m[32mFetched 8 orders[39m
[32m[Nest] 32608  - [39m2026. 03. 24. 오전 2:30:36 [32m    LOG[39m [38;5;3m[HTTP] [39m[32mGET /customer/orders?page=1&limit=20&dateStart=2026-03-24&dateEnd=2026-03-24 - 2800ms[39m
[33m[Nest] 32608  - [39m2026. 03. 24. 오전 2:30:36 [33m   WARN[39m [38;5;3m[HTTP] [39m[33mSlow request detected: GET /customer/orders?page=1&limit=20&dateStart=2026-03-24&dateEnd=2026-03-24 - 2800ms[39m
[32m[Nest] 32608  - [39m2026. 03. 24. 오전 2:30:36 [32m    LOG[39m [38;5;3m[CustomerOrdersController] [39m[32mUser d26831b8-20ef-4b10-8a1c-737a83d9b21f fetching orders (all branches)[39m
[32m[Nest] 32608  - [39m2026. 03. 24. 오전 2:30:36 [32m    LOG[39m [38;5;3m[CustomerOrdersService] [39m[32mFetching orders (all branches) by user d26831b8-20ef-4b10-8a1c-737a83d9b21f[39m
[32m[Nest] 32608  - [39m2026. 03. 24. 오전 2:30:37 [32m    LOG[39m [38;5;3m[CustomerOrdersService] [39m[32mFetched 0 orders[39m
[32m[Nest] 32608  - [39m2026. 03. 24. 오전 2:30:37 [32m    LOG[39m [38;5;3m[HTTP] [39m[32mGET /customer/orders?page=1&limit=1&dateStart=2026-03-24&dateEnd=2026-03-24&status=PREPARING - 693ms[39m
[32m[Nest] 32608  - [39m2026. 03. 24. 오전 2:30:37 [32m    LOG[39m [38;5;3m[CustomerOrdersController] [39m[32mUser d26831b8-20ef-4b10-8a1c-737a83d9b21f fetching orders (all branches)[39m
[32m[Nest] 32608  - [39m2026. 03. 24. 오전 2:30:37 [32m    LOG[39m [38;5;3m[CustomerOrdersService] [39m[32mFetching orders (all branches) by user d26831b8-20ef-4b10-8a1c-737a83d9b21f[39m
[32m[Nest] 32608  - [39m2026. 03. 24. 오전 2:30:37 [32m    LOG[39m [38;5;3m[CustomerOrdersService] [39m[32mFetched 0 orders[39m
[32m[Nest] 32608  - [39m2026. 03. 24. 오전 2:30:37 [32m    LOG[39m [38;5;3m[HTTP] [39m[32mGET /customer/orders?page=1&limit=1&dateStart=2026-03-24&dateEnd=2026-03-24&status=COMPLETED - 696ms[39m
[32m[Nest] 32608  - [39m2026. 03. 24. 오전 2:30:37 [32m    LOG[39m [38;5;3m[CustomerOrdersService] [39m[32mFetched 0 orders[39m
[32m[Nest] 32608  - [39m2026. 03. 24. 오전 2:30:37 [32m    LOG[39m [38;5;3m[HTTP] [39m[32mGET /customer/orders?page=1&limit=1&dateStart=2026-03-24&dateEnd=2026-03-24&status=READY - 757ms[39m
[32m[Nest] 32608  - [39m2026. 03. 24. 오전 2:30:37 [32m    LOG[39m [38;5;3m[CustomerOrdersService] [39m[32mFetched 0 orders[39m
[32m[Nest] 32608  - [39m2026. 03. 24. 오전 2:30:37 [32m    LOG[39m [38;5;3m[HTTP] [39m[32mGET /customer/orders?page=1&limit=1&dateStart=2026-03-24&dateEnd=2026-03-24&status=CONFIRMED - 808ms[39m
[32m[Nest] 32608  - [39m2026. 03. 24. 오전 2:30:37 [32m    LOG[39m [38;5;3m[CustomerOrdersService] [39m[32mFetched 0 orders[39m
[32m[Nest] 32608  - [39m2026. 03. 24. 오전 2:30:37 [32m    LOG[39m [38;5;3m[HTTP] [39m[32mGET /customer/orders?page=1&limit=1&dateStart=2026-03-24&dateEnd=2026-03-24&status=CANCELLED - 679ms[39m
[32m[Nest] 32608  - [39m2026. 03. 24. 오전 2:30:37 [32m    LOG[39m [38;5;3m[CustomerOrdersService] [39m[32mFetched 0 orders[39m
[32m[Nest] 32608  - [39m2026. 03. 24. 오전 2:30:37 [32m    LOG[39m [38;5;3m[HTTP] [39m[32mGET /customer/orders?page=1&limit=1&dateStart=2026-03-24&dateEnd=2026-03-24&status=REFUNDED - 522ms[39m
[33m[Nest] 32608  - [39m2026. 03. 24. 오전 2:30:37 [33m   WARN[39m [38;5;3m[CustomerOrdersService] [39m[33mFailed to load order payment methods for customer orders: column orders.payment_method does not exist[39m
[32m[Nest] 32608  - [39m2026. 03. 24. 오전 2:30:38 [32m    LOG[39m [38;5;3m[CustomerOrdersService] [39m[32mFetched 1 orders[39m
[32m[Nest] 32608  - [39m2026. 03. 24. 오전 2:30:38 [32m    LOG[39m [38;5;3m[HTTP] [39m[32mGET /customer/orders?page=1&limit=1&dateStart=2026-03-24&dateEnd=2026-03-24&status=CREATED - 1907ms[39m
[32m[Nest] 32608  - [39m2026. 03. 24. 오전 2:30:44 [32m    LOG[39m [38;5;3m[CustomerGuard] [39m[32mCustomerGuard: User d26831b8-20ef-4b10-8a1c-737a83d9b21f authorized with 1 brand(s) and 0 branch(es)[39m
[32m[Nest] 32608  - [39m2026. 03. 24. 오전 2:30:44 [32m    LOG[39m [38;5;3m[InventoryController] [39m[32mUser d26831b8-20ef-4b10-8a1c-737a83d9b21f fetching low stock alerts for all branches[39m
[32m[Nest] 32608  - [39m2026. 03. 24. 오전 2:30:44 [32m    LOG[39m [38;5;3m[InventoryService] [39m[32mFetching low stock alerts for all branches by user d26831b8-20ef-4b10-8a1c-737a83d9b21f[39m
[32m[Nest] 32608  - [39m2026. 03. 24. 오전 2:30:44 [32m    LOG[39m [38;5;3m[CustomerGuard] [39m[32mCustomerGuard: User d26831b8-20ef-4b10-8a1c-737a83d9b21f authorized with 1 brand(s) and 0 branch(es)[39m
[32m[Nest] 32608  - [39m2026. 03. 24. 오전 2:30:44 [32m    LOG[39m [38;5;3m[CustomerOrdersController] [39m[32mUser d26831b8-20ef-4b10-8a1c-737a83d9b21f fetching orders (all branches)[39m
[32m[Nest] 32608  - [39m2026. 03. 24. 오전 2:30:44 [32m    LOG[39m [38;5;3m[CustomerOrdersService] [39m[32mFetching orders (all branches) by user d26831b8-20ef-4b10-8a1c-737a83d9b21f[39m
[32m[Nest] 32608  - [39m2026. 03. 24. 오전 2:30:44 [32m    LOG[39m [38;5;3m[InventoryService] [39m[32mFound 6 low stock items for all branches[39m
[32m[Nest] 32608  - [39m2026. 03. 24. 오전 2:30:44 [32m    LOG[39m [38;5;3m[HTTP] [39m[32mGET /customer/inventory/alerts - 405ms[39m
[32m[Nest] 32608  - [39m2026. 03. 24. 오전 2:30:44 [32m    LOG[39m [38;5;3m[CustomerOrdersController] [39m[32mUser d26831b8-20ef-4b10-8a1c-737a83d9b21f fetching orders (all branches)[39m
[32m[Nest] 32608  - [39m2026. 03. 24. 오전 2:30:44 [32m    LOG[39m [38;5;3m[CustomerOrdersService] [39m[32mFetching orders (all branches) by user d26831b8-20ef-4b10-8a1c-737a83d9b21f[39m
[32m[Nest] 32608  - [39m2026. 03. 24. 오전 2:30:44 [32m    LOG[39m [38;5;3m[CustomerGuard] [39m[32mCustomerGuard: User d26831b8-20ef-4b10-8a1c-737a83d9b21f authorized with 1 brand(s) and 0 branch(es)[39m
[32m[Nest] 32608  - [39m2026. 03. 24. 오전 2:30:44 [32m    LOG[39m [38;5;3m[CustomerOrdersController] [39m[32mUser d26831b8-20ef-4b10-8a1c-737a83d9b21f fetching orders (all branches)[39m
[32m[Nest] 32608  - [39m2026. 03. 24. 오전 2:30:44 [32m    LOG[39m [38;5;3m[CustomerOrdersService] [39m[32mFetching orders (all branches) by user d26831b8-20ef-4b10-8a1c-737a83d9b21f[39m
[32m[Nest] 32608  - [39m2026. 03. 24. 오전 2:30:45 [32m    LOG[39m [38;5;3m[CustomerOrdersController] [39m[32mUser d26831b8-20ef-4b10-8a1c-737a83d9b21f fetching order eb47f08e-34bc-4a5c-b3f3-1748bcf6d26e[39m
[32m[Nest] 32608  - [39m2026. 03. 24. 오전 2:30:45 [32m    LOG[39m [38;5;3m[CustomerOrdersService] [39m[32mFetching order eb47f08e-34bc-4a5c-b3f3-1748bcf6d26e by user d26831b8-20ef-4b10-8a1c-737a83d9b21f[39m
[33m[Nest] 32608  - [39m2026. 03. 24. 오전 2:30:45 [33m   WARN[39m [38;5;3m[CustomerOrdersService] [39m[33mFailed to load order payment methods for customer orders: column orders.payment_method does not exist[39m
[33m[Nest] 32608  - [39m2026. 03. 24. 오전 2:30:45 [33m   WARN[39m [38;5;3m[CustomerOrdersService] [39m[33mFailed to load order payment methods for customer orders: column orders.payment_method does not exist[39m
[33m[Nest] 32608  - [39m2026. 03. 24. 오전 2:30:46 [33m   WARN[39m [38;5;3m[CustomerOrdersService] [39m[33mFailed to load order payment methods for customer orders: column orders.payment_method does not exist[39m
[32m[Nest] 32608  - [39m2026. 03. 24. 오전 2:30:46 [32m    LOG[39m [38;5;3m[CustomerOrdersService] [39m[32mFetched 1 orders[39m
[32m[Nest] 32608  - [39m2026. 03. 24. 오전 2:30:46 [32m    LOG[39m [38;5;3m[HTTP] [39m[32mGET /customer/orders?page=1&limit=1&dateStart=2026-03-24&dateEnd=2026-03-24 - 2146ms[39m
[33m[Nest] 32608  - [39m2026. 03. 24. 오전 2:30:46 [33m   WARN[39m [38;5;3m[HTTP] [39m[33mSlow request detected: GET /customer/orders?page=1&limit=1&dateStart=2026-03-24&dateEnd=2026-03-24 - 2146ms[39m
[32m[Nest] 32608  - [39m2026. 03. 24. 오전 2:30:46 [32m    LOG[39m [38;5;3m[CustomerOrdersController] [39m[32mUser d26831b8-20ef-4b10-8a1c-737a83d9b21f fetching orders (all branches)[39m
[32m[Nest] 32608  - [39m2026. 03. 24. 오전 2:30:46 [32m    LOG[39m [38;5;3m[CustomerOrdersService] [39m[32mFetching orders (all branches) by user d26831b8-20ef-4b10-8a1c-737a83d9b21f[39m
[32m[Nest] 32608  - [39m2026. 03. 24. 오전 2:30:46 [32m    LOG[39m [38;5;3m[CustomerOrdersService] [39m[32mFetched 12 orders[39m
[32m[Nest] 32608  - [39m2026. 03. 24. 오전 2:30:46 [32m    LOG[39m [38;5;3m[HTTP] [39m[32mGET /customer/orders?page=1&limit=20 - 2089ms[39m
[33m[Nest] 32608  - [39m2026. 03. 24. 오전 2:30:46 [33m   WARN[39m [38;5;3m[HTTP] [39m[33mSlow request detected: GET /customer/orders?page=1&limit=20 - 2089ms[39m
[32m[Nest] 32608  - [39m2026. 03. 24. 오전 2:30:46 [32m    LOG[39m [38;5;3m[CustomerOrdersController] [39m[32mUser d26831b8-20ef-4b10-8a1c-737a83d9b21f fetching orders (all branches)[39m
[32m[Nest] 32608  - [39m2026. 03. 24. 오전 2:30:46 [32m    LOG[39m [38;5;3m[CustomerOrdersService] [39m[32mFetching orders (all branches) by user d26831b8-20ef-4b10-8a1c-737a83d9b21f[39m
[32m[Nest] 32608  - [39m2026. 03. 24. 오전 2:30:46 [32m    LOG[39m [38;5;3m[CustomerOrdersController] [39m[32mUser d26831b8-20ef-4b10-8a1c-737a83d9b21f fetching orders (all branches)[39m
[32m[Nest] 32608  - [39m2026. 03. 24. 오전 2:30:46 [32m    LOG[39m [38;5;3m[CustomerOrdersService] [39m[32mFetching orders (all branches) by user d26831b8-20ef-4b10-8a1c-737a83d9b21f[39m
[32m[Nest] 32608  - [39m2026. 03. 24. 오전 2:30:46 [32m    LOG[39m [38;5;3m[CustomerOrdersController] [39m[32mUser d26831b8-20ef-4b10-8a1c-737a83d9b21f fetching orders (all branches)[39m
[32m[Nest] 32608  - [39m2026. 03. 24. 오전 2:30:46 [32m    LOG[39m [38;5;3m[CustomerOrdersService] [39m[32mFetching orders (all branches) by user d26831b8-20ef-4b10-8a1c-737a83d9b21f[39m
[33m[Nest] 32608  - [39m2026. 03. 24. 오전 2:30:46 [33m   WARN[39m [38;5;3m[CustomerOrdersService] [39m[33mFailed to load order payment methods for customer orders: column orders.payment_method does not exist[39m
[32m[Nest] 32608  - [39m2026. 03. 24. 오전 2:30:46 [32m    LOG[39m [38;5;3m[CustomerOrdersService] [39m[32mFetched 8 orders[39m
[32m[Nest] 32608  - [39m2026. 03. 24. 오전 2:30:46 [32m    LOG[39m [38;5;3m[HTTP] [39m[32mGET /customer/orders?page=1&limit=20&dateStart=2026-03-24&dateEnd=2026-03-24 - 2299ms[39m
[33m[Nest] 32608  - [39m2026. 03. 24. 오전 2:30:46 [33m   WARN[39m [38;5;3m[HTTP] [39m[33mSlow request detected: GET /customer/orders?page=1&limit=20&dateStart=2026-03-24&dateEnd=2026-03-24 - 2299ms[39m
[32m[Nest] 32608  - [39m2026. 03. 24. 오전 2:30:46 [32m    LOG[39m [38;5;3m[CustomerOrdersController] [39m[32mUser d26831b8-20ef-4b10-8a1c-737a83d9b21f fetching orders (all branches)[39m
[32m[Nest] 32608  - [39m2026. 03. 24. 오전 2:30:46 [32m    LOG[39m [38;5;3m[CustomerOrdersService] [39m[32mFetching orders (all branches) by user d26831b8-20ef-4b10-8a1c-737a83d9b21f[39m
[32m[Nest] 32608  - [39m2026. 03. 24. 오전 2:30:46 [32m    LOG[39m [38;5;3m[HTTP] [39m[32mGET /customer/orders/eb47f08e-34bc-4a5c-b3f3-1748bcf6d26e - 1912ms[39m
[32m[Nest] 32608  - [39m2026. 03. 24. 오전 2:30:46 [32m    LOG[39m [38;5;3m[CustomerOrdersController] [39m[32mUser d26831b8-20ef-4b10-8a1c-737a83d9b21f fetching orders (all branches)[39m
[32m[Nest] 32608  - [39m2026. 03. 24. 오전 2:30:46 [32m    LOG[39m [38;5;3m[CustomerOrdersService] [39m[32mFetching orders (all branches) by user d26831b8-20ef-4b10-8a1c-737a83d9b21f[39m
[32m[Nest] 32608  - [39m2026. 03. 24. 오전 2:30:47 [32m    LOG[39m [38;5;3m[CustomerOrdersService] [39m[32mFetched 0 orders[39m
[32m[Nest] 32608  - [39m2026. 03. 24. 오전 2:30:47 [32m    LOG[39m [38;5;3m[HTTP] [39m[32mGET /customer/orders?page=1&limit=1&dateStart=2026-03-24&dateEnd=2026-03-24&status=CONFIRMED - 525ms[39m
[32m[Nest] 32608  - [39m2026. 03. 24. 오전 2:30:47 [32m    LOG[39m [38;5;3m[CustomerOrdersController] [39m[32mUser d26831b8-20ef-4b10-8a1c-737a83d9b21f fetching orders (all branches)[39m
[32m[Nest] 32608  - [39m2026. 03. 24. 오전 2:30:47 [32m    LOG[39m [38;5;3m[CustomerOrdersService] [39m[32mFetching orders (all branches) by user d26831b8-20ef-4b10-8a1c-737a83d9b21f[39m
[32m[Nest] 32608  - [39m2026. 03. 24. 오전 2:30:47 [32m    LOG[39m [38;5;3m[CustomerOrdersService] [39m[32mFetched 0 orders[39m
[32m[Nest] 32608  - [39m2026. 03. 24. 오전 2:30:47 [32m    LOG[39m [38;5;3m[HTTP] [39m[32mGET /customer/orders?page=1&limit=1&dateStart=2026-03-24&dateEnd=2026-03-24&status=READY - 520ms[39m
[32m[Nest] 32608  - [39m2026. 03. 24. 오전 2:30:47 [32m    LOG[39m [38;5;3m[CustomerOrdersService] [39m[32mFetched 0 orders[39m
[32m[Nest] 32608  - [39m2026. 03. 24. 오전 2:30:47 [32m    LOG[39m [38;5;3m[HTTP] [39m[32mGET /customer/orders?page=1&limit=1&dateStart=2026-03-24&dateEnd=2026-03-24&status=PREPARING - 540ms[39m
[32m[Nest] 32608  - [39m2026. 03. 24. 오전 2:30:47 [32m    LOG[39m [38;5;3m[CustomerOrdersService] [39m[32mFetched 0 orders[39m
[32m[Nest] 32608  - [39m2026. 03. 24. 오전 2:30:47 [32m    LOG[39m [38;5;3m[HTTP] [39m[32mGET /customer/orders?page=1&limit=1&dateStart=2026-03-24&dateEnd=2026-03-24&status=COMPLETED - 513ms[39m
[32m[Nest] 32608  - [39m2026. 03. 24. 오전 2:30:47 [32m    LOG[39m [38;5;3m[CustomerOrdersService] [39m[32mFetched 0 orders[39m
[32m[Nest] 32608  - [39m2026. 03. 24. 오전 2:30:47 [32m    LOG[39m [38;5;3m[HTTP] [39m[32mGET /customer/orders?page=1&limit=1&dateStart=2026-03-24&dateEnd=2026-03-24&status=CANCELLED - 532ms[39m
[32m[Nest] 32608  - [39m2026. 03. 24. 오전 2:30:47 [32m    LOG[39m [38;5;3m[CustomerOrdersService] [39m[32mFetched 0 orders[39m
[32m[Nest] 32608  - [39m2026. 03. 24. 오전 2:30:47 [32m    LOG[39m [38;5;3m[HTTP] [39m[32mGET /customer/orders?page=1&limit=1&dateStart=2026-03-24&dateEnd=2026-03-24&status=REFUNDED - 480ms[39m
[33m[Nest] 32608  - [39m2026. 03. 24. 오전 2:30:47 [33m   WARN[39m [38;5;3m[CustomerOrdersService] [39m[33mFailed to load order payment methods for customer orders: column orders.payment_method does not exist[39m
[32m[Nest] 32608  - [39m2026. 03. 24. 오전 2:30:48 [32m    LOG[39m [38;5;3m[CustomerOrdersService] [39m[32mFetched 1 orders[39m
[32m[Nest] 32608  - [39m2026. 03. 24. 오전 2:30:48 [32m    LOG[39m [38;5;3m[HTTP] [39m[32mGET /customer/orders?page=1&limit=1&dateStart=2026-03-24&dateEnd=2026-03-24&status=CREATED - 1528ms[39m
[32m[Nest] 32608  - [39m2026. 03. 24. 오전 2:30:50 [32m    LOG[39m [38;5;3m[CustomerBranchesController] [39m[32mUser d26831b8-20ef-4b10-8a1c-737a83d9b21f fetching branches (all)[39m
[32m[Nest] 32608  - [39m2026. 03. 24. 오전 2:30:50 [32m    LOG[39m [38;5;3m[CustomerBranchesService] [39m[32mFetching all accessible branches for user d26831b8-20ef-4b10-8a1c-737a83d9b21f[39m
[32m[Nest] 32608  - [39m2026. 03. 24. 오전 2:30:50 [32m    LOG[39m [38;5;3m[CustomerOrdersController] [39m[32mUser d26831b8-20ef-4b10-8a1c-737a83d9b21f fetching orders (all branches)[39m
[32m[Nest] 32608  - [39m2026. 03. 24. 오전 2:30:50 [32m    LOG[39m [38;5;3m[CustomerOrdersService] [39m[32mFetching orders (all branches) by user d26831b8-20ef-4b10-8a1c-737a83d9b21f[39m
[32m[Nest] 32608  - [39m2026. 03. 24. 오전 2:30:50 [32m    LOG[39m [38;5;3m[CustomerOrdersController] [39m[32mUser d26831b8-20ef-4b10-8a1c-737a83d9b21f fetching orders (all branches)[39m
[32m[Nest] 32608  - [39m2026. 03. 24. 오전 2:30:50 [32m    LOG[39m [38;5;3m[CustomerOrdersService] [39m[32mFetching orders (all branches) by user d26831b8-20ef-4b10-8a1c-737a83d9b21f[39m
[32m[Nest] 32608  - [39m2026. 03. 24. 오전 2:30:50 [32m    LOG[39m [38;5;3m[CustomerBranchesService] [39m[32mFetched 3 accessible branches for user d26831b8-20ef-4b10-8a1c-737a83d9b21f[39m
[32m[Nest] 32608  - [39m2026. 03. 24. 오전 2:30:50 [32m    LOG[39m [38;5;3m[HTTP] [39m[32mGET /customer/branches - 179ms[39m
[32m[Nest] 32608  - [39m2026. 03. 24. 오전 2:30:50 [32m    LOG[39m [38;5;3m[CustomerBrandsService] [39m[32mFetching brands for user: d26831b8-20ef-4b10-8a1c-737a83d9b21f[39m
[32m[Nest] 32608  - [39m2026. 03. 24. 오전 2:30:51 [32m    LOG[39m [38;5;3m[CustomerBrandsService] [39m[32mFetched 1 brands for user: d26831b8-20ef-4b10-8a1c-737a83d9b21f[39m
[32m[Nest] 32608  - [39m2026. 03. 24. 오전 2:30:51 [32m    LOG[39m [38;5;3m[HTTP] [39m[32mGET /customer/brands - 187ms[39m
[33m[Nest] 32608  - [39m2026. 03. 24. 오전 2:30:51 [33m   WARN[39m [38;5;3m[CustomerOrdersService] [39m[33mFailed to load order payment methods for customer orders: column orders.payment_method does not exist[39m
[33m[Nest] 32608  - [39m2026. 03. 24. 오전 2:30:51 [33m   WARN[39m [38;5;3m[CustomerOrdersService] [39m[33mFailed to load order payment methods for customer orders: column orders.payment_method does not exist[39m
[32m[Nest] 32608  - [39m2026. 03. 24. 오전 2:30:52 [32m    LOG[39m [38;5;3m[CustomerOrdersService] [39m[32mFetched 1 orders[39m
[32m[Nest] 32608  - [39m2026. 03. 24. 오전 2:30:52 [32m    LOG[39m [38;5;3m[HTTP] [39m[32mGET /customer/orders?page=1&limit=1&dateStart=2026-03-24&dateEnd=2026-03-24 - 1460ms[39m
[32m[Nest] 32608  - [39m2026. 03. 24. 오전 2:30:52 [32m    LOG[39m [38;5;3m[CustomerOrdersController] [39m[32mUser d26831b8-20ef-4b10-8a1c-737a83d9b21f fetching orders (all branches)[39m
[32m[Nest] 32608  - [39m2026. 03. 24. 오전 2:30:52 [32m    LOG[39m [38;5;3m[CustomerOrdersService] [39m[32mFetching orders (all branches) by user d26831b8-20ef-4b10-8a1c-737a83d9b21f[39m
[32m[Nest] 32608  - [39m2026. 03. 24. 오전 2:30:52 [32m    LOG[39m [38;5;3m[CustomerOrdersController] [39m[32mUser d26831b8-20ef-4b10-8a1c-737a83d9b21f fetching orders (all branches)[39m
[32m[Nest] 32608  - [39m2026. 03. 24. 오전 2:30:52 [32m    LOG[39m [38;5;3m[CustomerOrdersService] [39m[32mFetching orders (all branches) by user d26831b8-20ef-4b10-8a1c-737a83d9b21f[39m
[32m[Nest] 32608  - [39m2026. 03. 24. 오전 2:30:52 [32m    LOG[39m [38;5;3m[CustomerOrdersController] [39m[32mUser d26831b8-20ef-4b10-8a1c-737a83d9b21f fetching orders (all branches)[39m
[32m[Nest] 32608  - [39m2026. 03. 24. 오전 2:30:52 [32m    LOG[39m [38;5;3m[CustomerOrdersService] [39m[32mFetching orders (all branches) by user d26831b8-20ef-4b10-8a1c-737a83d9b21f[39m
[32m[Nest] 32608  - [39m2026. 03. 24. 오전 2:30:52 [32m    LOG[39m [38;5;3m[CustomerOrdersController] [39m[32mUser d26831b8-20ef-4b10-8a1c-737a83d9b21f fetching orders (all branches)[39m
[32m[Nest] 32608  - [39m2026. 03. 24. 오전 2:30:52 [32m    LOG[39m [38;5;3m[CustomerOrdersService] [39m[32mFetching orders (all branches) by user d26831b8-20ef-4b10-8a1c-737a83d9b21f[39m
[32m[Nest] 32608  - [39m2026. 03. 24. 오전 2:30:52 [32m    LOG[39m [38;5;3m[CustomerOrdersController] [39m[32mUser d26831b8-20ef-4b10-8a1c-737a83d9b21f fetching orders (all branches)[39m
[32m[Nest] 32608  - [39m2026. 03. 24. 오전 2:30:52 [32m    LOG[39m [38;5;3m[CustomerOrdersService] [39m[32mFetching orders (all branches) by user d26831b8-20ef-4b10-8a1c-737a83d9b21f[39m
[32m[Nest] 32608  - [39m2026. 03. 24. 오전 2:30:52 [32m    LOG[39m [38;5;3m[CustomerOrdersService] [39m[32mFetched 8 orders[39m
[32m[Nest] 32608  - [39m2026. 03. 24. 오전 2:30:52 [32m    LOG[39m [38;5;3m[HTTP] [39m[32mGET /customer/orders?page=1&limit=20&dateStart=2026-03-24&dateEnd=2026-03-24 - 1502ms[39m
[32m[Nest] 32608  - [39m2026. 03. 24. 오전 2:30:52 [32m    LOG[39m [38;5;3m[CustomerOrdersController] [39m[32mUser d26831b8-20ef-4b10-8a1c-737a83d9b21f fetching orders (all branches)[39m
[32m[Nest] 32608  - [39m2026. 03. 24. 오전 2:30:52 [32m    LOG[39m [38;5;3m[CustomerOrdersService] [39m[32mFetching orders (all branches) by user d26831b8-20ef-4b10-8a1c-737a83d9b21f[39m
[32m[Nest] 32608  - [39m2026. 03. 24. 오전 2:30:52 [32m    LOG[39m [38;5;3m[CustomerOrdersService] [39m[32mFetched 0 orders[39m
[32m[Nest] 32608  - [39m2026. 03. 24. 오전 2:30:52 [32m    LOG[39m [38;5;3m[HTTP] [39m[32mGET /customer/orders?page=1&limit=1&dateStart=2026-03-24&dateEnd=2026-03-24&status=PREPARING - 504ms[39m
[32m[Nest] 32608  - [39m2026. 03. 24. 오전 2:30:52 [32m    LOG[39m [38;5;3m[CustomerOrdersController] [39m[32mUser d26831b8-20ef-4b10-8a1c-737a83d9b21f fetching orders (all branches)[39m
[32m[Nest] 32608  - [39m2026. 03. 24. 오전 2:30:52 [32m    LOG[39m [38;5;3m[CustomerOrdersService] [39m[32mFetching orders (all branches) by user d26831b8-20ef-4b10-8a1c-737a83d9b21f[39m
[32m[Nest] 32608  - [39m2026. 03. 24. 오전 2:30:52 [32m    LOG[39m [38;5;3m[CustomerOrdersService] [39m[32mFetched 0 orders[39m
[32m[Nest] 32608  - [39m2026. 03. 24. 오전 2:30:52 [32m    LOG[39m [38;5;3m[HTTP] [39m[32mGET /customer/orders?page=1&limit=1&dateStart=2026-03-24&dateEnd=2026-03-24&status=CONFIRMED - 531ms[39m
[32m[Nest] 32608  - [39m2026. 03. 24. 오전 2:30:52 [32m    LOG[39m [38;5;3m[CustomerOrdersService] [39m[32mFetched 0 orders[39m
[32m[Nest] 32608  - [39m2026. 03. 24. 오전 2:30:52 [32m    LOG[39m [38;5;3m[HTTP] [39m[32mGET /customer/orders?page=1&limit=1&dateStart=2026-03-24&dateEnd=2026-03-24&status=READY - 532ms[39m
[32m[Nest] 32608  - [39m2026. 03. 24. 오전 2:30:52 [32m    LOG[39m [38;5;3m[CustomerOrdersService] [39m[32mFetched 0 orders[39m
[32m[Nest] 32608  - [39m2026. 03. 24. 오전 2:30:52 [32m    LOG[39m [38;5;3m[HTTP] [39m[32mGET /customer/orders?page=1&limit=1&dateStart=2026-03-24&dateEnd=2026-03-24&status=COMPLETED - 530ms[39m
[32m[Nest] 32608  - [39m2026. 03. 24. 오전 2:30:52 [32m    LOG[39m [38;5;3m[CustomerOrdersService] [39m[32mFetched 0 orders[39m
[32m[Nest] 32608  - [39m2026. 03. 24. 오전 2:30:52 [32m    LOG[39m [38;5;3m[HTTP] [39m[32mGET /customer/orders?page=1&limit=1&dateStart=2026-03-24&dateEnd=2026-03-24&status=CANCELLED - 514ms[39m
[33m[Nest] 32608  - [39m2026. 03. 24. 오전 2:30:53 [33m   WARN[39m [38;5;3m[CustomerOrdersService] [39m[33mFailed to load order payment methods for customer orders: column orders.payment_method does not exist[39m
[32m[Nest] 32608  - [39m2026. 03. 24. 오전 2:30:53 [32m    LOG[39m [38;5;3m[CustomerOrdersService] [39m[32mFetched 0 orders[39m
[32m[Nest] 32608  - [39m2026. 03. 24. 오전 2:30:53 [32m    LOG[39m [38;5;3m[HTTP] [39m[32mGET /customer/orders?page=1&limit=1&dateStart=2026-03-24&dateEnd=2026-03-24&status=REFUNDED - 542ms[39m
[32m[Nest] 32608  - [39m2026. 03. 24. 오전 2:30:53 [32m    LOG[39m [38;5;3m[CustomerOrdersService] [39m[32mFetched 1 orders[39m
[32m[Nest] 32608  - [39m2026. 03. 24. 오전 2:30:53 [32m    LOG[39m [38;5;3m[HTTP] [39m[32mGET /customer/orders?page=1&limit=1&dateStart=2026-03-24&dateEnd=2026-03-24&status=CREATED - 1519ms[39m
[32m[Nest] 32608  - [39m2026. 03. 24. 오전 2:31:00 [32m    LOG[39m [38;5;3m[CustomerOrdersController] [39m[32mUser d26831b8-20ef-4b10-8a1c-737a83d9b21f fetching orders (all branches)[39m
[32m[Nest] 32608  - [39m2026. 03. 24. 오전 2:31:00 [32m    LOG[39m [38;5;3m[CustomerOrdersService] [39m[32mFetching orders (all branches) by user d26831b8-20ef-4b10-8a1c-737a83d9b21f[39m
[32m[Nest] 32608  - [39m2026. 03. 24. 오전 2:31:00 [32m    LOG[39m [38;5;3m[CustomerOrdersController] [39m[32mUser d26831b8-20ef-4b10-8a1c-737a83d9b21f fetching orders (all branches)[39m
[32m[Nest] 32608  - [39m2026. 03. 24. 오전 2:31:00 [32m    LOG[39m [38;5;3m[CustomerOrdersService] [39m[32mFetching orders (all branches) by user d26831b8-20ef-4b10-8a1c-737a83d9b21f[39m
[33m[Nest] 32608  - [39m2026. 03. 24. 오전 2:31:01 [33m   WARN[39m [38;5;3m[CustomerOrdersService] [39m[33mFailed to load order payment methods for customer orders: column orders.payment_method does not exist[39m
[33m[Nest] 32608  - [39m2026. 03. 24. 오전 2:31:01 [33m   WARN[39m [38;5;3m[CustomerOrdersService] [39m[33mFailed to load order payment methods for customer orders: column orders.payment_method does not exist[39m
[32m[Nest] 32608  - [39m2026. 03. 24. 오전 2:31:02 [32m    LOG[39m [38;5;3m[CustomerOrdersService] [39m[32mFetched 1 orders[39m
[32m[Nest] 32608  - [39m2026. 03. 24. 오전 2:31:02 [32m    LOG[39m [38;5;3m[HTTP] [39m[32mGET /customer/orders?page=1&limit=1&dateStart=2026-03-24&dateEnd=2026-03-24 - 1552ms[39m
[32m[Nest] 32608  - [39m2026. 03. 24. 오전 2:31:02 [32m    LOG[39m [38;5;3m[CustomerOrdersController] [39m[32mUser d26831b8-20ef-4b10-8a1c-737a83d9b21f fetching orders (all branches)[39m
[32m[Nest] 32608  - [39m2026. 03. 24. 오전 2:31:02 [32m    LOG[39m [38;5;3m[CustomerOrdersService] [39m[32mFetching orders (all branches) by user d26831b8-20ef-4b10-8a1c-737a83d9b21f[39m
[32m[Nest] 32608  - [39m2026. 03. 24. 오전 2:31:02 [32m    LOG[39m [38;5;3m[CustomerOrdersController] [39m[32mUser d26831b8-20ef-4b10-8a1c-737a83d9b21f fetching orders (all branches)[39m
[32m[Nest] 32608  - [39m2026. 03. 24. 오전 2:31:02 [32m    LOG[39m [38;5;3m[CustomerOrdersService] [39m[32mFetching orders (all branches) by user d26831b8-20ef-4b10-8a1c-737a83d9b21f[39m
[32m[Nest] 32608  - [39m2026. 03. 24. 오전 2:31:02 [32m    LOG[39m [38;5;3m[CustomerOrdersService] [39m[32mFetched 8 orders[39m
[32m[Nest] 32608  - [39m2026. 03. 24. 오전 2:31:02 [32m    LOG[39m [38;5;3m[HTTP] [39m[32mGET /customer/orders?page=1&limit=20&dateStart=2026-03-24&dateEnd=2026-03-24 - 1563ms[39m
[32m[Nest] 32608  - [39m2026. 03. 24. 오전 2:31:02 [32m    LOG[39m [38;5;3m[CustomerOrdersController] [39m[32mUser d26831b8-20ef-4b10-8a1c-737a83d9b21f fetching orders (all branches)[39m
[32m[Nest] 32608  - [39m2026. 03. 24. 오전 2:31:02 [32m    LOG[39m [38;5;3m[CustomerOrdersService] [39m[32mFetching orders (all branches) by user d26831b8-20ef-4b10-8a1c-737a83d9b21f[39m
[32m[Nest] 32608  - [39m2026. 03. 24. 오전 2:31:02 [32m    LOG[39m [38;5;3m[CustomerOrdersController] [39m[32mUser d26831b8-20ef-4b10-8a1c-737a83d9b21f fetching orders (all branches)[39m
[32m[Nest] 32608  - [39m2026. 03. 24. 오전 2:31:02 [32m    LOG[39m [38;5;3m[CustomerOrdersService] [39m[32mFetching orders (all branches) by user d26831b8-20ef-4b10-8a1c-737a83d9b21f[39m
[32m[Nest] 32608  - [39m2026. 03. 24. 오전 2:31:02 [32m    LOG[39m [38;5;3m[CustomerOrdersController] [39m[32mUser d26831b8-20ef-4b10-8a1c-737a83d9b21f fetching orders (all branches)[39m
[32m[Nest] 32608  - [39m2026. 03. 24. 오전 2:31:02 [32m    LOG[39m [38;5;3m[CustomerOrdersService] [39m[32mFetching orders (all branches) by user d26831b8-20ef-4b10-8a1c-737a83d9b21f[39m
[32m[Nest] 32608  - [39m2026. 03. 24. 오전 2:31:02 [32m    LOG[39m [38;5;3m[CustomerOrdersController] [39m[32mUser d26831b8-20ef-4b10-8a1c-737a83d9b21f fetching orders (all branches)[39m
[32m[Nest] 32608  - [39m2026. 03. 24. 오전 2:31:02 [32m    LOG[39m [38;5;3m[CustomerOrdersService] [39m[32mFetching orders (all branches) by user d26831b8-20ef-4b10-8a1c-737a83d9b21f[39m
[32m[Nest] 32608  - [39m2026. 03. 24. 오전 2:31:02 [32m    LOG[39m [38;5;3m[CustomerOrdersService] [39m[32mFetched 0 orders[39m
[32m[Nest] 32608  - [39m2026. 03. 24. 오전 2:31:02 [32m    LOG[39m [38;5;3m[HTTP] [39m[32mGET /customer/orders?page=1&limit=1&dateStart=2026-03-24&dateEnd=2026-03-24&status=PREPARING - 521ms[39m
[32m[Nest] 32608  - [39m2026. 03. 24. 오전 2:31:02 [32m    LOG[39m [38;5;3m[CustomerOrdersController] [39m[32mUser d26831b8-20ef-4b10-8a1c-737a83d9b21f fetching orders (all branches)[39m
[32m[Nest] 32608  - [39m2026. 03. 24. 오전 2:31:02 [32m    LOG[39m [38;5;3m[CustomerOrdersService] [39m[32mFetching orders (all branches) by user d26831b8-20ef-4b10-8a1c-737a83d9b21f[39m
[32m[Nest] 32608  - [39m2026. 03. 24. 오전 2:31:02 [32m    LOG[39m [38;5;3m[CustomerOrdersService] [39m[32mFetched 0 orders[39m
[32m[Nest] 32608  - [39m2026. 03. 24. 오전 2:31:02 [32m    LOG[39m [38;5;3m[HTTP] [39m[32mGET /customer/orders?page=1&limit=1&dateStart=2026-03-24&dateEnd=2026-03-24&status=COMPLETED - 526ms[39m
[32m[Nest] 32608  - [39m2026. 03. 24. 오전 2:31:02 [32m    LOG[39m [38;5;3m[CustomerOrdersService] [39m[32mFetched 0 orders[39m
[32m[Nest] 32608  - [39m2026. 03. 24. 오전 2:31:02 [32m    LOG[39m [38;5;3m[HTTP] [39m[32mGET /customer/orders?page=1&limit=1&dateStart=2026-03-24&dateEnd=2026-03-24&status=CONFIRMED - 540ms[39m
[32m[Nest] 32608  - [39m2026. 03. 24. 오전 2:31:02 [32m    LOG[39m [38;5;3m[CustomerOrdersService] [39m[32mFetched 0 orders[39m
[32m[Nest] 32608  - [39m2026. 03. 24. 오전 2:31:02 [32m    LOG[39m [38;5;3m[HTTP] [39m[32mGET /customer/orders?page=1&limit=1&dateStart=2026-03-24&dateEnd=2026-03-24&status=READY - 540ms[39m
[32m[Nest] 32608  - [39m2026. 03. 24. 오전 2:31:02 [32m    LOG[39m [38;5;3m[CustomerOrdersService] [39m[32mFetched 0 orders[39m
[32m[Nest] 32608  - [39m2026. 03. 24. 오전 2:31:02 [32m    LOG[39m [38;5;3m[HTTP] [39m[32mGET /customer/orders?page=1&limit=1&dateStart=2026-03-24&dateEnd=2026-03-24&status=CANCELLED - 535ms[39m
[32m[Nest] 32608  - [39m2026. 03. 24. 오전 2:31:03 [32m    LOG[39m [38;5;3m[CustomerOrdersService] [39m[32mFetched 0 orders[39m
[32m[Nest] 32608  - [39m2026. 03. 24. 오전 2:31:03 [32m    LOG[39m [38;5;3m[HTTP] [39m[32mGET /customer/orders?page=1&limit=1&dateStart=2026-03-24&dateEnd=2026-03-24&status=REFUNDED - 500ms[39m
[33m[Nest] 32608  - [39m2026. 03. 24. 오전 2:31:03 [33m   WARN[39m [38;5;3m[CustomerOrdersService] [39m[33mFailed to load order payment methods for customer orders: column orders.payment_method does not exist[39m
[32m[Nest] 32608  - [39m2026. 03. 24. 오전 2:31:03 [32m    LOG[39m [38;5;3m[CustomerOrdersService] [39m[32mFetched 1 orders[39m
[32m[Nest] 32608  - [39m2026. 03. 24. 오전 2:31:03 [32m    LOG[39m [38;5;3m[HTTP] [39m[32mGET /customer/orders?page=1&limit=1&dateStart=2026-03-24&dateEnd=2026-03-24&status=CREATED - 1555ms[39m
[2J[3J[H[[90m오전 2:31:05[0m] File change detected. Starting incremental compilation...

[96msrc/modules/deposit-sync/deposit-sync.service.ts[0m:[93m394[0m:[93m29[0m - [91merror[0m[90m TS2339: [0mProperty 'spreadsheet_id' does not exist on type 'PendingDepositRow'.

[7m394[0m     const sheetKey = `${row.spreadsheet_id}::${row.sheet_name}`;
[7m   [0m [91m                            ~~~~~~~~~~~~~~[0m

[96msrc/modules/deposit-sync/deposit-sync.service.ts[0m:[93m394[0m:[93m52[0m - [91merror[0m[90m TS2339: [0mProperty 'sheet_name' does not exist on type 'PendingDepositRow'.

[7m394[0m     const sheetKey = `${row.spreadsheet_id}::${row.sheet_name}`;
[7m   [0m [91m                                                   ~~~~~~~~~~[0m

[[90m오전 2:31:06[0m] Found 2 errors. Watching for file changes.

[32m[Nest] 32608  - [39m2026. 03. 24. 오전 2:31:10 [32m    LOG[39m [38;5;3m[CustomerOrdersController] [39m[32mUser d26831b8-20ef-4b10-8a1c-737a83d9b21f fetching orders (all branches)[39m
[32m[Nest] 32608  - [39m2026. 03. 24. 오전 2:31:10 [32m    LOG[39m [38;5;3m[CustomerOrdersService] [39m[32mFetching orders (all branches) by user d26831b8-20ef-4b10-8a1c-737a83d9b21f[39m
[32m[Nest] 32608  - [39m2026. 03. 24. 오전 2:31:10 [32m    LOG[39m [38;5;3m[CustomerOrdersController] [39m[32mUser d26831b8-20ef-4b10-8a1c-737a83d9b21f fetching orders (all branches)[39m
[32m[Nest] 32608  - [39m2026. 03. 24. 오전 2:31:10 [32m    LOG[39m [38;5;3m[CustomerOrdersService] [39m[32mFetching orders (all branches) by user d26831b8-20ef-4b10-8a1c-737a83d9b21f[39m
[33m[Nest] 32608  - [39m2026. 03. 24. 오전 2:31:11 [33m   WARN[39m [38;5;3m[CustomerOrdersService] [39m[33mFailed to load order payment methods for customer orders: column orders.payment_method does not exist[39m
[33m[Nest] 32608  - [39m2026. 03. 24. 오전 2:31:11 [33m   WARN[39m [38;5;3m[CustomerOrdersService] [39m[33mFailed to load order payment methods for customer orders: column orders.payment_method does not exist[39m
[32m[Nest] 32608  - [39m2026. 03. 24. 오전 2:31:12 [32m    LOG[39m [38;5;3m[CustomerOrdersService] [39m[32mFetched 1 orders[39m
[32m[Nest] 32608  - [39m2026. 03. 24. 오전 2:31:12 [32m    LOG[39m [38;5;3m[HTTP] [39m[32mGET /customer/orders?page=1&limit=1&dateStart=2026-03-24&dateEnd=2026-03-24 - 1599ms[39m
[32m[Nest] 32608  - [39m2026. 03. 24. 오전 2:31:12 [32m    LOG[39m [38;5;3m[CustomerOrdersService] [39m[32mFetched 8 orders[39m
[32m[Nest] 32608  - [39m2026. 03. 24. 오전 2:31:12 [32m    LOG[39m [38;5;3m[HTTP] [39m[32mGET /customer/orders?page=1&limit=20&dateStart=2026-03-24&dateEnd=2026-03-24 - 1600ms[39m
[32m[Nest] 32608  - [39m2026. 03. 24. 오전 2:31:12 [32m    LOG[39m [38;5;3m[CustomerOrdersController] [39m[32mUser d26831b8-20ef-4b10-8a1c-737a83d9b21f fetching orders (all branches)[39m
[32m[Nest] 32608  - [39m2026. 03. 24. 오전 2:31:12 [32m    LOG[39m [38;5;3m[CustomerOrdersService] [39m[32mFetching orders (all branches) by user d26831b8-20ef-4b10-8a1c-737a83d9b21f[39m
[32m[Nest] 32608  - [39m2026. 03. 24. 오전 2:31:12 [32m    LOG[39m [38;5;3m[CustomerOrdersController] [39m[32mUser d26831b8-20ef-4b10-8a1c-737a83d9b21f fetching orders (all branches)[39m
[32m[Nest] 32608  - [39m2026. 03. 24. 오전 2:31:12 [32m    LOG[39m [38;5;3m[CustomerOrdersService] [39m[32mFetching orders (all branches) by user d26831b8-20ef-4b10-8a1c-737a83d9b21f[39m
[32m[Nest] 32608  - [39m2026. 03. 24. 오전 2:31:12 [32m    LOG[39m [38;5;3m[CustomerOrdersController] [39m[32mUser d26831b8-20ef-4b10-8a1c-737a83d9b21f fetching orders (all branches)[39m
[32m[Nest] 32608  - [39m2026. 03. 24. 오전 2:31:12 [32m    LOG[39m [38;5;3m[CustomerOrdersService] [39m[32mFetching orders (all branches) by user d26831b8-20ef-4b10-8a1c-737a83d9b21f[39m
[32m[Nest] 32608  - [39m2026. 03. 24. 오전 2:31:12 [32m    LOG[39m [38;5;3m[CustomerOrdersController] [39m[32mUser d26831b8-20ef-4b10-8a1c-737a83d9b21f fetching orders (all branches)[39m
[32m[Nest] 32608  - [39m2026. 03. 24. 오전 2:31:12 [32m    LOG[39m [38;5;3m[CustomerOrdersService] [39m[32mFetching orders (all branches) by user d26831b8-20ef-4b10-8a1c-737a83d9b21f[39m
[32m[Nest] 32608  - [39m2026. 03. 24. 오전 2:31:12 [32m    LOG[39m [38;5;3m[CustomerOrdersController] [39m[32mUser d26831b8-20ef-4b10-8a1c-737a83d9b21f fetching orders (all branches)[39m
[32m[Nest] 32608  - [39m2026. 03. 24. 오전 2:31:12 [32m    LOG[39m [38;5;3m[CustomerOrdersService] [39m[32mFetching orders (all branches) by user d26831b8-20ef-4b10-8a1c-737a83d9b21f[39m
[32m[Nest] 32608  - [39m2026. 03. 24. 오전 2:31:12 [32m    LOG[39m [38;5;3m[CustomerOrdersController] [39m[32mUser d26831b8-20ef-4b10-8a1c-737a83d9b21f fetching orders (all branches)[39m
[32m[Nest] 32608  - [39m2026. 03. 24. 오전 2:31:12 [32m    LOG[39m [38;5;3m[CustomerOrdersService] [39m[32mFetching orders (all branches) by user d26831b8-20ef-4b10-8a1c-737a83d9b21f[39m
[32m[Nest] 32608  - [39m2026. 03. 24. 오전 2:31:12 [32m    LOG[39m [38;5;3m[CustomerOrdersService] [39m[32mFetched 0 orders[39m
[32m[Nest] 32608  - [39m2026. 03. 24. 오전 2:31:12 [32m    LOG[39m [38;5;3m[HTTP] [39m[32mGET /customer/orders?page=1&limit=1&dateStart=2026-03-24&dateEnd=2026-03-24&status=CONFIRMED - 508ms[39m
[32m[Nest] 32608  - [39m2026. 03. 24. 오전 2:31:12 [32m    LOG[39m [38;5;3m[CustomerOrdersController] [39m[32mUser d26831b8-20ef-4b10-8a1c-737a83d9b21f fetching orders (all branches)[39m
[32m[Nest] 32608  - [39m2026. 03. 24. 오전 2:31:12 [32m    LOG[39m [38;5;3m[CustomerOrdersService] [39m[32mFetching orders (all branches) by user d26831b8-20ef-4b10-8a1c-737a83d9b21f[39m
[32m[Nest] 32608  - [39m2026. 03. 24. 오전 2:31:12 [32m    LOG[39m [38;5;3m[CustomerOrdersService] [39m[32mFetched 0 orders[39m
[32m[Nest] 32608  - [39m2026. 03. 24. 오전 2:31:12 [32m    LOG[39m [38;5;3m[HTTP] [39m[32mGET /customer/orders?page=1&limit=1&dateStart=2026-03-24&dateEnd=2026-03-24&status=PREPARING - 514ms[39m
[32m[Nest] 32608  - [39m2026. 03. 24. 오전 2:31:12 [32m    LOG[39m [38;5;3m[CustomerOrdersService] [39m[32mFetched 0 orders[39m
[32m[Nest] 32608  - [39m2026. 03. 24. 오전 2:31:12 [32m    LOG[39m [38;5;3m[HTTP] [39m[32mGET /customer/orders?page=1&limit=1&dateStart=2026-03-24&dateEnd=2026-03-24&status=CANCELLED - 522ms[39m
[32m[Nest] 32608  - [39m2026. 03. 24. 오전 2:31:12 [32m    LOG[39m [38;5;3m[CustomerOrdersService] [39m[32mFetched 0 orders[39m
[32m[Nest] 32608  - [39m2026. 03. 24. 오전 2:31:12 [32m    LOG[39m [38;5;3m[HTTP] [39m[32mGET /customer/orders?page=1&limit=1&dateStart=2026-03-24&dateEnd=2026-03-24&status=COMPLETED - 526ms[39m
[32m[Nest] 32608  - [39m2026. 03. 24. 오전 2:31:12 [32m    LOG[39m [38;5;3m[CustomerOrdersService] [39m[32mFetched 0 orders[39m
[32m[Nest] 32608  - [39m2026. 03. 24. 오전 2:31:12 [32m    LOG[39m [38;5;3m[HTTP] [39m[32mGET /customer/orders?page=1&limit=1&dateStart=2026-03-24&dateEnd=2026-03-24&status=READY - 542ms[39m
[33m[Nest] 32608  - [39m2026. 03. 24. 오전 2:31:13 [33m   WARN[39m [38;5;3m[CustomerOrdersService] [39m[33mFailed to load order payment methods for customer orders: column orders.payment_method does not exist[39m
[32m[Nest] 32608  - [39m2026. 03. 24. 오전 2:31:13 [32m    LOG[39m [38;5;3m[CustomerOrdersService] [39m[32mFetched 0 orders[39m
[32m[Nest] 32608  - [39m2026. 03. 24. 오전 2:31:13 [32m    LOG[39m [38;5;3m[HTTP] [39m[32mGET /customer/orders?page=1&limit=1&dateStart=2026-03-24&dateEnd=2026-03-24&status=REFUNDED - 519ms[39m
[32m[Nest] 32608  - [39m2026. 03. 24. 오전 2:31:13 [32m    LOG[39m [38;5;3m[CustomerOrdersService] [39m[32mFetched 1 orders[39m
[32m[Nest] 32608  - [39m2026. 03. 24. 오전 2:31:13 [32m    LOG[39m [38;5;3m[HTTP] [39m[32mGET /customer/orders?page=1&limit=1&dateStart=2026-03-24&dateEnd=2026-03-24&status=CREATED - 1550ms[39m
[33m[Nest] 32608  - [39m2026. 03. 24. 오전 2:31:14 [33m   WARN[39m [38;5;3m[DepositSyncService] [39m[33mDuplicate deposit sheet mapping detected for "시트1" in spreadsheet "1MSwPe5z2ebuU1xNginda2Rt4d4sLrBXh9p5M4rNSKPI". Only the first branch will be used.[39m
[32m[Nest] 32608  - [39m2026. 03. 24. 오전 2:31:20 [32m    LOG[39m [38;5;3m[CustomerGuard] [39m[32mCustomerGuard: User d26831b8-20ef-4b10-8a1c-737a83d9b21f authorized with 1 brand(s) and 0 branch(es)[39m
[32m[Nest] 32608  - [39m2026. 03. 24. 오전 2:31:20 [32m    LOG[39m [38;5;3m[CustomerOrdersController] [39m[32mUser d26831b8-20ef-4b10-8a1c-737a83d9b21f fetching orders (all branches)[39m
[32m[Nest] 32608  - [39m2026. 03. 24. 오전 2:31:20 [32m    LOG[39m [38;5;3m[CustomerOrdersService] [39m[32mFetching orders (all branches) by user d26831b8-20ef-4b10-8a1c-737a83d9b21f[39m
[32m[Nest] 32608  - [39m2026. 03. 24. 오전 2:31:20 [32m    LOG[39m [38;5;3m[CustomerGuard] [39m[32mCustomerGuard: User d26831b8-20ef-4b10-8a1c-737a83d9b21f authorized with 1 brand(s) and 0 branch(es)[39m
[32m[Nest] 32608  - [39m2026. 03. 24. 오전 2:31:20 [32m    LOG[39m [38;5;3m[CustomerOrdersController] [39m[32mUser d26831b8-20ef-4b10-8a1c-737a83d9b21f fetching orders (all branches)[39m
[32m[Nest] 32608  - [39m2026. 03. 24. 오전 2:31:20 [32m    LOG[39m [38;5;3m[CustomerOrdersService] [39m[32mFetching orders (all branches) by user d26831b8-20ef-4b10-8a1c-737a83d9b21f[39m
[33m[Nest] 32608  - [39m2026. 03. 24. 오전 2:31:21 [33m   WARN[39m [38;5;3m[CustomerOrdersService] [39m[33mFailed to load order payment methods for customer orders: column orders.payment_method does not exist[39m
[33m[Nest] 32608  - [39m2026. 03. 24. 오전 2:31:21 [33m   WARN[39m [38;5;3m[CustomerOrdersService] [39m[33mFailed to load order payment methods for customer orders: column orders.payment_method does not exist[39m
[32m[Nest] 32608  - [39m2026. 03. 24. 오전 2:31:22 [32m    LOG[39m [38;5;3m[CustomerOrdersService] [39m[32mFetched 8 orders[39m
[32m[Nest] 32608  - [39m2026. 03. 24. 오전 2:31:22 [32m    LOG[39m [38;5;3m[HTTP] [39m[32mGET /customer/orders?page=1&limit=20&dateStart=2026-03-24&dateEnd=2026-03-24 - 1501ms[39m
[32m[Nest] 32608  - [39m2026. 03. 24. 오전 2:31:22 [32m    LOG[39m [38;5;3m[CustomerOrdersService] [39m[32mFetched 1 orders[39m
[32m[Nest] 32608  - [39m2026. 03. 24. 오전 2:31:22 [32m    LOG[39m [38;5;3m[HTTP] [39m[32mGET /customer/orders?page=1&limit=1&dateStart=2026-03-24&dateEnd=2026-03-24 - 1550ms[39m
[32m[Nest] 32608  - [39m2026. 03. 24. 오전 2:31:22 [32m    LOG[39m [38;5;3m[CustomerOrdersController] [39m[32mUser d26831b8-20ef-4b10-8a1c-737a83d9b21f fetching orders (all branches)[39m
[32m[Nest] 32608  - [39m2026. 03. 24. 오전 2:31:22 [32m    LOG[39m [38;5;3m[CustomerOrdersService] [39m[32mFetching orders (all branches) by user d26831b8-20ef-4b10-8a1c-737a83d9b21f[39m
[32m[Nest] 32608  - [39m2026. 03. 24. 오전 2:31:22 [32m    LOG[39m [38;5;3m[CustomerOrdersController] [39m[32mUser d26831b8-20ef-4b10-8a1c-737a83d9b21f fetching orders (all branches)[39m
[32m[Nest] 32608  - [39m2026. 03. 24. 오전 2:31:22 [32m    LOG[39m [38;5;3m[CustomerOrdersService] [39m[32mFetching orders (all branches) by user d26831b8-20ef-4b10-8a1c-737a83d9b21f[39m
[32m[Nest] 32608  - [39m2026. 03. 24. 오전 2:31:22 [32m    LOG[39m [38;5;3m[CustomerOrdersController] [39m[32mUser d26831b8-20ef-4b10-8a1c-737a83d9b21f fetching orders (all branches)[39m
[32m[Nest] 32608  - [39m2026. 03. 24. 오전 2:31:22 [32m    LOG[39m [38;5;3m[CustomerOrdersService] [39m[32mFetching orders (all branches) by user d26831b8-20ef-4b10-8a1c-737a83d9b21f[39m
[32m[Nest] 32608  - [39m2026. 03. 24. 오전 2:31:22 [32m    LOG[39m [38;5;3m[CustomerOrdersController] [39m[32mUser d26831b8-20ef-4b10-8a1c-737a83d9b21f fetching orders (all branches)[39m
[32m[Nest] 32608  - [39m2026. 03. 24. 오전 2:31:22 [32m    LOG[39m [38;5;3m[CustomerOrdersService] [39m[32mFetching orders (all branches) by user d26831b8-20ef-4b10-8a1c-737a83d9b21f[39m
[32m[Nest] 32608  - [39m2026. 03. 24. 오전 2:31:22 [32m    LOG[39m [38;5;3m[CustomerOrdersController] [39m[32mUser d26831b8-20ef-4b10-8a1c-737a83d9b21f fetching orders (all branches)[39m
[32m[Nest] 32608  - [39m2026. 03. 24. 오전 2:31:22 [32m    LOG[39m [38;5;3m[CustomerOrdersService] [39m[32mFetching orders (all branches) by user d26831b8-20ef-4b10-8a1c-737a83d9b21f[39m
[32m[Nest] 32608  - [39m2026. 03. 24. 오전 2:31:22 [32m    LOG[39m [38;5;3m[CustomerOrdersController] [39m[32mUser d26831b8-20ef-4b10-8a1c-737a83d9b21f fetching orders (all branches)[39m
[32m[Nest] 32608  - [39m2026. 03. 24. 오전 2:31:22 [32m    LOG[39m [38;5;3m[CustomerOrdersService] [39m[32mFetching orders (all branches) by user d26831b8-20ef-4b10-8a1c-737a83d9b21f[39m
[32m[Nest] 32608  - [39m2026. 03. 24. 오전 2:31:22 [32m    LOG[39m [38;5;3m[CustomerOrdersService] [39m[32mFetched 0 orders[39m
[32m[Nest] 32608  - [39m2026. 03. 24. 오전 2:31:22 [32m    LOG[39m [38;5;3m[HTTP] [39m[32mGET /customer/orders?page=1&limit=1&dateStart=2026-03-24&dateEnd=2026-03-24&status=CONFIRMED - 544ms[39m
[32m[Nest] 32608  - [39m2026. 03. 24. 오전 2:31:22 [32m    LOG[39m [38;5;3m[CustomerOrdersController] [39m[32mUser d26831b8-20ef-4b10-8a1c-737a83d9b21f fetching orders (all branches)[39m
[32m[Nest] 32608  - [39m2026. 03. 24. 오전 2:31:22 [32m    LOG[39m [38;5;3m[CustomerOrdersService] [39m[32mFetching orders (all branches) by user d26831b8-20ef-4b10-8a1c-737a83d9b21f[39m
[32m[Nest] 32608  - [39m2026. 03. 24. 오전 2:31:22 [32m    LOG[39m [38;5;3m[CustomerOrdersService] [39m[32mFetched 0 orders[39m
[32m[Nest] 32608  - [39m2026. 03. 24. 오전 2:31:22 [32m    LOG[39m [38;5;3m[HTTP] [39m[32mGET /customer/orders?page=1&limit=1&dateStart=2026-03-24&dateEnd=2026-03-24&status=PREPARING - 549ms[39m
[32m[Nest] 32608  - [39m2026. 03. 24. 오전 2:31:22 [32m    LOG[39m [38;5;3m[CustomerOrdersService] [39m[32mFetched 0 orders[39m
[32m[Nest] 32608  - [39m2026. 03. 24. 오전 2:31:22 [32m    LOG[39m [38;5;3m[HTTP] [39m[32mGET /customer/orders?page=1&limit=1&dateStart=2026-03-24&dateEnd=2026-03-24&status=READY - 553ms[39m
[32m[Nest] 32608  - [39m2026. 03. 24. 오전 2:31:22 [32m    LOG[39m [38;5;3m[CustomerOrdersService] [39m[32mFetched 0 orders[39m
[32m[Nest] 32608  - [39m2026. 03. 24. 오전 2:31:22 [32m    LOG[39m [38;5;3m[HTTP] [39m[32mGET /customer/orders?page=1&limit=1&dateStart=2026-03-24&dateEnd=2026-03-24&status=CANCELLED - 547ms[39m
[32m[Nest] 32608  - [39m2026. 03. 24. 오전 2:31:22 [32m    LOG[39m [38;5;3m[CustomerOrdersService] [39m[32mFetched 0 orders[39m
[32m[Nest] 32608  - [39m2026. 03. 24. 오전 2:31:22 [32m    LOG[39m [38;5;3m[HTTP] [39m[32mGET /customer/orders?page=1&limit=1&dateStart=2026-03-24&dateEnd=2026-03-24&status=COMPLETED - 554ms[39m
[32m[Nest] 32608  - [39m2026. 03. 24. 오전 2:31:23 [32m    LOG[39m [38;5;3m[CustomerOrdersService] [39m[32mFetched 0 orders[39m
[32m[Nest] 32608  - [39m2026. 03. 24. 오전 2:31:23 [32m    LOG[39m [38;5;3m[HTTP] [39m[32mGET /customer/orders?page=1&limit=1&dateStart=2026-03-24&dateEnd=2026-03-24&status=REFUNDED - 578ms[39m
[33m[Nest] 32608  - [39m2026. 03. 24. 오전 2:31:23 [33m   WARN[39m [38;5;3m[CustomerOrdersService] [39m[33mFailed to load order payment methods for customer orders: column orders.payment_method does not exist[39m
[32m[Nest] 32608  - [39m2026. 03. 24. 오전 2:31:24 [32m    LOG[39m [38;5;3m[CustomerOrdersService] [39m[32mFetched 1 orders[39m
[32m[Nest] 32608  - [39m2026. 03. 24. 오전 2:31:24 [32m    LOG[39m [38;5;3m[HTTP] [39m[32mGET /customer/orders?page=1&limit=1&dateStart=2026-03-24&dateEnd=2026-03-24&status=CREATED - 1680ms[39m
[32m[Nest] 32608  - [39m2026. 03. 24. 오전 2:31:30 [32m    LOG[39m [38;5;3m[CustomerOrdersController] [39m[32mUser d26831b8-20ef-4b10-8a1c-737a83d9b21f fetching orders (all branches)[39m
[32m[Nest] 32608  - [39m2026. 03. 24. 오전 2:31:30 [32m    LOG[39m [38;5;3m[CustomerOrdersService] [39m[32mFetching orders (all branches) by user d26831b8-20ef-4b10-8a1c-737a83d9b21f[39m
[32m[Nest] 32608  - [39m2026. 03. 24. 오전 2:31:30 [32m    LOG[39m [38;5;3m[CustomerOrdersController] [39m[32mUser d26831b8-20ef-4b10-8a1c-737a83d9b21f fetching orders (all branches)[39m
[32m[Nest] 32608  - [39m2026. 03. 24. 오전 2:31:30 [32m    LOG[39m [38;5;3m[CustomerOrdersService] [39m[32mFetching orders (all branches) by user d26831b8-20ef-4b10-8a1c-737a83d9b21f[39m
[33m[Nest] 32608  - [39m2026. 03. 24. 오전 2:31:31 [33m   WARN[39m [38;5;3m[CustomerOrdersService] [39m[33mFailed to load order payment methods for customer orders: column orders.payment_method does not exist[39m
[33m[Nest] 32608  - [39m2026. 03. 24. 오전 2:31:31 [33m   WARN[39m [38;5;3m[CustomerOrdersService] [39m[33mFailed to load order payment methods for customer orders: column orders.payment_method does not exist[39m
[32m[Nest] 32608  - [39m2026. 03. 24. 오전 2:31:32 [32m    LOG[39m [38;5;3m[CustomerOrdersService] [39m[32mFetched 8 orders[39m
[32m[Nest] 32608  - [39m2026. 03. 24. 오전 2:31:32 [32m    LOG[39m [38;5;3m[HTTP] [39m[32mGET /customer/orders?page=1&limit=20&dateStart=2026-03-24&dateEnd=2026-03-24 - 1583ms[39m
[32m[Nest] 32608  - [39m2026. 03. 24. 오전 2:31:32 [32m    LOG[39m [38;5;3m[CustomerOrdersService] [39m[32mFetched 1 orders[39m
[32m[Nest] 32608  - [39m2026. 03. 24. 오전 2:31:32 [32m    LOG[39m [38;5;3m[HTTP] [39m[32mGET /customer/orders?page=1&limit=1&dateStart=2026-03-24&dateEnd=2026-03-24 - 1606ms[39m
[32m[Nest] 32608  - [39m2026. 03. 24. 오전 2:31:33 [32m    LOG[39m [38;5;3m[CustomerOrdersController] [39m[32mUser d26831b8-20ef-4b10-8a1c-737a83d9b21f fetching orders (all branches)[39m
[32m[Nest] 32608  - [39m2026. 03. 24. 오전 2:31:33 [32m    LOG[39m [38;5;3m[CustomerOrdersService] [39m[32mFetching orders (all branches) by user d26831b8-20ef-4b10-8a1c-737a83d9b21f[39m
[32m[Nest] 32608  - [39m2026. 03. 24. 오전 2:31:33 [32m    LOG[39m [38;5;3m[CustomerOrdersController] [39m[32mUser d26831b8-20ef-4b10-8a1c-737a83d9b21f fetching orders (all branches)[39m
[32m[Nest] 32608  - [39m2026. 03. 24. 오전 2:31:33 [32m    LOG[39m [38;5;3m[CustomerOrdersService] [39m[32mFetching orders (all branches) by user d26831b8-20ef-4b10-8a1c-737a83d9b21f[39m
[32m[Nest] 32608  - [39m2026. 03. 24. 오전 2:31:33 [32m    LOG[39m [38;5;3m[CustomerOrdersController] [39m[32mUser d26831b8-20ef-4b10-8a1c-737a83d9b21f fetching orders (all branches)[39m
[32m[Nest] 32608  - [39m2026. 03. 24. 오전 2:31:33 [32m    LOG[39m [38;5;3m[CustomerOrdersService] [39m[32mFetching orders (all branches) by user d26831b8-20ef-4b10-8a1c-737a83d9b21f[39m
[32m[Nest] 32608  - [39m2026. 03. 24. 오전 2:31:33 [32m    LOG[39m [38;5;3m[CustomerOrdersController] [39m[32mUser d26831b8-20ef-4b10-8a1c-737a83d9b21f fetching orders (all branches)[39m
[32m[Nest] 32608  - [39m2026. 03. 24. 오전 2:31:33 [32m    LOG[39m [38;5;3m[CustomerOrdersService] [39m[32mFetching orders (all branches) by user d26831b8-20ef-4b10-8a1c-737a83d9b21f[39m
[32m[Nest] 32608  - [39m2026. 03. 24. 오전 2:31:33 [32m    LOG[39m [38;5;3m[CustomerOrdersController] [39m[32mUser d26831b8-20ef-4b10-8a1c-737a83d9b21f fetching orders (all branches)[39m
[32m[Nest] 32608  - [39m2026. 03. 24. 오전 2:31:33 [32m    LOG[39m [38;5;3m[CustomerOrdersService] [39m[32mFetching orders (all branches) by user d26831b8-20ef-4b10-8a1c-737a83d9b21f[39m
[32m[Nest] 32608  - [39m2026. 03. 24. 오전 2:31:33 [32m    LOG[39m [38;5;3m[CustomerOrdersController] [39m[32mUser d26831b8-20ef-4b10-8a1c-737a83d9b21f fetching orders (all branches)[39m
[32m[Nest] 32608  - [39m2026. 03. 24. 오전 2:31:33 [32m    LOG[39m [38;5;3m[CustomerOrdersService] [39m[32mFetching orders (all branches) by user d26831b8-20ef-4b10-8a1c-737a83d9b21f[39m
[32m[Nest] 32608  - [39m2026. 03. 24. 오전 2:31:33 [32m    LOG[39m [38;5;3m[CustomerOrdersService] [39m[32mFetched 0 orders[39m
[32m[Nest] 32608  - [39m2026. 03. 24. 오전 2:31:33 [32m    LOG[39m [38;5;3m[HTTP] [39m[32mGET /customer/orders?page=1&limit=1&dateStart=2026-03-24&dateEnd=2026-03-24&status=CONFIRMED - 485ms[39m
[32m[Nest] 32608  - [39m2026. 03. 24. 오전 2:31:33 [32m    LOG[39m [38;5;3m[CustomerOrdersController] [39m[32mUser d26831b8-20ef-4b10-8a1c-737a83d9b21f fetching orders (all branches)[39m
[32m[Nest] 32608  - [39m2026. 03. 24. 오전 2:31:33 [32m    LOG[39m [38;5;3m[CustomerOrdersService] [39m[32mFetching orders (all branches) by user d26831b8-20ef-4b10-8a1c-737a83d9b21f[39m
[32m[Nest] 32608  - [39m2026. 03. 24. 오전 2:31:33 [32m    LOG[39m [38;5;3m[CustomerOrdersService] [39m[32mFetched 0 orders[39m
[32m[Nest] 32608  - [39m2026. 03. 24. 오전 2:31:33 [32m    LOG[39m [38;5;3m[HTTP] [39m[32mGET /customer/orders?page=1&limit=1&dateStart=2026-03-24&dateEnd=2026-03-24&status=PREPARING - 523ms[39m
[32m[Nest] 32608  - [39m2026. 03. 24. 오전 2:31:33 [32m    LOG[39m [38;5;3m[CustomerOrdersService] [39m[32mFetched 0 orders[39m
[32m[Nest] 32608  - [39m2026. 03. 24. 오전 2:31:33 [32m    LOG[39m [38;5;3m[HTTP] [39m[32mGET /customer/orders?page=1&limit=1&dateStart=2026-03-24&dateEnd=2026-03-24&status=CANCELLED - 512ms[39m
[32m[Nest] 32608  - [39m2026. 03. 24. 오전 2:31:33 [32m    LOG[39m [38;5;3m[CustomerOrdersService] [39m[32mFetched 0 orders[39m
[32m[Nest] 32608  - [39m2026. 03. 24. 오전 2:31:33 [32m    LOG[39m [38;5;3m[HTTP] [39m[32mGET /customer/orders?page=1&limit=1&dateStart=2026-03-24&dateEnd=2026-03-24&status=READY - 529ms[39m
[32m[Nest] 32608  - [39m2026. 03. 24. 오전 2:31:33 [32m    LOG[39m [38;5;3m[CustomerOrdersService] [39m[32mFetched 0 orders[39m
[32m[Nest] 32608  - [39m2026. 03. 24. 오전 2:31:33 [32m    LOG[39m [38;5;3m[HTTP] [39m[32mGET /customer/orders?page=1&limit=1&dateStart=2026-03-24&dateEnd=2026-03-24&status=COMPLETED - 522ms[39m
[32m[Nest] 32608  - [39m2026. 03. 24. 오전 2:31:34 [32m    LOG[39m [38;5;3m[CustomerGuard] [39m[32mCustomerGuard: User d26831b8-20ef-4b10-8a1c-737a83d9b21f authorized with 1 brand(s) and 0 branch(es)[39m
[32m[Nest] 32608  - [39m2026. 03. 24. 오전 2:31:34 [32m    LOG[39m [38;5;3m[CustomerBranchesController] [39m[32mUser d26831b8-20ef-4b10-8a1c-737a83d9b21f fetching branches (all)[39m
[32m[Nest] 32608  - [39m2026. 03. 24. 오전 2:31:34 [32m    LOG[39m [38;5;3m[CustomerBranchesService] [39m[32mFetching all accessible branches for user d26831b8-20ef-4b10-8a1c-737a83d9b21f[39m
[32m[Nest] 32608  - [39m2026. 03. 24. 오전 2:31:34 [32m    LOG[39m [38;5;3m[CustomerBranchesService] [39m[32mFetched 3 accessible branches for user d26831b8-20ef-4b10-8a1c-737a83d9b21f[39m
[32m[Nest] 32608  - [39m2026. 03. 24. 오전 2:31:34 [32m    LOG[39m [38;5;3m[HTTP] [39m[32mGET /customer/branches - 171ms[39m
[33m[Nest] 32608  - [39m2026. 03. 24. 오전 2:31:34 [33m   WARN[39m [38;5;3m[CustomerOrdersService] [39m[33mFailed to load order payment methods for customer orders: column orders.payment_method does not exist[39m
[32m[Nest] 32608  - [39m2026. 03. 24. 오전 2:31:34 [32m    LOG[39m [38;5;3m[CustomerOrdersService] [39m[32mFetched 0 orders[39m
[32m[Nest] 32608  - [39m2026. 03. 24. 오전 2:31:34 [32m    LOG[39m [38;5;3m[HTTP] [39m[32mGET /customer/orders?page=1&limit=1&dateStart=2026-03-24&dateEnd=2026-03-24&status=REFUNDED - 510ms[39m
[32m[Nest] 32608  - [39m2026. 03. 24. 오전 2:31:34 [32m    LOG[39m [38;5;3m[CustomerGuard] [39m[32mCustomerGuard: User d26831b8-20ef-4b10-8a1c-737a83d9b21f authorized with 1 brand(s) and 0 branch(es)[39m
[32m[Nest] 32608  - [39m2026. 03. 24. 오전 2:31:34 [32m    LOG[39m [38;5;3m[CustomerBrandsService] [39m[32mFetching brands for user: d26831b8-20ef-4b10-8a1c-737a83d9b21f[39m
[32m[Nest] 32608  - [39m2026. 03. 24. 오전 2:31:34 [32m    LOG[39m [38;5;3m[CustomerBrandsService] [39m[32mFetched 1 brands for user: d26831b8-20ef-4b10-8a1c-737a83d9b21f[39m
[32m[Nest] 32608  - [39m2026. 03. 24. 오전 2:31:34 [32m    LOG[39m [38;5;3m[HTTP] [39m[32mGET /customer/brands - 166ms[39m
[32m[Nest] 32608  - [39m2026. 03. 24. 오전 2:31:34 [32m    LOG[39m [38;5;3m[CustomerOrdersService] [39m[32mFetched 1 orders[39m
[32m[Nest] 32608  - [39m2026. 03. 24. 오전 2:31:34 [32m    LOG[39m [38;5;3m[HTTP] [39m[32mGET /customer/orders?page=1&limit=1&dateStart=2026-03-24&dateEnd=2026-03-24&status=CREATED - 1466ms[39m
[32m[Nest] 32608  - [39m2026. 03. 24. 오전 2:31:40 [32m    LOG[39m [38;5;3m[HTTP] [39m[32mGET /public/branches/7e69751d-eda7-4257-8f7d-871e83e95a00/categories - 205ms[39m
[32m[Nest] 32608  - [39m2026. 03. 24. 오전 2:31:40 [32m    LOG[39m [38;5;3m[HTTP] [39m[32mGET /public/branches/7e69751d-eda7-4257-8f7d-871e83e95a00/products - 550ms[39m
[32m[Nest] 32608  - [39m2026. 03. 24. 오전 2:31:40 [32m    LOG[39m [38;5;3m[HTTP] [39m[32mGET /public/brands/minamfruits/branches/pangyo - 561ms[39m
[32m[Nest] 32608  - [39m2026. 03. 24. 오전 2:31:43 [32m    LOG[39m [38;5;3m[CustomerBranchesController] [39m[32mUser d26831b8-20ef-4b10-8a1c-737a83d9b21f fetching branches (all)[39m
[32m[Nest] 32608  - [39m2026. 03. 24. 오전 2:31:43 [32m    LOG[39m [38;5;3m[CustomerBranchesService] [39m[32mFetching all accessible branches for user d26831b8-20ef-4b10-8a1c-737a83d9b21f[39m
[32m[Nest] 32608  - [39m2026. 03. 24. 오전 2:31:43 [32m    LOG[39m [38;5;3m[CustomerBranchesService] [39m[32mFetched 3 accessible branches for user d26831b8-20ef-4b10-8a1c-737a83d9b21f[39m
[32m[Nest] 32608  - [39m2026. 03. 24. 오전 2:31:43 [32m    LOG[39m [38;5;3m[HTTP] [39m[32mGET /customer/branches - 182ms[39m
[32m[Nest] 32608  - [39m2026. 03. 24. 오전 2:31:43 [32m    LOG[39m [38;5;3m[CustomerBrandsService] [39m[32mFetching brands for user: d26831b8-20ef-4b10-8a1c-737a83d9b21f[39m
[32m[Nest] 32608  - [39m2026. 03. 24. 오전 2:31:43 [32m    LOG[39m [38;5;3m[CustomerBrandsService] [39m[32mFetched 1 brands for user: d26831b8-20ef-4b10-8a1c-737a83d9b21f[39m
[32m[Nest] 32608  - [39m2026. 03. 24. 오전 2:31:43 [32m    LOG[39m [38;5;3m[HTTP] [39m[32mGET /customer/brands - 198ms[39m
[32m[Nest] 32608  - [39m2026. 03. 24. 오전 2:31:43 [32m    LOG[39m [38;5;3m[HTTP] [39m[32mGET /me - 208ms[39m
[32m[Nest] 32608  - [39m2026. 03. 24. 오전 2:31:43 [32m    LOG[39m [38;5;3m[CustomerGuard] [39m[32mCustomerGuard: User d26831b8-20ef-4b10-8a1c-737a83d9b21f authorized with 1 brand(s) and 0 branch(es)[39m
[32m[Nest] 32608  - [39m2026. 03. 24. 오전 2:31:43 [32m    LOG[39m [38;5;3m[InventoryController] [39m[32mUser d26831b8-20ef-4b10-8a1c-737a83d9b21f fetching low stock alerts for all branches[39m
[32m[Nest] 32608  - [39m2026. 03. 24. 오전 2:31:43 [32m    LOG[39m [38;5;3m[InventoryService] [39m[32mFetching low stock alerts for all branches by user d26831b8-20ef-4b10-8a1c-737a83d9b21f[39m
[32m[Nest] 32608  - [39m2026. 03. 24. 오전 2:31:44 [32m    LOG[39m [38;5;3m[InventoryService] [39m[32mFound 6 low stock items for all branches[39m
[32m[Nest] 32608  - [39m2026. 03. 24. 오전 2:31:44 [32m    LOG[39m [38;5;3m[HTTP] [39m[32mGET /customer/inventory/alerts - 345ms[39m
[32m[Nest] 32608  - [39m2026. 03. 24. 오전 2:31:44 [32m    LOG[39m [38;5;3m[CustomerOrdersController] [39m[32mUser d26831b8-20ef-4b10-8a1c-737a83d9b21f fetching orders (all branches)[39m
[32m[Nest] 32608  - [39m2026. 03. 24. 오전 2:31:44 [32m    LOG[39m [38;5;3m[CustomerOrdersService] [39m[32mFetching orders (all branches) by user d26831b8-20ef-4b10-8a1c-737a83d9b21f[39m
[33m[Nest] 32608  - [39m2026. 03. 24. 오전 2:31:45 [33m   WARN[39m [38;5;3m[CustomerOrdersService] [39m[33mFailed to load order payment methods for customer orders: column orders.payment_method does not exist[39m
[32m[Nest] 32608  - [39m2026. 03. 24. 오전 2:31:45 [32m    LOG[39m [38;5;3m[CustomerBranchesController] [39m[32mUser d26831b8-20ef-4b10-8a1c-737a83d9b21f fetching branches (all)[39m
[32m[Nest] 32608  - [39m2026. 03. 24. 오전 2:31:45 [32m    LOG[39m [38;5;3m[CustomerBranchesService] [39m[32mFetching all accessible branches for user d26831b8-20ef-4b10-8a1c-737a83d9b21f[39m
[32m[Nest] 32608  - [39m2026. 03. 24. 오전 2:31:45 [32m    LOG[39m [38;5;3m[CustomerOrdersController] [39m[32mUser d26831b8-20ef-4b10-8a1c-737a83d9b21f fetching orders (all branches)[39m
[32m[Nest] 32608  - [39m2026. 03. 24. 오전 2:31:45 [32m    LOG[39m [38;5;3m[CustomerOrdersService] [39m[32mFetching orders (all branches) by user d26831b8-20ef-4b10-8a1c-737a83d9b21f[39m
[32m[Nest] 32608  - [39m2026. 03. 24. 오전 2:31:45 [32m    LOG[39m [38;5;3m[CustomerOrdersController] [39m[32mUser d26831b8-20ef-4b10-8a1c-737a83d9b21f fetching orders (all branches)[39m
[32m[Nest] 32608  - [39m2026. 03. 24. 오전 2:31:45 [32m    LOG[39m [38;5;3m[CustomerOrdersService] [39m[32mFetching orders (all branches) by user d26831b8-20ef-4b10-8a1c-737a83d9b21f[39m
[32m[Nest] 32608  - [39m2026. 03. 24. 오전 2:31:45 [32m    LOG[39m [38;5;3m[CustomerBranchesService] [39m[32mFetched 3 accessible branches for user d26831b8-20ef-4b10-8a1c-737a83d9b21f[39m
[32m[Nest] 32608  - [39m2026. 03. 24. 오전 2:31:45 [32m    LOG[39m [38;5;3m[HTTP] [39m[32mGET /customer/branches - 161ms[39m
[32m[Nest] 32608  - [39m2026. 03. 24. 오전 2:31:45 [32m    LOG[39m [38;5;3m[CustomerOrdersService] [39m[32mFetched 12 orders[39m
[32m[Nest] 32608  - [39m2026. 03. 24. 오전 2:31:45 [32m    LOG[39m [38;5;3m[HTTP] [39m[32mGET /customer/orders?page=1&limit=20 - 1508ms[39m
[33m[Nest] 32608  - [39m2026. 03. 24. 오전 2:31:46 [33m   WARN[39m [38;5;3m[CustomerOrdersService] [39m[33mFailed to load order payment methods for customer orders: column orders.payment_method does not exist[39m
[33m[Nest] 32608  - [39m2026. 03. 24. 오전 2:31:46 [33m   WARN[39m [38;5;3m[CustomerOrdersService] [39m[33mFailed to load order payment methods for customer orders: column orders.payment_method does not exist[39m
[32m[Nest] 32608  - [39m2026. 03. 24. 오전 2:31:46 [32m    LOG[39m [38;5;3m[CustomerOrdersService] [39m[32mFetched 1 orders[39m
[32m[Nest] 32608  - [39m2026. 03. 24. 오전 2:31:46 [32m    LOG[39m [38;5;3m[HTTP] [39m[32mGET /customer/orders?page=1&limit=1&dateStart=2026-03-24&dateEnd=2026-03-24 - 1507ms[39m
[32m[Nest] 32608  - [39m2026. 03. 24. 오전 2:31:46 [32m    LOG[39m [38;5;3m[CustomerOrdersController] [39m[32mUser d26831b8-20ef-4b10-8a1c-737a83d9b21f fetching orders (all branches)[39m
[32m[Nest] 32608  - [39m2026. 03. 24. 오전 2:31:46 [32m    LOG[39m [38;5;3m[CustomerOrdersService] [39m[32mFetching orders (all branches) by user d26831b8-20ef-4b10-8a1c-737a83d9b21f[39m
[32m[Nest] 32608  - [39m2026. 03. 24. 오전 2:31:46 [32m    LOG[39m [38;5;3m[CustomerOrdersController] [39m[32mUser d26831b8-20ef-4b10-8a1c-737a83d9b21f fetching orders (all branches)[39m
[32m[Nest] 32608  - [39m2026. 03. 24. 오전 2:31:46 [32m    LOG[39m [38;5;3m[CustomerOrdersService] [39m[32mFetching orders (all branches) by user d26831b8-20ef-4b10-8a1c-737a83d9b21f[39m
[32m[Nest] 32608  - [39m2026. 03. 24. 오전 2:31:46 [32m    LOG[39m [38;5;3m[CustomerOrdersController] [39m[32mUser d26831b8-20ef-4b10-8a1c-737a83d9b21f fetching orders (all branches)[39m
[32m[Nest] 32608  - [39m2026. 03. 24. 오전 2:31:46 [32m    LOG[39m [38;5;3m[CustomerOrdersService] [39m[32mFetching orders (all branches) by user d26831b8-20ef-4b10-8a1c-737a83d9b21f[39m
[32m[Nest] 32608  - [39m2026. 03. 24. 오전 2:31:46 [32m    LOG[39m [38;5;3m[CustomerOrdersController] [39m[32mUser d26831b8-20ef-4b10-8a1c-737a83d9b21f fetching orders (all branches)[39m
[32m[Nest] 32608  - [39m2026. 03. 24. 오전 2:31:46 [32m    LOG[39m [38;5;3m[CustomerOrdersService] [39m[32mFetching orders (all branches) by user d26831b8-20ef-4b10-8a1c-737a83d9b21f[39m
[32m[Nest] 32608  - [39m2026. 03. 24. 오전 2:31:46 [32m    LOG[39m [38;5;3m[CustomerOrdersService] [39m[32mFetched 8 orders[39m
[32m[Nest] 32608  - [39m2026. 03. 24. 오전 2:31:46 [32m    LOG[39m [38;5;3m[HTTP] [39m[32mGET /customer/orders?page=1&limit=20&dateStart=2026-03-24&dateEnd=2026-03-24 - 1524ms[39m
[32m[Nest] 32608  - [39m2026. 03. 24. 오전 2:31:46 [32m    LOG[39m [38;5;3m[CustomerOrdersController] [39m[32mUser d26831b8-20ef-4b10-8a1c-737a83d9b21f fetching orders (all branches)[39m
[32m[Nest] 32608  - [39m2026. 03. 24. 오전 2:31:46 [32m    LOG[39m [38;5;3m[CustomerOrdersService] [39m[32mFetching orders (all branches) by user d26831b8-20ef-4b10-8a1c-737a83d9b21f[39m
[32m[Nest] 32608  - [39m2026. 03. 24. 오전 2:31:46 [32m    LOG[39m [38;5;3m[CustomerOrdersController] [39m[32mUser d26831b8-20ef-4b10-8a1c-737a83d9b21f fetching orders (all branches)[39m
[32m[Nest] 32608  - [39m2026. 03. 24. 오전 2:31:46 [32m    LOG[39m [38;5;3m[CustomerOrdersService] [39m[32mFetching orders (all branches) by user d26831b8-20ef-4b10-8a1c-737a83d9b21f[39m
[32m[Nest] 32608  - [39m2026. 03. 24. 오전 2:31:47 [32m    LOG[39m [38;5;3m[CustomerOrdersService] [39m[32mFetched 0 orders[39m
[32m[Nest] 32608  - [39m2026. 03. 24. 오전 2:31:47 [32m    LOG[39m [38;5;3m[HTTP] [39m[32mGET /customer/orders?page=1&limit=1&dateStart=2026-03-24&dateEnd=2026-03-24&status=CONFIRMED - 484ms[39m
[32m[Nest] 32608  - [39m2026. 03. 24. 오전 2:31:47 [32m    LOG[39m [38;5;3m[CustomerOrdersController] [39m[32mUser d26831b8-20ef-4b10-8a1c-737a83d9b21f fetching orders (all branches)[39m
[32m[Nest] 32608  - [39m2026. 03. 24. 오전 2:31:47 [32m    LOG[39m [38;5;3m[CustomerOrdersService] [39m[32mFetching orders (all branches) by user d26831b8-20ef-4b10-8a1c-737a83d9b21f[39m
[32m[Nest] 32608  - [39m2026. 03. 24. 오전 2:31:47 [32m    LOG[39m [38;5;3m[CustomerOrdersService] [39m[32mFetched 0 orders[39m
[32m[Nest] 32608  - [39m2026. 03. 24. 오전 2:31:47 [32m    LOG[39m [38;5;3m[HTTP] [39m[32mGET /customer/orders?page=1&limit=1&dateStart=2026-03-24&dateEnd=2026-03-24&status=CANCELLED - 515ms[39m
[32m[Nest] 32608  - [39m2026. 03. 24. 오전 2:31:47 [32m    LOG[39m [38;5;3m[CustomerOrdersService] [39m[32mFetched 0 orders[39m
[32m[Nest] 32608  - [39m2026. 03. 24. 오전 2:31:47 [32m    LOG[39m [38;5;3m[HTTP] [39m[32mGET /customer/orders?page=1&limit=1&dateStart=2026-03-24&dateEnd=2026-03-24&status=READY - 524ms[39m
[32m[Nest] 32608  - [39m2026. 03. 24. 오전 2:31:47 [32m    LOG[39m [38;5;3m[CustomerOrdersService] [39m[32mFetched 0 orders[39m
[32m[Nest] 32608  - [39m2026. 03. 24. 오전 2:31:47 [32m    LOG[39m [38;5;3m[HTTP] [39m[32mGET /customer/orders?page=1&limit=1&dateStart=2026-03-24&dateEnd=2026-03-24&status=PREPARING - 529ms[39m
[32m[Nest] 32608  - [39m2026. 03. 24. 오전 2:31:47 [32m    LOG[39m [38;5;3m[CustomerOrdersService] [39m[32mFetched 0 orders[39m
[32m[Nest] 32608  - [39m2026. 03. 24. 오전 2:31:47 [32m    LOG[39m [38;5;3m[HTTP] [39m[32mGET /customer/orders?page=1&limit=1&dateStart=2026-03-24&dateEnd=2026-03-24&status=COMPLETED - 527ms[39m
[32m[Nest] 32608  - [39m2026. 03. 24. 오전 2:31:48 [32m    LOG[39m [38;5;3m[CustomerOrdersService] [39m[32mFetched 0 orders[39m
[32m[Nest] 32608  - [39m2026. 03. 24. 오전 2:31:48 [32m    LOG[39m [38;5;3m[HTTP] [39m[32mGET /customer/orders?page=1&limit=1&dateStart=2026-03-24&dateEnd=2026-03-24&status=REFUNDED - 536ms[39m
[33m[Nest] 32608  - [39m2026. 03. 24. 오전 2:31:48 [33m   WARN[39m [38;5;3m[CustomerOrdersService] [39m[33mFailed to load order payment methods for customer orders: column orders.payment_method does not exist[39m
[32m[Nest] 32608  - [39m2026. 03. 24. 오전 2:31:48 [32m    LOG[39m [38;5;3m[CustomerOrdersService] [39m[32mFetched 1 orders[39m
[32m[Nest] 32608  - [39m2026. 03. 24. 오전 2:31:48 [32m    LOG[39m [38;5;3m[HTTP] [39m[32mGET /customer/orders?page=1&limit=1&dateStart=2026-03-24&dateEnd=2026-03-24&status=CREATED - 1572ms[39m
[32m[Nest] 32608  - [39m2026. 03. 24. 오전 2:31:55 [32m    LOG[39m [38;5;3m[CustomerGuard] [39m[32mCustomerGuard: User d26831b8-20ef-4b10-8a1c-737a83d9b21f authorized with 1 brand(s) and 0 branch(es)[39m
[32m[Nest] 32608  - [39m2026. 03. 24. 오전 2:31:55 [32m    LOG[39m [38;5;3m[CustomerOrdersController] [39m[32mUser d26831b8-20ef-4b10-8a1c-737a83d9b21f fetching orders (all branches)[39m
[32m[Nest] 32608  - [39m2026. 03. 24. 오전 2:31:55 [32m    LOG[39m [38;5;3m[CustomerOrdersService] [39m[32mFetching orders (all branches) by user d26831b8-20ef-4b10-8a1c-737a83d9b21f[39m
[32m[Nest] 32608  - [39m2026. 03. 24. 오전 2:31:55 [32m    LOG[39m [38;5;3m[CustomerGuard] [39m[32mCustomerGuard: User d26831b8-20ef-4b10-8a1c-737a83d9b21f authorized with 1 brand(s) and 0 branch(es)[39m
[32m[Nest] 32608  - [39m2026. 03. 24. 오전 2:31:55 [32m    LOG[39m [38;5;3m[CustomerOrdersController] [39m[32mUser d26831b8-20ef-4b10-8a1c-737a83d9b21f fetching orders (all branches)[39m
[32m[Nest] 32608  - [39m2026. 03. 24. 오전 2:31:55 [32m    LOG[39m [38;5;3m[CustomerOrdersService] [39m[32mFetching orders (all branches) by user d26831b8-20ef-4b10-8a1c-737a83d9b21f[39m
[33m[Nest] 32608  - [39m2026. 03. 24. 오전 2:31:56 [33m   WARN[39m [38;5;3m[CustomerOrdersService] [39m[33mFailed to load order payment methods for customer orders: column orders.payment_method does not exist[39m
[33m[Nest] 32608  - [39m2026. 03. 24. 오전 2:31:56 [33m   WARN[39m [38;5;3m[CustomerOrdersService] [39m[33mFailed to load order payment methods for customer orders: column orders.payment_method does not exist[39m
[32m[Nest] 32608  - [39m2026. 03. 24. 오전 2:31:57 [32m    LOG[39m [38;5;3m[CustomerOrdersService] [39m[32mFetched 1 orders[39m
[32m[Nest] 32608  - [39m2026. 03. 24. 오전 2:31:57 [32m    LOG[39m [38;5;3m[HTTP] [39m[32mGET /customer/orders?page=1&limit=1&dateStart=2026-03-24&dateEnd=2026-03-24 - 1483ms[39m
[32m[Nest] 32608  - [39m2026. 03. 24. 오전 2:31:57 [32m    LOG[39m [38;5;3m[CustomerOrdersController] [39m[32mUser d26831b8-20ef-4b10-8a1c-737a83d9b21f fetching orders (all branches)[39m
[32m[Nest] 32608  - [39m2026. 03. 24. 오전 2:31:57 [32m    LOG[39m [38;5;3m[CustomerOrdersService] [39m[32mFetching orders (all branches) by user d26831b8-20ef-4b10-8a1c-737a83d9b21f[39m
[32m[Nest] 32608  - [39m2026. 03. 24. 오전 2:31:57 [32m    LOG[39m [38;5;3m[CustomerOrdersService] [39m[32mFetched 8 orders[39m
[32m[Nest] 32608  - [39m2026. 03. 24. 오전 2:31:57 [32m    LOG[39m [38;5;3m[HTTP] [39m[32mGET /customer/orders?page=1&limit=20&dateStart=2026-03-24&dateEnd=2026-03-24 - 1480ms[39m
[32m[Nest] 32608  - [39m2026. 03. 24. 오전 2:31:57 [32m    LOG[39m [38;5;3m[CustomerOrdersController] [39m[32mUser d26831b8-20ef-4b10-8a1c-737a83d9b21f fetching orders (all branches)[39m
[32m[Nest] 32608  - [39m2026. 03. 24. 오전 2:31:57 [32m    LOG[39m [38;5;3m[CustomerOrdersService] [39m[32mFetching orders (all branches) by user d26831b8-20ef-4b10-8a1c-737a83d9b21f[39m
[32m[Nest] 32608  - [39m2026. 03. 24. 오전 2:31:57 [32m    LOG[39m [38;5;3m[CustomerOrdersController] [39m[32mUser d26831b8-20ef-4b10-8a1c-737a83d9b21f fetching orders (all branches)[39m
[32m[Nest] 32608  - [39m2026. 03. 24. 오전 2:31:57 [32m    LOG[39m [38;5;3m[CustomerOrdersService] [39m[32mFetching orders (all branches) by user d26831b8-20ef-4b10-8a1c-737a83d9b21f[39m
[32m[Nest] 32608  - [39m2026. 03. 24. 오전 2:31:57 [32m    LOG[39m [38;5;3m[CustomerOrdersController] [39m[32mUser d26831b8-20ef-4b10-8a1c-737a83d9b21f fetching orders (all branches)[39m
[32m[Nest] 32608  - [39m2026. 03. 24. 오전 2:31:57 [32m    LOG[39m [38;5;3m[CustomerOrdersService] [39m[32mFetching orders (all branches) by user d26831b8-20ef-4b10-8a1c-737a83d9b21f[39m
[32m[Nest] 32608  - [39m2026. 03. 24. 오전 2:31:57 [32m    LOG[39m [38;5;3m[CustomerOrdersController] [39m[32mUser d26831b8-20ef-4b10-8a1c-737a83d9b21f fetching orders (all branches)[39m
[32m[Nest] 32608  - [39m2026. 03. 24. 오전 2:31:57 [32m    LOG[39m [38;5;3m[CustomerOrdersService] [39m[32mFetching orders (all branches) by user d26831b8-20ef-4b10-8a1c-737a83d9b21f[39m
[32m[Nest] 32608  - [39m2026. 03. 24. 오전 2:31:57 [32m    LOG[39m [38;5;3m[CustomerOrdersController] [39m[32mUser d26831b8-20ef-4b10-8a1c-737a83d9b21f fetching orders (all branches)[39m
[32m[Nest] 32608  - [39m2026. 03. 24. 오전 2:31:57 [32m    LOG[39m [38;5;3m[CustomerOrdersService] [39m[32mFetching orders (all branches) by user d26831b8-20ef-4b10-8a1c-737a83d9b21f[39m
[32m[Nest] 32608  - [39m2026. 03. 24. 오전 2:31:57 [32m    LOG[39m [38;5;3m[CustomerOrdersService] [39m[32mFetched 0 orders[39m
[32m[Nest] 32608  - [39m2026. 03. 24. 오전 2:31:57 [32m    LOG[39m [38;5;3m[HTTP] [39m[32mGET /customer/orders?page=1&limit=1&dateStart=2026-03-24&dateEnd=2026-03-24&status=READY - 513ms[39m
[32m[Nest] 32608  - [39m2026. 03. 24. 오전 2:31:57 [32m    LOG[39m [38;5;3m[CustomerOrdersService] [39m[32mFetched 0 orders[39m
[32m[Nest] 32608  - [39m2026. 03. 24. 오전 2:31:57 [32m    LOG[39m [38;5;3m[HTTP] [39m[32mGET /customer/orders?page=1&limit=1&dateStart=2026-03-24&dateEnd=2026-03-24&status=CONFIRMED - 518ms[39m
[32m[Nest] 32608  - [39m2026. 03. 24. 오전 2:31:57 [32m    LOG[39m [38;5;3m[CustomerOrdersController] [39m[32mUser d26831b8-20ef-4b10-8a1c-737a83d9b21f fetching orders (all branches)[39m
[32m[Nest] 32608  - [39m2026. 03. 24. 오전 2:31:57 [32m    LOG[39m [38;5;3m[CustomerOrdersService] [39m[32mFetching orders (all branches) by user d26831b8-20ef-4b10-8a1c-737a83d9b21f[39m
[32m[Nest] 32608  - [39m2026. 03. 24. 오전 2:31:57 [32m    LOG[39m [38;5;3m[CustomerOrdersService] [39m[32mFetched 0 orders[39m
[32m[Nest] 32608  - [39m2026. 03. 24. 오전 2:31:57 [32m    LOG[39m [38;5;3m[HTTP] [39m[32mGET /customer/orders?page=1&limit=1&dateStart=2026-03-24&dateEnd=2026-03-24&status=PREPARING - 528ms[39m
[32m[Nest] 32608  - [39m2026. 03. 24. 오전 2:31:57 [32m    LOG[39m [38;5;3m[CustomerOrdersService] [39m[32mFetched 0 orders[39m
[32m[Nest] 32608  - [39m2026. 03. 24. 오전 2:31:57 [32m    LOG[39m [38;5;3m[HTTP] [39m[32mGET /customer/orders?page=1&limit=1&dateStart=2026-03-24&dateEnd=2026-03-24&status=COMPLETED - 527ms[39m
[32m[Nest] 32608  - [39m2026. 03. 24. 오전 2:31:57 [32m    LOG[39m [38;5;3m[CustomerOrdersService] [39m[32mFetched 0 orders[39m
[32m[Nest] 32608  - [39m2026. 03. 24. 오전 2:31:57 [32m    LOG[39m [38;5;3m[HTTP] [39m[32mGET /customer/orders?page=1&limit=1&dateStart=2026-03-24&dateEnd=2026-03-24&status=CANCELLED - 529ms[39m
[32m[Nest] 32608  - [39m2026. 03. 24. 오전 2:31:58 [32m    LOG[39m [38;5;3m[CustomerOrdersService] [39m[32mFetched 0 orders[39m
[32m[Nest] 32608  - [39m2026. 03. 24. 오전 2:31:58 [32m    LOG[39m [38;5;3m[HTTP] [39m[32mGET /customer/orders?page=1&limit=1&dateStart=2026-03-24&dateEnd=2026-03-24&status=REFUNDED - 555ms[39m
[33m[Nest] 32608  - [39m2026. 03. 24. 오전 2:31:58 [33m   WARN[39m [38;5;3m[CustomerOrdersService] [39m[33mFailed to load order payment methods for customer orders: column orders.payment_method does not exist[39m
[32m[Nest] 32608  - [39m2026. 03. 24. 오전 2:31:58 [32m    LOG[39m [38;5;3m[CustomerOrdersService] [39m[32mFetched 1 orders[39m
[32m[Nest] 32608  - [39m2026. 03. 24. 오전 2:31:58 [32m    LOG[39m [38;5;3m[HTTP] [39m[32mGET /customer/orders?page=1&limit=1&dateStart=2026-03-24&dateEnd=2026-03-24&status=CREATED - 1633ms[39m
[32m[Nest] 32608  - [39m2026. 03. 24. 오전 2:32:05 [32m    LOG[39m [38;5;3m[CustomerOrdersController] [39m[32mUser d26831b8-20ef-4b10-8a1c-737a83d9b21f fetching orders (all branches)[39m
[32m[Nest] 32608  - [39m2026. 03. 24. 오전 2:32:05 [32m    LOG[39m [38;5;3m[CustomerOrdersService] [39m[32mFetching orders (all branches) by user d26831b8-20ef-4b10-8a1c-737a83d9b21f[39m
[32m[Nest] 32608  - [39m2026. 03. 24. 오전 2:32:05 [32m    LOG[39m [38;5;3m[CustomerOrdersController] [39m[32mUser d26831b8-20ef-4b10-8a1c-737a83d9b21f fetching orders (all branches)[39m
[32m[Nest] 32608  - [39m2026. 03. 24. 오전 2:32:05 [32m    LOG[39m [38;5;3m[CustomerOrdersService] [39m[32mFetching orders (all branches) by user d26831b8-20ef-4b10-8a1c-737a83d9b21f[39m
[33m[Nest] 32608  - [39m2026. 03. 24. 오전 2:32:06 [33m   WARN[39m [38;5;3m[CustomerOrdersService] [39m[33mFailed to load order payment methods for customer orders: column orders.payment_method does not exist[39m
[33m[Nest] 32608  - [39m2026. 03. 24. 오전 2:32:06 [33m   WARN[39m [38;5;3m[CustomerOrdersService] [39m[33mFailed to load order payment methods for customer orders: column orders.payment_method does not exist[39m
[32m[Nest] 32608  - [39m2026. 03. 24. 오전 2:32:07 [32m    LOG[39m [38;5;3m[CustomerOrdersService] [39m[32mFetched 1 orders[39m
[32m[Nest] 32608  - [39m2026. 03. 24. 오전 2:32:07 [32m    LOG[39m [38;5;3m[HTTP] [39m[32mGET /customer/orders?page=1&limit=1&dateStart=2026-03-24&dateEnd=2026-03-24 - 1619ms[39m
[32m[Nest] 32608  - [39m2026. 03. 24. 오전 2:32:07 [32m    LOG[39m [38;5;3m[CustomerOrdersController] [39m[32mUser d26831b8-20ef-4b10-8a1c-737a83d9b21f fetching orders (all branches)[39m
[32m[Nest] 32608  - [39m2026. 03. 24. 오전 2:32:07 [32m    LOG[39m [38;5;3m[CustomerOrdersService] [39m[32mFetching orders (all branches) by user d26831b8-20ef-4b10-8a1c-737a83d9b21f[39m
[32m[Nest] 32608  - [39m2026. 03. 24. 오전 2:32:07 [32m    LOG[39m [38;5;3m[CustomerOrdersController] [39m[32mUser d26831b8-20ef-4b10-8a1c-737a83d9b21f fetching orders (all branches)[39m
[32m[Nest] 32608  - [39m2026. 03. 24. 오전 2:32:07 [32m    LOG[39m [38;5;3m[CustomerOrdersService] [39m[32mFetching orders (all branches) by user d26831b8-20ef-4b10-8a1c-737a83d9b21f[39m
[32m[Nest] 32608  - [39m2026. 03. 24. 오전 2:32:07 [32m    LOG[39m [38;5;3m[CustomerOrdersController] [39m[32mUser d26831b8-20ef-4b10-8a1c-737a83d9b21f fetching orders (all branches)[39m
[32m[Nest] 32608  - [39m2026. 03. 24. 오전 2:32:07 [32m    LOG[39m [38;5;3m[CustomerOrdersService] [39m[32mFetching orders (all branches) by user d26831b8-20ef-4b10-8a1c-737a83d9b21f[39m
[32m[Nest] 32608  - [39m2026. 03. 24. 오전 2:32:07 [32m    LOG[39m [38;5;3m[CustomerOrdersController] [39m[32mUser d26831b8-20ef-4b10-8a1c-737a83d9b21f fetching orders (all branches)[39m
[32m[Nest] 32608  - [39m2026. 03. 24. 오전 2:32:07 [32m    LOG[39m [38;5;3m[CustomerOrdersService] [39m[32mFetching orders (all branches) by user d26831b8-20ef-4b10-8a1c-737a83d9b21f[39m
[32m[Nest] 32608  - [39m2026. 03. 24. 오전 2:32:07 [32m    LOG[39m [38;5;3m[CustomerOrdersController] [39m[32mUser d26831b8-20ef-4b10-8a1c-737a83d9b21f fetching orders (all branches)[39m
[32m[Nest] 32608  - [39m2026. 03. 24. 오전 2:32:07 [32m    LOG[39m [38;5;3m[CustomerOrdersService] [39m[32mFetching orders (all branches) by user d26831b8-20ef-4b10-8a1c-737a83d9b21f[39m
[32m[Nest] 32608  - [39m2026. 03. 24. 오전 2:32:07 [32m    LOG[39m [38;5;3m[CustomerOrdersService] [39m[32mFetched 8 orders[39m
[32m[Nest] 32608  - [39m2026. 03. 24. 오전 2:32:07 [32m    LOG[39m [38;5;3m[HTTP] [39m[32mGET /customer/orders?page=1&limit=20&dateStart=2026-03-24&dateEnd=2026-03-24 - 1667ms[39m
[32m[Nest] 32608  - [39m2026. 03. 24. 오전 2:32:07 [32m    LOG[39m [38;5;3m[CustomerOrdersController] [39m[32mUser d26831b8-20ef-4b10-8a1c-737a83d9b21f fetching orders (all branches)[39m
[32m[Nest] 32608  - [39m2026. 03. 24. 오전 2:32:07 [32m    LOG[39m [38;5;3m[CustomerOrdersService] [39m[32mFetching orders (all branches) by user d26831b8-20ef-4b10-8a1c-737a83d9b21f[39m
[32m[Nest] 32608  - [39m2026. 03. 24. 오전 2:32:07 [32m    LOG[39m [38;5;3m[CustomerOrdersService] [39m[32mFetched 0 orders[39m
[32m[Nest] 32608  - [39m2026. 03. 24. 오전 2:32:07 [32m    LOG[39m [38;5;3m[HTTP] [39m[32mGET /customer/orders?page=1&limit=1&dateStart=2026-03-24&dateEnd=2026-03-24&status=COMPLETED - 531ms[39m
[32m[Nest] 32608  - [39m2026. 03. 24. 오전 2:32:07 [32m    LOG[39m [38;5;3m[CustomerOrdersService] [39m[32mFetched 0 orders[39m
[32m[Nest] 32608  - [39m2026. 03. 24. 오전 2:32:07 [32m    LOG[39m [38;5;3m[HTTP] [39m[32mGET /customer/orders?page=1&limit=1&dateStart=2026-03-24&dateEnd=2026-03-24&status=READY - 537ms[39m
[32m[Nest] 32608  - [39m2026. 03. 24. 오전 2:32:07 [32m    LOG[39m [38;5;3m[CustomerOrdersController] [39m[32mUser d26831b8-20ef-4b10-8a1c-737a83d9b21f fetching orders (all branches)[39m
[32m[Nest] 32608  - [39m2026. 03. 24. 오전 2:32:07 [32m    LOG[39m [38;5;3m[CustomerOrdersService] [39m[32mFetching orders (all branches) by user d26831b8-20ef-4b10-8a1c-737a83d9b21f[39m
[32m[Nest] 32608  - [39m2026. 03. 24. 오전 2:32:07 [32m    LOG[39m [38;5;3m[CustomerOrdersService] [39m[32mFetched 0 orders[39m
[32m[Nest] 32608  - [39m2026. 03. 24. 오전 2:32:07 [32m    LOG[39m [38;5;3m[HTTP] [39m[32mGET /customer/orders?page=1&limit=1&dateStart=2026-03-24&dateEnd=2026-03-24&status=PREPARING - 542ms[39m
[32m[Nest] 32608  - [39m2026. 03. 24. 오전 2:32:07 [32m    LOG[39m [38;5;3m[CustomerOrdersService] [39m[32mFetched 0 orders[39m
[32m[Nest] 32608  - [39m2026. 03. 24. 오전 2:32:07 [32m    LOG[39m [38;5;3m[HTTP] [39m[32mGET /customer/orders?page=1&limit=1&dateStart=2026-03-24&dateEnd=2026-03-24&status=CONFIRMED - 557ms[39m
[32m[Nest] 32608  - [39m2026. 03. 24. 오전 2:32:07 [32m    LOG[39m [38;5;3m[CustomerOrdersService] [39m[32mFetched 0 orders[39m
[32m[Nest] 32608  - [39m2026. 03. 24. 오전 2:32:07 [32m    LOG[39m [38;5;3m[HTTP] [39m[32mGET /customer/orders?page=1&limit=1&dateStart=2026-03-24&dateEnd=2026-03-24&status=CANCELLED - 529ms[39m
[32m[Nest] 32608  - [39m2026. 03. 24. 오전 2:32:08 [32m    LOG[39m [38;5;3m[CustomerOrdersService] [39m[32mFetched 0 orders[39m
[32m[Nest] 32608  - [39m2026. 03. 24. 오전 2:32:08 [32m    LOG[39m [38;5;3m[HTTP] [39m[32mGET /customer/orders?page=1&limit=1&dateStart=2026-03-24&dateEnd=2026-03-24&status=REFUNDED - 498ms[39m
[33m[Nest] 32608  - [39m2026. 03. 24. 오전 2:32:08 [33m   WARN[39m [38;5;3m[CustomerOrdersService] [39m[33mFailed to load order payment methods for customer orders: column orders.payment_method does not exist[39m
[32m[Nest] 32608  - [39m2026. 03. 24. 오전 2:32:08 [32m    LOG[39m [38;5;3m[CustomerOrdersService] [39m[32mFetched 1 orders[39m
[32m[Nest] 32608  - [39m2026. 03. 24. 오전 2:32:08 [32m    LOG[39m [38;5;3m[HTTP] [39m[32mGET /customer/orders?page=1&limit=1&dateStart=2026-03-24&dateEnd=2026-03-24&status=CREATED - 1558ms[39m
[33m[Nest] 32608  - [39m2026. 03. 24. 오전 2:32:14 [33m   WARN[39m [38;5;3m[DepositSyncService] [39m[33mDuplicate deposit sheet mapping detected for "시트1" in spreadsheet "1MSwPe5z2ebuU1xNginda2Rt4d4sLrBXh9p5M4rNSKPI". Only the first branch will be used.[39m
[32m[Nest] 32608  - [39m2026. 03. 24. 오전 2:32:15 [32m    LOG[39m [38;5;3m[CustomerOrdersController] [39m[32mUser d26831b8-20ef-4b10-8a1c-737a83d9b21f fetching orders (all branches)[39m
[32m[Nest] 32608  - [39m2026. 03. 24. 오전 2:32:15 [32m    LOG[39m [38;5;3m[CustomerOrdersService] [39m[32mFetching orders (all branches) by user d26831b8-20ef-4b10-8a1c-737a83d9b21f[39m
[32m[Nest] 32608  - [39m2026. 03. 24. 오전 2:32:15 [32m    LOG[39m [38;5;3m[CustomerOrdersController] [39m[32mUser d26831b8-20ef-4b10-8a1c-737a83d9b21f fetching orders (all branches)[39m
[32m[Nest] 32608  - [39m2026. 03. 24. 오전 2:32:15 [32m    LOG[39m [38;5;3m[CustomerOrdersService] [39m[32mFetching orders (all branches) by user d26831b8-20ef-4b10-8a1c-737a83d9b21f[39m
[33m[Nest] 32608  - [39m2026. 03. 24. 오전 2:32:16 [33m   WARN[39m [38;5;3m[CustomerOrdersService] [39m[33mFailed to load order payment methods for customer orders: column orders.payment_method does not exist[39m
[33m[Nest] 32608  - [39m2026. 03. 24. 오전 2:32:16 [33m   WARN[39m [38;5;3m[CustomerOrdersService] [39m[33mFailed to load order payment methods for customer orders: column orders.payment_method does not exist[39m
[32m[Nest] 32608  - [39m2026. 03. 24. 오전 2:32:16 [32m    LOG[39m [38;5;3m[CustomerOrdersService] [39m[32mFetched 1 orders[39m
[32m[Nest] 32608  - [39m2026. 03. 24. 오전 2:32:16 [32m    LOG[39m [38;5;3m[HTTP] [39m[32mGET /customer/orders?page=1&limit=1&dateStart=2026-03-24&dateEnd=2026-03-24 - 1459ms[39m
[32m[Nest] 32608  - [39m2026. 03. 24. 오전 2:32:16 [32m    LOG[39m [38;5;3m[CustomerOrdersController] [39m[32mUser d26831b8-20ef-4b10-8a1c-737a83d9b21f fetching orders (all branches)[39m
[32m[Nest] 32608  - [39m2026. 03. 24. 오전 2:32:16 [32m    LOG[39m [38;5;3m[CustomerOrdersService] [39m[32mFetching orders (all branches) by user d26831b8-20ef-4b10-8a1c-737a83d9b21f[39m
[32m[Nest] 32608  - [39m2026. 03. 24. 오전 2:32:16 [32m    LOG[39m [38;5;3m[CustomerOrdersController] [39m[32mUser d26831b8-20ef-4b10-8a1c-737a83d9b21f fetching orders (all branches)[39m
[32m[Nest] 32608  - [39m2026. 03. 24. 오전 2:32:16 [32m    LOG[39m [38;5;3m[CustomerOrdersService] [39m[32mFetching orders (all branches) by user d26831b8-20ef-4b10-8a1c-737a83d9b21f[39m
[32m[Nest] 32608  - [39m2026. 03. 24. 오전 2:32:16 [32m    LOG[39m [38;5;3m[CustomerOrdersController] [39m[32mUser d26831b8-20ef-4b10-8a1c-737a83d9b21f fetching orders (all branches)[39m
[32m[Nest] 32608  - [39m2026. 03. 24. 오전 2:32:16 [32m    LOG[39m [38;5;3m[CustomerOrdersService] [39m[32mFetching orders (all branches) by user d26831b8-20ef-4b10-8a1c-737a83d9b21f[39m
[32m[Nest] 32608  - [39m2026. 03. 24. 오전 2:32:16 [32m    LOG[39m [38;5;3m[CustomerOrdersController] [39m[32mUser d26831b8-20ef-4b10-8a1c-737a83d9b21f fetching orders (all branches)[39m
[32m[Nest] 32608  - [39m2026. 03. 24. 오전 2:32:16 [32m    LOG[39m [38;5;3m[CustomerOrdersService] [39m[32mFetching orders (all branches) by user d26831b8-20ef-4b10-8a1c-737a83d9b21f[39m
[32m[Nest] 32608  - [39m2026. 03. 24. 오전 2:32:16 [32m    LOG[39m [38;5;3m[CustomerOrdersController] [39m[32mUser d26831b8-20ef-4b10-8a1c-737a83d9b21f fetching orders (all branches)[39m
[32m[Nest] 32608  - [39m2026. 03. 24. 오전 2:32:16 [32m    LOG[39m [38;5;3m[CustomerOrdersService] [39m[32mFetching orders (all branches) by user d26831b8-20ef-4b10-8a1c-737a83d9b21f[39m
[32m[Nest] 32608  - [39m2026. 03. 24. 오전 2:32:17 [32m    LOG[39m [38;5;3m[CustomerOrdersService] [39m[32mFetched 8 orders[39m
[32m[Nest] 32608  - [39m2026. 03. 24. 오전 2:32:17 [32m    LOG[39m [38;5;3m[HTTP] [39m[32mGET /customer/orders?page=1&limit=20&dateStart=2026-03-24&dateEnd=2026-03-24 - 1527ms[39m
[32m[Nest] 32608  - [39m2026. 03. 24. 오전 2:32:17 [32m    LOG[39m [38;5;3m[CustomerOrdersController] [39m[32mUser d26831b8-20ef-4b10-8a1c-737a83d9b21f fetching orders (all branches)[39m
[32m[Nest] 32608  - [39m2026. 03. 24. 오전 2:32:17 [32m    LOG[39m [38;5;3m[CustomerOrdersService] [39m[32mFetching orders (all branches) by user d26831b8-20ef-4b10-8a1c-737a83d9b21f[39m
[32m[Nest] 32608  - [39m2026. 03. 24. 오전 2:32:17 [32m    LOG[39m [38;5;3m[CustomerOrdersService] [39m[32mFetched 0 orders[39m
[32m[Nest] 32608  - [39m2026. 03. 24. 오전 2:32:17 [32m    LOG[39m [38;5;3m[HTTP] [39m[32mGET /customer/orders?page=1&limit=1&dateStart=2026-03-24&dateEnd=2026-03-24&status=CONFIRMED - 496ms[39m
[32m[Nest] 32608  - [39m2026. 03. 24. 오전 2:32:17 [32m    LOG[39m [38;5;3m[CustomerOrdersController] [39m[32mUser d26831b8-20ef-4b10-8a1c-737a83d9b21f fetching orders (all branches)[39m
[32m[Nest] 32608  - [39m2026. 03. 24. 오전 2:32:17 [32m    LOG[39m [38;5;3m[CustomerOrdersService] [39m[32mFetching orders (all branches) by user d26831b8-20ef-4b10-8a1c-737a83d9b21f[39m
[32m[Nest] 32608  - [39m2026. 03. 24. 오전 2:32:17 [32m    LOG[39m [38;5;3m[CustomerOrdersService] [39m[32mFetched 0 orders[39m
[32m[Nest] 32608  - [39m2026. 03. 24. 오전 2:32:17 [32m    LOG[39m [38;5;3m[HTTP] [39m[32mGET /customer/orders?page=1&limit=1&dateStart=2026-03-24&dateEnd=2026-03-24&status=COMPLETED - 525ms[39m
[32m[Nest] 32608  - [39m2026. 03. 24. 오전 2:32:17 [32m    LOG[39m [38;5;3m[CustomerOrdersService] [39m[32mFetched 0 orders[39m
[32m[Nest] 32608  - [39m2026. 03. 24. 오전 2:32:17 [32m    LOG[39m [38;5;3m[HTTP] [39m[32mGET /customer/orders?page=1&limit=1&dateStart=2026-03-24&dateEnd=2026-03-24&status=READY - 534ms[39m
[32m[Nest] 32608  - [39m2026. 03. 24. 오전 2:32:17 [32m    LOG[39m [38;5;3m[CustomerOrdersService] [39m[32mFetched 0 orders[39m
[32m[Nest] 32608  - [39m2026. 03. 24. 오전 2:32:17 [32m    LOG[39m [38;5;3m[HTTP] [39m[32mGET /customer/orders?page=1&limit=1&dateStart=2026-03-24&dateEnd=2026-03-24&status=CANCELLED - 515ms[39m
[32m[Nest] 32608  - [39m2026. 03. 24. 오전 2:32:17 [32m    LOG[39m [38;5;3m[CustomerOrdersService] [39m[32mFetched 0 orders[39m
[32m[Nest] 32608  - [39m2026. 03. 24. 오전 2:32:17 [32m    LOG[39m [38;5;3m[HTTP] [39m[32mGET /customer/orders?page=1&limit=1&dateStart=2026-03-24&dateEnd=2026-03-24&status=PREPARING - 619ms[39m
[33m[Nest] 32608  - [39m2026. 03. 24. 오전 2:32:17 [33m   WARN[39m [38;5;3m[CustomerOrdersService] [39m[33mFailed to load order payment methods for customer orders: column orders.payment_method does not exist[39m
[32m[Nest] 32608  - [39m2026. 03. 24. 오전 2:32:17 [32m    LOG[39m [38;5;3m[CustomerOrdersService] [39m[32mFetched 0 orders[39m
[32m[Nest] 32608  - [39m2026. 03. 24. 오전 2:32:17 [32m    LOG[39m [38;5;3m[HTTP] [39m[32mGET /customer/orders?page=1&limit=1&dateStart=2026-03-24&dateEnd=2026-03-24&status=REFUNDED - 502ms[39m
[32m[Nest] 32608  - [39m2026. 03. 24. 오전 2:32:18 [32m    LOG[39m [38;5;3m[CustomerOrdersService] [39m[32mFetched 1 orders[39m
[32m[Nest] 32608  - [39m2026. 03. 24. 오전 2:32:18 [32m    LOG[39m [38;5;3m[HTTP] [39m[32mGET /customer/orders?page=1&limit=1&dateStart=2026-03-24&dateEnd=2026-03-24&status=CREATED - 1512ms[39m
[32m[Nest] 32608  - [39m2026. 03. 24. 오전 2:32:21 [32m    LOG[39m [38;5;3m[CustomerGuard] [39m[32mCustomerGuard: User d26831b8-20ef-4b10-8a1c-737a83d9b21f authorized with 1 brand(s) and 0 branch(es)[39m
[32m[Nest] 32608  - [39m2026. 03. 24. 오전 2:32:21 [32m    LOG[39m [38;5;3m[CustomerBranchesController] [39m[32mUser d26831b8-20ef-4b10-8a1c-737a83d9b21f fetching branches (all)[39m
[32m[Nest] 32608  - [39m2026. 03. 24. 오전 2:32:21 [32m    LOG[39m [38;5;3m[CustomerBranchesService] [39m[32mFetching all accessible branches for user d26831b8-20ef-4b10-8a1c-737a83d9b21f[39m
[32m[Nest] 32608  - [39m2026. 03. 24. 오전 2:32:21 [32m    LOG[39m [38;5;3m[CustomerBranchesService] [39m[32mFetched 3 accessible branches for user d26831b8-20ef-4b10-8a1c-737a83d9b21f[39m
[32m[Nest] 32608  - [39m2026. 03. 24. 오전 2:32:21 [32m    LOG[39m [38;5;3m[HTTP] [39m[32mGET /customer/branches - 163ms[39m
[32m[Nest] 32608  - [39m2026. 03. 24. 오전 2:32:21 [32m    LOG[39m [38;5;3m[CustomerGuard] [39m[32mCustomerGuard: User d26831b8-20ef-4b10-8a1c-737a83d9b21f authorized with 1 brand(s) and 0 branch(es)[39m
[32m[Nest] 32608  - [39m2026. 03. 24. 오전 2:32:21 [32m    LOG[39m [38;5;3m[CustomerBrandsService] [39m[32mFetching brands for user: d26831b8-20ef-4b10-8a1c-737a83d9b21f[39m
[32m[Nest] 32608  - [39m2026. 03. 24. 오전 2:32:21 [32m    LOG[39m [38;5;3m[CustomerBrandsService] [39m[32mFetched 1 brands for user: d26831b8-20ef-4b10-8a1c-737a83d9b21f[39m
[32m[Nest] 32608  - [39m2026. 03. 24. 오전 2:32:21 [32m    LOG[39m [38;5;3m[HTTP] [39m[32mGET /customer/brands - 163ms[39m
[32m[Nest] 32608  - [39m2026. 03. 24. 오전 2:32:22 [32m    LOG[39m [38;5;3m[CustomerOrdersController] [39m[32mUser d26831b8-20ef-4b10-8a1c-737a83d9b21f fetching orders (all branches)[39m
[32m[Nest] 32608  - [39m2026. 03. 24. 오전 2:32:22 [32m    LOG[39m [38;5;3m[CustomerOrdersService] [39m[32mFetching orders (all branches) by user d26831b8-20ef-4b10-8a1c-737a83d9b21f[39m
[32m[Nest] 32608  - [39m2026. 03. 24. 오전 2:32:22 [32m    LOG[39m [38;5;3m[CustomerOrdersController] [39m[32mUser d26831b8-20ef-4b10-8a1c-737a83d9b21f fetching orders (all branches)[39m
[32m[Nest] 32608  - [39m2026. 03. 24. 오전 2:32:22 [32m    LOG[39m [38;5;3m[CustomerOrdersService] [39m[32mFetching orders (all branches) by user d26831b8-20ef-4b10-8a1c-737a83d9b21f[39m
[33m[Nest] 32608  - [39m2026. 03. 24. 오전 2:32:23 [33m   WARN[39m [38;5;3m[CustomerOrdersService] [39m[33mFailed to load order payment methods for customer orders: column orders.payment_method does not exist[39m
[33m[Nest] 32608  - [39m2026. 03. 24. 오전 2:32:23 [33m   WARN[39m [38;5;3m[CustomerOrdersService] [39m[33mFailed to load order payment methods for customer orders: column orders.payment_method does not exist[39m
[32m[Nest] 32608  - [39m2026. 03. 24. 오전 2:32:23 [32m    LOG[39m [38;5;3m[CustomerOrdersService] [39m[32mFetched 1 orders[39m
[32m[Nest] 32608  - [39m2026. 03. 24. 오전 2:32:23 [32m    LOG[39m [38;5;3m[HTTP] [39m[32mGET /customer/orders?page=1&limit=1&dateStart=2026-03-24&dateEnd=2026-03-24 - 1472ms[39m
[32m[Nest] 32608  - [39m2026. 03. 24. 오전 2:32:23 [32m    LOG[39m [38;5;3m[CustomerOrdersController] [39m[32mUser d26831b8-20ef-4b10-8a1c-737a83d9b21f fetching orders (all branches)[39m
[32m[Nest] 32608  - [39m2026. 03. 24. 오전 2:32:23 [32m    LOG[39m [38;5;3m[CustomerOrdersService] [39m[32mFetching orders (all branches) by user d26831b8-20ef-4b10-8a1c-737a83d9b21f[39m
[32m[Nest] 32608  - [39m2026. 03. 24. 오전 2:32:23 [32m    LOG[39m [38;5;3m[CustomerOrdersController] [39m[32mUser d26831b8-20ef-4b10-8a1c-737a83d9b21f fetching orders (all branches)[39m
[32m[Nest] 32608  - [39m2026. 03. 24. 오전 2:32:23 [32m    LOG[39m [38;5;3m[CustomerOrdersService] [39m[32mFetching orders (all branches) by user d26831b8-20ef-4b10-8a1c-737a83d9b21f[39m
[32m[Nest] 32608  - [39m2026. 03. 24. 오전 2:32:23 [32m    LOG[39m [38;5;3m[CustomerOrdersController] [39m[32mUser d26831b8-20ef-4b10-8a1c-737a83d9b21f fetching orders (all branches)[39m
[32m[Nest] 32608  - [39m2026. 03. 24. 오전 2:32:23 [32m    LOG[39m [38;5;3m[CustomerOrdersService] [39m[32mFetching orders (all branches) by user d26831b8-20ef-4b10-8a1c-737a83d9b21f[39m
[32m[Nest] 32608  - [39m2026. 03. 24. 오전 2:32:23 [32m    LOG[39m [38;5;3m[CustomerOrdersController] [39m[32mUser d26831b8-20ef-4b10-8a1c-737a83d9b21f fetching orders (all branches)[39m
[32m[Nest] 32608  - [39m2026. 03. 24. 오전 2:32:23 [32m    LOG[39m [38;5;3m[CustomerOrdersService] [39m[32mFetching orders (all branches) by user d26831b8-20ef-4b10-8a1c-737a83d9b21f[39m
[32m[Nest] 32608  - [39m2026. 03. 24. 오전 2:32:23 [32m    LOG[39m [38;5;3m[CustomerOrdersController] [39m[32mUser d26831b8-20ef-4b10-8a1c-737a83d9b21f fetching orders (all branches)[39m
[32m[Nest] 32608  - [39m2026. 03. 24. 오전 2:32:23 [32m    LOG[39m [38;5;3m[CustomerOrdersService] [39m[32mFetching orders (all branches) by user d26831b8-20ef-4b10-8a1c-737a83d9b21f[39m
[32m[Nest] 32608  - [39m2026. 03. 24. 오전 2:32:23 [32m    LOG[39m [38;5;3m[CustomerOrdersService] [39m[32mFetched 8 orders[39m
[32m[Nest] 32608  - [39m2026. 03. 24. 오전 2:32:23 [32m    LOG[39m [38;5;3m[HTTP] [39m[32mGET /customer/orders?page=1&limit=20&dateStart=2026-03-24&dateEnd=2026-03-24 - 1500ms[39m
[32m[Nest] 32608  - [39m2026. 03. 24. 오전 2:32:23 [32m    LOG[39m [38;5;3m[CustomerOrdersController] [39m[32mUser d26831b8-20ef-4b10-8a1c-737a83d9b21f fetching orders (all branches)[39m
[32m[Nest] 32608  - [39m2026. 03. 24. 오전 2:32:23 [32m    LOG[39m [38;5;3m[CustomerOrdersService] [39m[32mFetching orders (all branches) by user d26831b8-20ef-4b10-8a1c-737a83d9b21f[39m
[32m[Nest] 32608  - [39m2026. 03. 24. 오전 2:32:24 [32m    LOG[39m [38;5;3m[CustomerOrdersService] [39m[32mFetched 0 orders[39m
[32m[Nest] 32608  - [39m2026. 03. 24. 오전 2:32:24 [32m    LOG[39m [38;5;3m[HTTP] [39m[32mGET /customer/orders?page=1&limit=1&dateStart=2026-03-24&dateEnd=2026-03-24&status=CONFIRMED - 513ms[39m
[32m[Nest] 32608  - [39m2026. 03. 24. 오전 2:32:24 [32m    LOG[39m [38;5;3m[CustomerOrdersController] [39m[32mUser d26831b8-20ef-4b10-8a1c-737a83d9b21f fetching orders (all branches)[39m
[32m[Nest] 32608  - [39m2026. 03. 24. 오전 2:32:24 [32m    LOG[39m [38;5;3m[CustomerOrdersService] [39m[32mFetching orders (all branches) by user d26831b8-20ef-4b10-8a1c-737a83d9b21f[39m
[32m[Nest] 32608  - [39m2026. 03. 24. 오전 2:32:24 [32m    LOG[39m [38;5;3m[CustomerOrdersService] [39m[32mFetched 0 orders[39m
[32m[Nest] 32608  - [39m2026. 03. 24. 오전 2:32:24 [32m    LOG[39m [38;5;3m[HTTP] [39m[32mGET /customer/orders?page=1&limit=1&dateStart=2026-03-24&dateEnd=2026-03-24&status=READY - 519ms[39m
[32m[Nest] 32608  - [39m2026. 03. 24. 오전 2:32:24 [32m    LOG[39m [38;5;3m[CustomerOrdersService] [39m[32mFetched 0 orders[39m
[32m[Nest] 32608  - [39m2026. 03. 24. 오전 2:32:24 [32m    LOG[39m [38;5;3m[HTTP] [39m[32mGET /customer/orders?page=1&limit=1&dateStart=2026-03-24&dateEnd=2026-03-24&status=COMPLETED - 538ms[39m
[32m[Nest] 32608  - [39m2026. 03. 24. 오전 2:32:24 [32m    LOG[39m [38;5;3m[CustomerOrdersService] [39m[32mFetched 0 orders[39m
[32m[Nest] 32608  - [39m2026. 03. 24. 오전 2:32:24 [32m    LOG[39m [38;5;3m[HTTP] [39m[32mGET /customer/orders?page=1&limit=1&dateStart=2026-03-24&dateEnd=2026-03-24&status=PREPARING - 559ms[39m
[32m[Nest] 32608  - [39m2026. 03. 24. 오전 2:32:24 [32m    LOG[39m [38;5;3m[CustomerOrdersService] [39m[32mFetched 0 orders[39m
[32m[Nest] 32608  - [39m2026. 03. 24. 오전 2:32:24 [32m    LOG[39m [38;5;3m[HTTP] [39m[32mGET /customer/orders?page=1&limit=1&dateStart=2026-03-24&dateEnd=2026-03-24&status=CANCELLED - 557ms[39m
[33m[Nest] 32608  - [39m2026. 03. 24. 오전 2:32:24 [33m   WARN[39m [38;5;3m[CustomerOrdersService] [39m[33mFailed to load order payment methods for customer orders: column orders.payment_method does not exist[39m
[32m[Nest] 32608  - [39m2026. 03. 24. 오전 2:32:24 [32m    LOG[39m [38;5;3m[CustomerOrdersService] [39m[32mFetched 0 orders[39m
[32m[Nest] 32608  - [39m2026. 03. 24. 오전 2:32:24 [32m    LOG[39m [38;5;3m[HTTP] [39m[32mGET /customer/orders?page=1&limit=1&dateStart=2026-03-24&dateEnd=2026-03-24&status=REFUNDED - 507ms[39m
[32m[Nest] 32608  - [39m2026. 03. 24. 오전 2:32:25 [32m    LOG[39m [38;5;3m[CustomerOrdersService] [39m[32mFetched 1 orders[39m
[32m[Nest] 32608  - [39m2026. 03. 24. 오전 2:32:25 [32m    LOG[39m [38;5;3m[HTTP] [39m[32mGET /customer/orders?page=1&limit=1&dateStart=2026-03-24&dateEnd=2026-03-24&status=CREATED - 1524ms[39m
[32m[Nest] 32608  - [39m2026. 03. 24. 오전 2:32:32 [32m    LOG[39m [38;5;3m[CustomerGuard] [39m[32mCustomerGuard: User d26831b8-20ef-4b10-8a1c-737a83d9b21f authorized with 1 brand(s) and 0 branch(es)[39m
[32m[Nest] 32608  - [39m2026. 03. 24. 오전 2:32:32 [32m    LOG[39m [38;5;3m[CustomerOrdersController] [39m[32mUser d26831b8-20ef-4b10-8a1c-737a83d9b21f fetching orders (all branches)[39m
[32m[Nest] 32608  - [39m2026. 03. 24. 오전 2:32:32 [32m    LOG[39m [38;5;3m[CustomerOrdersService] [39m[32mFetching orders (all branches) by user d26831b8-20ef-4b10-8a1c-737a83d9b21f[39m
[32m[Nest] 32608  - [39m2026. 03. 24. 오전 2:32:32 [32m    LOG[39m [38;5;3m[CustomerGuard] [39m[32mCustomerGuard: User d26831b8-20ef-4b10-8a1c-737a83d9b21f authorized with 1 brand(s) and 0 branch(es)[39m
[32m[Nest] 32608  - [39m2026. 03. 24. 오전 2:32:32 [32m    LOG[39m [38;5;3m[CustomerOrdersController] [39m[32mUser d26831b8-20ef-4b10-8a1c-737a83d9b21f fetching orders (all branches)[39m
[32m[Nest] 32608  - [39m2026. 03. 24. 오전 2:32:32 [32m    LOG[39m [38;5;3m[CustomerOrdersService] [39m[32mFetching orders (all branches) by user d26831b8-20ef-4b10-8a1c-737a83d9b21f[39m
[33m[Nest] 32608  - [39m2026. 03. 24. 오전 2:32:33 [33m   WARN[39m [38;5;3m[CustomerOrdersService] [39m[33mFailed to load order payment methods for customer orders: column orders.payment_method does not exist[39m
[33m[Nest] 32608  - [39m2026. 03. 24. 오전 2:32:33 [33m   WARN[39m [38;5;3m[CustomerOrdersService] [39m[33mFailed to load order payment methods for customer orders: column orders.payment_method does not exist[39m
[32m[Nest] 32608  - [39m2026. 03. 24. 오전 2:32:34 [32m    LOG[39m [38;5;3m[CustomerOrdersService] [39m[32mFetched 1 orders[39m
[32m[Nest] 32608  - [39m2026. 03. 24. 오전 2:32:34 [32m    LOG[39m [38;5;3m[HTTP] [39m[32mGET /customer/orders?page=1&limit=1&dateStart=2026-03-24&dateEnd=2026-03-24 - 1726ms[39m
[32m[Nest] 32608  - [39m2026. 03. 24. 오전 2:32:34 [32m    LOG[39m [38;5;3m[CustomerOrdersController] [39m[32mUser d26831b8-20ef-4b10-8a1c-737a83d9b21f fetching orders (all branches)[39m
[32m[Nest] 32608  - [39m2026. 03. 24. 오전 2:32:34 [32m    LOG[39m [38;5;3m[CustomerOrdersService] [39m[32mFetching orders (all branches) by user d26831b8-20ef-4b10-8a1c-737a83d9b21f[39m
[32m[Nest] 32608  - [39m2026. 03. 24. 오전 2:32:34 [32m    LOG[39m [38;5;3m[CustomerOrdersController] [39m[32mUser d26831b8-20ef-4b10-8a1c-737a83d9b21f fetching orders (all branches)[39m
[32m[Nest] 32608  - [39m2026. 03. 24. 오전 2:32:34 [32m    LOG[39m [38;5;3m[CustomerOrdersService] [39m[32mFetching orders (all branches) by user d26831b8-20ef-4b10-8a1c-737a83d9b21f[39m
[32m[Nest] 32608  - [39m2026. 03. 24. 오전 2:32:34 [32m    LOG[39m [38;5;3m[CustomerOrdersController] [39m[32mUser d26831b8-20ef-4b10-8a1c-737a83d9b21f fetching orders (all branches)[39m
[32m[Nest] 32608  - [39m2026. 03. 24. 오전 2:32:34 [32m    LOG[39m [38;5;3m[CustomerOrdersService] [39m[32mFetching orders (all branches) by user d26831b8-20ef-4b10-8a1c-737a83d9b21f[39m
[32m[Nest] 32608  - [39m2026. 03. 24. 오전 2:32:34 [32m    LOG[39m [38;5;3m[CustomerOrdersController] [39m[32mUser d26831b8-20ef-4b10-8a1c-737a83d9b21f fetching orders (all branches)[39m
[32m[Nest] 32608  - [39m2026. 03. 24. 오전 2:32:34 [32m    LOG[39m [38;5;3m[CustomerOrdersService] [39m[32mFetching orders (all branches) by user d26831b8-20ef-4b10-8a1c-737a83d9b21f[39m
[32m[Nest] 32608  - [39m2026. 03. 24. 오전 2:32:34 [32m    LOG[39m [38;5;3m[CustomerOrdersController] [39m[32mUser d26831b8-20ef-4b10-8a1c-737a83d9b21f fetching orders (all branches)[39m
[32m[Nest] 32608  - [39m2026. 03. 24. 오전 2:32:34 [32m    LOG[39m [38;5;3m[CustomerOrdersService] [39m[32mFetching orders (all branches) by user d26831b8-20ef-4b10-8a1c-737a83d9b21f[39m
[32m[Nest] 32608  - [39m2026. 03. 24. 오전 2:32:34 [32m    LOG[39m [38;5;3m[CustomerOrdersService] [39m[32mFetched 8 orders[39m
[32m[Nest] 32608  - [39m2026. 03. 24. 오전 2:32:34 [32m    LOG[39m [38;5;3m[HTTP] [39m[32mGET /customer/orders?page=1&limit=20&dateStart=2026-03-24&dateEnd=2026-03-24 - 1828ms[39m
[32m[Nest] 32608  - [39m2026. 03. 24. 오전 2:32:34 [32m    LOG[39m [38;5;3m[CustomerOrdersController] [39m[32mUser d26831b8-20ef-4b10-8a1c-737a83d9b21f fetching orders (all branches)[39m
[32m[Nest] 32608  - [39m2026. 03. 24. 오전 2:32:34 [32m    LOG[39m [38;5;3m[CustomerOrdersService] [39m[32mFetching orders (all branches) by user d26831b8-20ef-4b10-8a1c-737a83d9b21f[39m
[32m[Nest] 32608  - [39m2026. 03. 24. 오전 2:32:34 [32m    LOG[39m [38;5;3m[CustomerOrdersService] [39m[32mFetched 0 orders[39m
[32m[Nest] 32608  - [39m2026. 03. 24. 오전 2:32:34 [32m    LOG[39m [38;5;3m[HTTP] [39m[32mGET /customer/orders?page=1&limit=1&dateStart=2026-03-24&dateEnd=2026-03-24&status=READY - 503ms[39m
[32m[Nest] 32608  - [39m2026. 03. 24. 오전 2:32:34 [32m    LOG[39m [38;5;3m[CustomerOrdersController] [39m[32mUser d26831b8-20ef-4b10-8a1c-737a83d9b21f fetching orders (all branches)[39m
[32m[Nest] 32608  - [39m2026. 03. 24. 오전 2:32:34 [32m    LOG[39m [38;5;3m[CustomerOrdersService] [39m[32mFetching orders (all branches) by user d26831b8-20ef-4b10-8a1c-737a83d9b21f[39m
[32m[Nest] 32608  - [39m2026. 03. 24. 오전 2:32:34 [32m    LOG[39m [38;5;3m[CustomerOrdersService] [39m[32mFetched 0 orders[39m
[32m[Nest] 32608  - [39m2026. 03. 24. 오전 2:32:34 [32m    LOG[39m [38;5;3m[HTTP] [39m[32mGET /customer/orders?page=1&limit=1&dateStart=2026-03-24&dateEnd=2026-03-24&status=PREPARING - 517ms[39m
[32m[Nest] 32608  - [39m2026. 03. 24. 오전 2:32:34 [32m    LOG[39m [38;5;3m[CustomerOrdersService] [39m[32mFetched 0 orders[39m
[32m[Nest] 32608  - [39m2026. 03. 24. 오전 2:32:34 [32m    LOG[39m [38;5;3m[HTTP] [39m[32mGET /customer/orders?page=1&limit=1&dateStart=2026-03-24&dateEnd=2026-03-24&status=CONFIRMED - 525ms[39m
[32m[Nest] 32608  - [39m2026. 03. 24. 오전 2:32:34 [32m    LOG[39m [38;5;3m[CustomerOrdersService] [39m[32mFetched 0 orders[39m
[32m[Nest] 32608  - [39m2026. 03. 24. 오전 2:32:34 [32m    LOG[39m [38;5;3m[HTTP] [39m[32mGET /customer/orders?page=1&limit=1&dateStart=2026-03-24&dateEnd=2026-03-24&status=COMPLETED - 517ms[39m
[32m[Nest] 32608  - [39m2026. 03. 24. 오전 2:32:34 [32m    LOG[39m [38;5;3m[CustomerOrdersService] [39m[32mFetched 0 orders[39m
[32m[Nest] 32608  - [39m2026. 03. 24. 오전 2:32:34 [32m    LOG[39m [38;5;3m[HTTP] [39m[32mGET /customer/orders?page=1&limit=1&dateStart=2026-03-24&dateEnd=2026-03-24&status=CANCELLED - 503ms[39m
[32m[Nest] 32608  - [39m2026. 03. 24. 오전 2:32:35 [32m    LOG[39m [38;5;3m[CustomerOrdersService] [39m[32mFetched 0 orders[39m
[32m[Nest] 32608  - [39m2026. 03. 24. 오전 2:32:35 [32m    LOG[39m [38;5;3m[HTTP] [39m[32mGET /customer/orders?page=1&limit=1&dateStart=2026-03-24&dateEnd=2026-03-24&status=REFUNDED - 503ms[39m
[33m[Nest] 32608  - [39m2026. 03. 24. 오전 2:32:35 [33m   WARN[39m [38;5;3m[CustomerOrdersService] [39m[33mFailed to load order payment methods for customer orders: column orders.payment_method does not exist[39m
[32m[Nest] 32608  - [39m2026. 03. 24. 오전 2:32:35 [32m    LOG[39m [38;5;3m[CustomerOrdersService] [39m[32mFetched 1 orders[39m
[32m[Nest] 32608  - [39m2026. 03. 24. 오전 2:32:35 [32m    LOG[39m [38;5;3m[HTTP] [39m[32mGET /customer/orders?page=1&limit=1&dateStart=2026-03-24&dateEnd=2026-03-24&status=CREATED - 1505ms[39m
[32m[Nest] 32608  - [39m2026. 03. 24. 오전 2:32:42 [32m    LOG[39m [38;5;3m[CustomerOrdersController] [39m[32mUser d26831b8-20ef-4b10-8a1c-737a83d9b21f fetching orders (all branches)[39m
[32m[Nest] 32608  - [39m2026. 03. 24. 오전 2:32:42 [32m    LOG[39m [38;5;3m[CustomerOrdersService] [39m[32mFetching orders (all branches) by user d26831b8-20ef-4b10-8a1c-737a83d9b21f[39m
[32m[Nest] 32608  - [39m2026. 03. 24. 오전 2:32:42 [32m    LOG[39m [38;5;3m[CustomerOrdersController] [39m[32mUser d26831b8-20ef-4b10-8a1c-737a83d9b21f fetching orders (all branches)[39m
[32m[Nest] 32608  - [39m2026. 03. 24. 오전 2:32:42 [32m    LOG[39m [38;5;3m[CustomerOrdersService] [39m[32mFetching orders (all branches) by user d26831b8-20ef-4b10-8a1c-737a83d9b21f[39m
[33m[Nest] 32608  - [39m2026. 03. 24. 오전 2:32:43 [33m   WARN[39m [38;5;3m[CustomerOrdersService] [39m[33mFailed to load order payment methods for customer orders: column orders.payment_method does not exist[39m
[33m[Nest] 32608  - [39m2026. 03. 24. 오전 2:32:43 [33m   WARN[39m [38;5;3m[CustomerOrdersService] [39m[33mFailed to load order payment methods for customer orders: column orders.payment_method does not exist[39m
[32m[Nest] 32608  - [39m2026. 03. 24. 오전 2:32:43 [32m    LOG[39m [38;5;3m[CustomerGuard] [39m[32mCustomerGuard: User d26831b8-20ef-4b10-8a1c-737a83d9b21f authorized with 1 brand(s) and 0 branch(es)[39m
[32m[Nest] 32608  - [39m2026. 03. 24. 오전 2:32:43 [32m    LOG[39m [38;5;3m[InventoryController] [39m[32mUser d26831b8-20ef-4b10-8a1c-737a83d9b21f fetching low stock alerts for all branches[39m
[32m[Nest] 32608  - [39m2026. 03. 24. 오전 2:32:43 [32m    LOG[39m [38;5;3m[InventoryService] [39m[32mFetching low stock alerts for all branches by user d26831b8-20ef-4b10-8a1c-737a83d9b21f[39m
[32m[Nest] 32608  - [39m2026. 03. 24. 오전 2:32:43 [32m    LOG[39m [38;5;3m[InventoryService] [39m[32mFound 6 low stock items for all branches[39m
[32m[Nest] 32608  - [39m2026. 03. 24. 오전 2:32:43 [32m    LOG[39m [38;5;3m[HTTP] [39m[32mGET /customer/inventory/alerts - 339ms[39m
[32m[Nest] 32608  - [39m2026. 03. 24. 오전 2:32:43 [32m    LOG[39m [38;5;3m[CustomerOrdersController] [39m[32mUser d26831b8-20ef-4b10-8a1c-737a83d9b21f fetching orders (all branches)[39m
[32m[Nest] 32608  - [39m2026. 03. 24. 오전 2:32:43 [32m    LOG[39m [38;5;3m[CustomerOrdersService] [39m[32mFetching orders (all branches) by user d26831b8-20ef-4b10-8a1c-737a83d9b21f[39m
[32m[Nest] 32608  - [39m2026. 03. 24. 오전 2:32:43 [32m    LOG[39m [38;5;3m[CustomerOrdersService] [39m[32mFetched 8 orders[39m
[32m[Nest] 32608  - [39m2026. 03. 24. 오전 2:32:43 [32m    LOG[39m [38;5;3m[HTTP] [39m[32mGET /customer/orders?page=1&limit=20&dateStart=2026-03-24&dateEnd=2026-03-24 - 1537ms[39m
[32m[Nest] 32608  - [39m2026. 03. 24. 오전 2:32:43 [32m    LOG[39m [38;5;3m[CustomerOrdersService] [39m[32mFetched 1 orders[39m
[32m[Nest] 32608  - [39m2026. 03. 24. 오전 2:32:43 [32m    LOG[39m [38;5;3m[HTTP] [39m[32mGET /customer/orders?page=1&limit=1&dateStart=2026-03-24&dateEnd=2026-03-24 - 1548ms[39m
[32m[Nest] 32608  - [39m2026. 03. 24. 오전 2:32:43 [32m    LOG[39m [38;5;3m[CustomerOrdersController] [39m[32mUser d26831b8-20ef-4b10-8a1c-737a83d9b21f fetching orders (all branches)[39m
[32m[Nest] 32608  - [39m2026. 03. 24. 오전 2:32:43 [32m    LOG[39m [38;5;3m[CustomerOrdersService] [39m[32mFetching orders (all branches) by user d26831b8-20ef-4b10-8a1c-737a83d9b21f[39m
[32m[Nest] 32608  - [39m2026. 03. 24. 오전 2:32:43 [32m    LOG[39m [38;5;3m[CustomerOrdersController] [39m[32mUser d26831b8-20ef-4b10-8a1c-737a83d9b21f fetching orders (all branches)[39m
[32m[Nest] 32608  - [39m2026. 03. 24. 오전 2:32:43 [32m    LOG[39m [38;5;3m[CustomerOrdersService] [39m[32mFetching orders (all branches) by user d26831b8-20ef-4b10-8a1c-737a83d9b21f[39m
[32m[Nest] 32608  - [39m2026. 03. 24. 오전 2:32:43 [32m    LOG[39m [38;5;3m[CustomerOrdersController] [39m[32mUser d26831b8-20ef-4b10-8a1c-737a83d9b21f fetching orders (all branches)[39m
[32m[Nest] 32608  - [39m2026. 03. 24. 오전 2:32:43 [32m    LOG[39m [38;5;3m[CustomerOrdersService] [39m[32mFetching orders (all branches) by user d26831b8-20ef-4b10-8a1c-737a83d9b21f[39m
[32m[Nest] 32608  - [39m2026. 03. 24. 오전 2:32:43 [32m    LOG[39m [38;5;3m[CustomerOrdersController] [39m[32mUser d26831b8-20ef-4b10-8a1c-737a83d9b21f fetching orders (all branches)[39m
[32m[Nest] 32608  - [39m2026. 03. 24. 오전 2:32:43 [32m    LOG[39m [38;5;3m[CustomerOrdersService] [39m[32mFetching orders (all branches) by user d26831b8-20ef-4b10-8a1c-737a83d9b21f[39m
[32m[Nest] 32608  - [39m2026. 03. 24. 오전 2:32:43 [32m    LOG[39m [38;5;3m[CustomerOrdersController] [39m[32mUser d26831b8-20ef-4b10-8a1c-737a83d9b21f fetching orders (all branches)[39m
[32m[Nest] 32608  - [39m2026. 03. 24. 오전 2:32:43 [32m    LOG[39m [38;5;3m[CustomerOrdersService] [39m[32mFetching orders (all branches) by user d26831b8-20ef-4b10-8a1c-737a83d9b21f[39m
[32m[Nest] 32608  - [39m2026. 03. 24. 오전 2:32:44 [32m    LOG[39m [38;5;3m[CustomerOrdersService] [39m[32mFetched 0 orders[39m
[32m[Nest] 32608  - [39m2026. 03. 24. 오전 2:32:44 [32m    LOG[39m [38;5;3m[HTTP] [39m[32mGET /customer/orders?page=1&limit=1&dateStart=2026-03-24&dateEnd=2026-03-24&status=PREPARING - 499ms[39m
[32m[Nest] 32608  - [39m2026. 03. 24. 오전 2:32:44 [32m    LOG[39m [38;5;3m[CustomerOrdersController] [39m[32mUser d26831b8-20ef-4b10-8a1c-737a83d9b21f fetching orders (all branches)[39m
[32m[Nest] 32608  - [39m2026. 03. 24. 오전 2:32:44 [32m    LOG[39m [38;5;3m[CustomerOrdersService] [39m[32mFetching orders (all branches) by user d26831b8-20ef-4b10-8a1c-737a83d9b21f[39m
[32m[Nest] 32608  - [39m2026. 03. 24. 오전 2:32:44 [32m    LOG[39m [38;5;3m[CustomerOrdersService] [39m[32mFetched 0 orders[39m
[32m[Nest] 32608  - [39m2026. 03. 24. 오전 2:32:44 [32m    LOG[39m [38;5;3m[HTTP] [39m[32mGET /customer/orders?page=1&limit=1&dateStart=2026-03-24&dateEnd=2026-03-24&status=READY - 506ms[39m
[32m[Nest] 32608  - [39m2026. 03. 24. 오전 2:32:44 [32m    LOG[39m [38;5;3m[CustomerOrdersController] [39m[32mUser d26831b8-20ef-4b10-8a1c-737a83d9b21f fetching orders (all branches)[39m
[32m[Nest] 32608  - [39m2026. 03. 24. 오전 2:32:44 [32m    LOG[39m [38;5;3m[CustomerOrdersService] [39m[32mFetching orders (all branches) by user d26831b8-20ef-4b10-8a1c-737a83d9b21f[39m
[32m[Nest] 32608  - [39m2026. 03. 24. 오전 2:32:44 [32m    LOG[39m [38;5;3m[CustomerOrdersService] [39m[32mFetched 0 orders[39m
[32m[Nest] 32608  - [39m2026. 03. 24. 오전 2:32:44 [32m    LOG[39m [38;5;3m[HTTP] [39m[32mGET /customer/orders?page=1&limit=1&dateStart=2026-03-24&dateEnd=2026-03-24&status=CONFIRMED - 514ms[39m
[32m[Nest] 32608  - [39m2026. 03. 24. 오전 2:32:44 [32m    LOG[39m [38;5;3m[CustomerOrdersService] [39m[32mFetched 0 orders[39m
[32m[Nest] 32608  - [39m2026. 03. 24. 오전 2:32:44 [32m    LOG[39m [38;5;3m[HTTP] [39m[32mGET /customer/orders?page=1&limit=1&dateStart=2026-03-24&dateEnd=2026-03-24&status=COMPLETED - 534ms[39m
[33m[Nest] 32608  - [39m2026. 03. 24. 오전 2:32:44 [33m   WARN[39m [38;5;3m[CustomerOrdersService] [39m[33mFailed to load order payment methods for customer orders: column orders.payment_method does not exist[39m
[33m[Nest] 32608  - [39m2026. 03. 24. 오전 2:32:44 [33m   WARN[39m [38;5;3m[CustomerOrdersService] [39m[33mFailed to load order payment methods for customer orders: column orders.payment_method does not exist[39m
[32m[Nest] 32608  - [39m2026. 03. 24. 오전 2:32:44 [32m    LOG[39m [38;5;3m[CustomerOrdersService] [39m[32mFetched 0 orders[39m
[32m[Nest] 32608  - [39m2026. 03. 24. 오전 2:32:44 [32m    LOG[39m [38;5;3m[HTTP] [39m[32mGET /customer/orders?page=1&limit=1&dateStart=2026-03-24&dateEnd=2026-03-24&status=REFUNDED - 485ms[39m
[32m[Nest] 32608  - [39m2026. 03. 24. 오전 2:32:44 [32m    LOG[39m [38;5;3m[CustomerOrdersService] [39m[32mFetched 0 orders[39m
[32m[Nest] 32608  - [39m2026. 03. 24. 오전 2:32:44 [32m    LOG[39m [38;5;3m[HTTP] [39m[32mGET /customer/orders?page=1&limit=1&dateStart=2026-03-24&dateEnd=2026-03-24&status=CANCELLED - 515ms[39m
[32m[Nest] 32608  - [39m2026. 03. 24. 오전 2:32:45 [32m    LOG[39m [38;5;3m[CustomerOrdersService] [39m[32mFetched 12 orders[39m
[32m[Nest] 32608  - [39m2026. 03. 24. 오전 2:32:45 [32m    LOG[39m [38;5;3m[HTTP] [39m[32mGET /customer/orders?page=1&limit=20 - 1485ms[39m
[32m[Nest] 32608  - [39m2026. 03. 24. 오전 2:32:45 [32m    LOG[39m [38;5;3m[CustomerOrdersService] [39m[32mFetched 1 orders[39m
[32m[Nest] 32608  - [39m2026. 03. 24. 오전 2:32:45 [32m    LOG[39m [38;5;3m[HTTP] [39m[32mGET /customer/orders?page=1&limit=1&dateStart=2026-03-24&dateEnd=2026-03-24&status=CREATED - 1465ms[39m
[32m[Nest] 32608  - [39m2026. 03. 24. 오전 2:32:52 [32m    LOG[39m [38;5;3m[CustomerOrdersController] [39m[32mUser d26831b8-20ef-4b10-8a1c-737a83d9b21f fetching orders (all branches)[39m
[32m[Nest] 32608  - [39m2026. 03. 24. 오전 2:32:52 [32m    LOG[39m [38;5;3m[CustomerOrdersService] [39m[32mFetching orders (all branches) by user d26831b8-20ef-4b10-8a1c-737a83d9b21f[39m
[32m[Nest] 32608  - [39m2026. 03. 24. 오전 2:32:52 [32m    LOG[39m [38;5;3m[CustomerOrdersController] [39m[32mUser d26831b8-20ef-4b10-8a1c-737a83d9b21f fetching orders (all branches)[39m
[32m[Nest] 32608  - [39m2026. 03. 24. 오전 2:32:52 [32m    LOG[39m [38;5;3m[CustomerOrdersService] [39m[32mFetching orders (all branches) by user d26831b8-20ef-4b10-8a1c-737a83d9b21f[39m
[33m[Nest] 32608  - [39m2026. 03. 24. 오전 2:32:53 [33m   WARN[39m [38;5;3m[CustomerOrdersService] [39m[33mFailed to load order payment methods for customer orders: column orders.payment_method does not exist[39m
[33m[Nest] 32608  - [39m2026. 03. 24. 오전 2:32:53 [33m   WARN[39m [38;5;3m[CustomerOrdersService] [39m[33mFailed to load order payment methods for customer orders: column orders.payment_method does not exist[39m
[32m[Nest] 32608  - [39m2026. 03. 24. 오전 2:32:53 [32m    LOG[39m [38;5;3m[CustomerOrdersService] [39m[32mFetched 8 orders[39m
[32m[Nest] 32608  - [39m2026. 03. 24. 오전 2:32:53 [32m    LOG[39m [38;5;3m[HTTP] [39m[32mGET /customer/orders?page=1&limit=20&dateStart=2026-03-24&dateEnd=2026-03-24 - 1651ms[39m
[32m[Nest] 32608  - [39m2026. 03. 24. 오전 2:32:53 [32m    LOG[39m [38;5;3m[CustomerOrdersService] [39m[32mFetched 1 orders[39m
[32m[Nest] 32608  - [39m2026. 03. 24. 오전 2:32:53 [32m    LOG[39m [38;5;3m[HTTP] [39m[32mGET /customer/orders?page=1&limit=1&dateStart=2026-03-24&dateEnd=2026-03-24 - 1668ms[39m
[32m[Nest] 32608  - [39m2026. 03. 24. 오전 2:32:53 [32m    LOG[39m [38;5;3m[CustomerOrdersController] [39m[32mUser d26831b8-20ef-4b10-8a1c-737a83d9b21f fetching orders (all branches)[39m
[32m[Nest] 32608  - [39m2026. 03. 24. 오전 2:32:53 [32m    LOG[39m [38;5;3m[CustomerOrdersService] [39m[32mFetching orders (all branches) by user d26831b8-20ef-4b10-8a1c-737a83d9b21f[39m
[32m[Nest] 32608  - [39m2026. 03. 24. 오전 2:32:53 [32m    LOG[39m [38;5;3m[CustomerOrdersController] [39m[32mUser d26831b8-20ef-4b10-8a1c-737a83d9b21f fetching orders (all branches)[39m
[32m[Nest] 32608  - [39m2026. 03. 24. 오전 2:32:53 [32m    LOG[39m [38;5;3m[CustomerOrdersService] [39m[32mFetching orders (all branches) by user d26831b8-20ef-4b10-8a1c-737a83d9b21f[39m
[32m[Nest] 32608  - [39m2026. 03. 24. 오전 2:32:53 [32m    LOG[39m [38;5;3m[CustomerOrdersController] [39m[32mUser d26831b8-20ef-4b10-8a1c-737a83d9b21f fetching orders (all branches)[39m
[32m[Nest] 32608  - [39m2026. 03. 24. 오전 2:32:53 [32m    LOG[39m [38;5;3m[CustomerOrdersService] [39m[32mFetching orders (all branches) by user d26831b8-20ef-4b10-8a1c-737a83d9b21f[39m
[32m[Nest] 32608  - [39m2026. 03. 24. 오전 2:32:53 [32m    LOG[39m [38;5;3m[CustomerOrdersController] [39m[32mUser d26831b8-20ef-4b10-8a1c-737a83d9b21f fetching orders (all branches)[39m
[32m[Nest] 32608  - [39m2026. 03. 24. 오전 2:32:53 [32m    LOG[39m [38;5;3m[CustomerOrdersService] [39m[32mFetching orders (all branches) by user d26831b8-20ef-4b10-8a1c-737a83d9b21f[39m
[32m[Nest] 32608  - [39m2026. 03. 24. 오전 2:32:53 [32m    LOG[39m [38;5;3m[CustomerOrdersController] [39m[32mUser d26831b8-20ef-4b10-8a1c-737a83d9b21f fetching orders (all branches)[39m
[32m[Nest] 32608  - [39m2026. 03. 24. 오전 2:32:53 [32m    LOG[39m [38;5;3m[CustomerOrdersService] [39m[32mFetching orders (all branches) by user d26831b8-20ef-4b10-8a1c-737a83d9b21f[39m
[32m[Nest] 32608  - [39m2026. 03. 24. 오전 2:32:53 [32m    LOG[39m [38;5;3m[CustomerOrdersController] [39m[32mUser d26831b8-20ef-4b10-8a1c-737a83d9b21f fetching orders (all branches)[39m
[32m[Nest] 32608  - [39m2026. 03. 24. 오전 2:32:53 [32m    LOG[39m [38;5;3m[CustomerOrdersService] [39m[32mFetching orders (all branches) by user d26831b8-20ef-4b10-8a1c-737a83d9b21f[39m
[32m[Nest] 32608  - [39m2026. 03. 24. 오전 2:32:54 [32m    LOG[39m [38;5;3m[CustomerOrdersService] [39m[32mFetched 0 orders[39m
[32m[Nest] 32608  - [39m2026. 03. 24. 오전 2:32:54 [32m    LOG[39m [38;5;3m[HTTP] [39m[32mGET /customer/orders?page=1&limit=1&dateStart=2026-03-24&dateEnd=2026-03-24&status=READY - 525ms[39m
[32m[Nest] 32608  - [39m2026. 03. 24. 오전 2:32:54 [32m    LOG[39m [38;5;3m[CustomerOrdersController] [39m[32mUser d26831b8-20ef-4b10-8a1c-737a83d9b21f fetching orders (all branches)[39m
[32m[Nest] 32608  - [39m2026. 03. 24. 오전 2:32:54 [32m    LOG[39m [38;5;3m[CustomerOrdersService] [39m[32mFetching orders (all branches) by user d26831b8-20ef-4b10-8a1c-737a83d9b21f[39m
[32m[Nest] 32608  - [39m2026. 03. 24. 오전 2:32:54 [32m    LOG[39m [38;5;3m[CustomerOrdersService] [39m[32mFetched 0 orders[39m
[32m[Nest] 32608  - [39m2026. 03. 24. 오전 2:32:54 [32m    LOG[39m [38;5;3m[HTTP] [39m[32mGET /customer/orders?page=1&limit=1&dateStart=2026-03-24&dateEnd=2026-03-24&status=PREPARING - 534ms[39m
[32m[Nest] 32608  - [39m2026. 03. 24. 오전 2:32:54 [32m    LOG[39m [38;5;3m[CustomerOrdersService] [39m[32mFetched 0 orders[39m
[32m[Nest] 32608  - [39m2026. 03. 24. 오전 2:32:54 [32m    LOG[39m [38;5;3m[HTTP] [39m[32mGET /customer/orders?page=1&limit=1&dateStart=2026-03-24&dateEnd=2026-03-24&status=CONFIRMED - 560ms[39m
[32m[Nest] 32608  - [39m2026. 03. 24. 오전 2:32:54 [32m    LOG[39m [38;5;3m[CustomerOrdersService] [39m[32mFetched 0 orders[39m
[32m[Nest] 32608  - [39m2026. 03. 24. 오전 2:32:54 [32m    LOG[39m [38;5;3m[HTTP] [39m[32mGET /customer/orders?page=1&limit=1&dateStart=2026-03-24&dateEnd=2026-03-24&status=COMPLETED - 551ms[39m
[32m[Nest] 32608  - [39m2026. 03. 24. 오전 2:32:54 [32m    LOG[39m [38;5;3m[CustomerOrdersService] [39m[32mFetched 0 orders[39m
[32m[Nest] 32608  - [39m2026. 03. 24. 오전 2:32:54 [32m    LOG[39m [38;5;3m[HTTP] [39m[32mGET /customer/orders?page=1&limit=1&dateStart=2026-03-24&dateEnd=2026-03-24&status=CANCELLED - 545ms[39m
[33m[Nest] 32608  - [39m2026. 03. 24. 오전 2:32:54 [33m   WARN[39m [38;5;3m[CustomerOrdersService] [39m[33mFailed to load order payment methods for customer orders: column orders.payment_method does not exist[39m
[32m[Nest] 32608  - [39m2026. 03. 24. 오전 2:32:54 [32m    LOG[39m [38;5;3m[CustomerOrdersService] [39m[32mFetched 0 orders[39m
[32m[Nest] 32608  - [39m2026. 03. 24. 오전 2:32:54 [32m    LOG[39m [38;5;3m[HTTP] [39m[32mGET /customer/orders?page=1&limit=1&dateStart=2026-03-24&dateEnd=2026-03-24&status=REFUNDED - 494ms[39m
[32m[Nest] 32608  - [39m2026. 03. 24. 오전 2:32:55 [32m    LOG[39m [38;5;3m[CustomerOrdersService] [39m[32mFetched 1 orders[39m
[32m[Nest] 32608  - [39m2026. 03. 24. 오전 2:32:55 [32m    LOG[39m [38;5;3m[HTTP] [39m[32mGET /customer/orders?page=1&limit=1&dateStart=2026-03-24&dateEnd=2026-03-24&status=CREATED - 1497ms[39m
[32m[Nest] 32608  - [39m2026. 03. 24. 오전 2:33:02 [32m    LOG[39m [38;5;3m[CustomerGuard] [39m[32mCustomerGuard: User d26831b8-20ef-4b10-8a1c-737a83d9b21f authorized with 1 brand(s) and 0 branch(es)[39m
[32m[Nest] 32608  - [39m2026. 03. 24. 오전 2:33:02 [32m    LOG[39m [38;5;3m[CustomerOrdersController] [39m[32mUser d26831b8-20ef-4b10-8a1c-737a83d9b21f fetching orders (all branches)[39m
[32m[Nest] 32608  - [39m2026. 03. 24. 오전 2:33:02 [32m    LOG[39m [38;5;3m[CustomerOrdersService] [39m[32mFetching orders (all branches) by user d26831b8-20ef-4b10-8a1c-737a83d9b21f[39m
[32m[Nest] 32608  - [39m2026. 03. 24. 오전 2:33:02 [32m    LOG[39m [38;5;3m[CustomerGuard] [39m[32mCustomerGuard: User d26831b8-20ef-4b10-8a1c-737a83d9b21f authorized with 1 brand(s) and 0 branch(es)[39m
[32m[Nest] 32608  - [39m2026. 03. 24. 오전 2:33:02 [32m    LOG[39m [38;5;3m[CustomerOrdersController] [39m[32mUser d26831b8-20ef-4b10-8a1c-737a83d9b21f fetching orders (all branches)[39m
[32m[Nest] 32608  - [39m2026. 03. 24. 오전 2:33:02 [32m    LOG[39m [38;5;3m[CustomerOrdersService] [39m[32mFetching orders (all branches) by user d26831b8-20ef-4b10-8a1c-737a83d9b21f[39m
[33m[Nest] 32608  - [39m2026. 03. 24. 오전 2:33:03 [33m   WARN[39m [38;5;3m[CustomerOrdersService] [39m[33mFailed to load order payment methods for customer orders: column orders.payment_method does not exist[39m
[33m[Nest] 32608  - [39m2026. 03. 24. 오전 2:33:03 [33m   WARN[39m [38;5;3m[CustomerOrdersService] [39m[33mFailed to load order payment methods for customer orders: column orders.payment_method does not exist[39m
[32m[Nest] 32608  - [39m2026. 03. 24. 오전 2:33:03 [32m    LOG[39m [38;5;3m[CustomerOrdersService] [39m[32mFetched 8 orders[39m
[32m[Nest] 32608  - [39m2026. 03. 24. 오전 2:33:03 [32m    LOG[39m [38;5;3m[HTTP] [39m[32mGET /customer/orders?page=1&limit=20&dateStart=2026-03-24&dateEnd=2026-03-24 - 1477ms[39m
[32m[Nest] 32608  - [39m2026. 03. 24. 오전 2:33:03 [32m    LOG[39m [38;5;3m[CustomerOrdersService] [39m[32mFetched 1 orders[39m
[32m[Nest] 32608  - [39m2026. 03. 24. 오전 2:33:03 [32m    LOG[39m [38;5;3m[HTTP] [39m[32mGET /customer/orders?page=1&limit=1&dateStart=2026-03-24&dateEnd=2026-03-24 - 1474ms[39m
[32m[Nest] 32608  - [39m2026. 03. 24. 오전 2:33:03 [32m    LOG[39m [38;5;3m[CustomerOrdersController] [39m[32mUser d26831b8-20ef-4b10-8a1c-737a83d9b21f fetching orders (all branches)[39m
[32m[Nest] 32608  - [39m2026. 03. 24. 오전 2:33:03 [32m    LOG[39m [38;5;3m[CustomerOrdersService] [39m[32mFetching orders (all branches) by user d26831b8-20ef-4b10-8a1c-737a83d9b21f[39m
[32m[Nest] 32608  - [39m2026. 03. 24. 오전 2:33:03 [32m    LOG[39m [38;5;3m[CustomerOrdersController] [39m[32mUser d26831b8-20ef-4b10-8a1c-737a83d9b21f fetching orders (all branches)[39m
[32m[Nest] 32608  - [39m2026. 03. 24. 오전 2:33:03 [32m    LOG[39m [38;5;3m[CustomerOrdersService] [39m[32mFetching orders (all branches) by user d26831b8-20ef-4b10-8a1c-737a83d9b21f[39m
[32m[Nest] 32608  - [39m2026. 03. 24. 오전 2:33:03 [32m    LOG[39m [38;5;3m[CustomerOrdersController] [39m[32mUser d26831b8-20ef-4b10-8a1c-737a83d9b21f fetching orders (all branches)[39m
[32m[Nest] 32608  - [39m2026. 03. 24. 오전 2:33:03 [32m    LOG[39m [38;5;3m[CustomerOrdersService] [39m[32mFetching orders (all branches) by user d26831b8-20ef-4b10-8a1c-737a83d9b21f[39m
[32m[Nest] 32608  - [39m2026. 03. 24. 오전 2:33:03 [32m    LOG[39m [38;5;3m[CustomerOrdersController] [39m[32mUser d26831b8-20ef-4b10-8a1c-737a83d9b21f fetching orders (all branches)[39m
[32m[Nest] 32608  - [39m2026. 03. 24. 오전 2:33:03 [32m    LOG[39m [38;5;3m[CustomerOrdersService] [39m[32mFetching orders (all branches) by user d26831b8-20ef-4b10-8a1c-737a83d9b21f[39m
[32m[Nest] 32608  - [39m2026. 03. 24. 오전 2:33:03 [32m    LOG[39m [38;5;3m[CustomerOrdersController] [39m[32mUser d26831b8-20ef-4b10-8a1c-737a83d9b21f fetching orders (all branches)[39m
[32m[Nest] 32608  - [39m2026. 03. 24. 오전 2:33:03 [32m    LOG[39m [38;5;3m[CustomerOrdersService] [39m[32mFetching orders (all branches) by user d26831b8-20ef-4b10-8a1c-737a83d9b21f[39m
[32m[Nest] 32608  - [39m2026. 03. 24. 오전 2:33:03 [32m    LOG[39m [38;5;3m[CustomerOrdersController] [39m[32mUser d26831b8-20ef-4b10-8a1c-737a83d9b21f fetching orders (all branches)[39m
[32m[Nest] 32608  - [39m2026. 03. 24. 오전 2:33:03 [32m    LOG[39m [38;5;3m[CustomerOrdersService] [39m[32mFetching orders (all branches) by user d26831b8-20ef-4b10-8a1c-737a83d9b21f[39m
[32m[Nest] 32608  - [39m2026. 03. 24. 오전 2:33:04 [32m    LOG[39m [38;5;3m[CustomerOrdersService] [39m[32mFetched 0 orders[39m
[32m[Nest] 32608  - [39m2026. 03. 24. 오전 2:33:04 [32m    LOG[39m [38;5;3m[HTTP] [39m[32mGET /customer/orders?page=1&limit=1&dateStart=2026-03-24&dateEnd=2026-03-24&status=PREPARING - 504ms[39m
[32m[Nest] 32608  - [39m2026. 03. 24. 오전 2:33:04 [32m    LOG[39m [38;5;3m[CustomerOrdersController] [39m[32mUser d26831b8-20ef-4b10-8a1c-737a83d9b21f fetching orders (all branches)[39m
[32m[Nest] 32608  - [39m2026. 03. 24. 오전 2:33:04 [32m    LOG[39m [38;5;3m[CustomerOrdersService] [39m[32mFetching orders (all branches) by user d26831b8-20ef-4b10-8a1c-737a83d9b21f[39m
[32m[Nest] 32608  - [39m2026. 03. 24. 오전 2:33:04 [32m    LOG[39m [38;5;3m[CustomerOrdersService] [39m[32mFetched 0 orders[39m
[32m[Nest] 32608  - [39m2026. 03. 24. 오전 2:33:04 [32m    LOG[39m [38;5;3m[HTTP] [39m[32mGET /customer/orders?page=1&limit=1&dateStart=2026-03-24&dateEnd=2026-03-24&status=CONFIRMED - 517ms[39m
[32m[Nest] 32608  - [39m2026. 03. 24. 오전 2:33:04 [32m    LOG[39m [38;5;3m[CustomerOrdersService] [39m[32mFetched 0 orders[39m
[32m[Nest] 32608  - [39m2026. 03. 24. 오전 2:33:04 [32m    LOG[39m [38;5;3m[HTTP] [39m[32mGET /customer/orders?page=1&limit=1&dateStart=2026-03-24&dateEnd=2026-03-24&status=READY - 515ms[39m
[32m[Nest] 32608  - [39m2026. 03. 24. 오전 2:33:04 [32m    LOG[39m [38;5;3m[CustomerOrdersService] [39m[32mFetched 0 orders[39m
[32m[Nest] 32608  - [39m2026. 03. 24. 오전 2:33:04 [32m    LOG[39m [38;5;3m[HTTP] [39m[32mGET /customer/orders?page=1&limit=1&dateStart=2026-03-24&dateEnd=2026-03-24&status=COMPLETED - 519ms[39m
[32m[Nest] 32608  - [39m2026. 03. 24. 오전 2:33:04 [32m    LOG[39m [38;5;3m[CustomerOrdersService] [39m[32mFetched 0 orders[39m
[32m[Nest] 32608  - [39m2026. 03. 24. 오전 2:33:04 [32m    LOG[39m [38;5;3m[HTTP] [39m[32mGET /customer/orders?page=1&limit=1&dateStart=2026-03-24&dateEnd=2026-03-24&status=CANCELLED - 527ms[39m
[33m[Nest] 32608  - [39m2026. 03. 24. 오전 2:33:04 [33m   WARN[39m [38;5;3m[CustomerOrdersService] [39m[33mFailed to load order payment methods for customer orders: column orders.payment_method does not exist[39m
[32m[Nest] 32608  - [39m2026. 03. 24. 오전 2:33:05 [32m    LOG[39m [38;5;3m[CustomerOrdersService] [39m[32mFetched 0 orders[39m
[32m[Nest] 32608  - [39m2026. 03. 24. 오전 2:33:05 [32m    LOG[39m [38;5;3m[HTTP] [39m[32mGET /customer/orders?page=1&limit=1&dateStart=2026-03-24&dateEnd=2026-03-24&status=REFUNDED - 586ms[39m
[32m[Nest] 32608  - [39m2026. 03. 24. 오전 2:33:05 [32m    LOG[39m [38;5;3m[CustomerOrdersService] [39m[32mFetched 1 orders[39m
[32m[Nest] 32608  - [39m2026. 03. 24. 오전 2:33:05 [32m    LOG[39m [38;5;3m[HTTP] [39m[32mGET /customer/orders?page=1&limit=1&dateStart=2026-03-24&dateEnd=2026-03-24&status=CREATED - 1555ms[39m
[32m[Nest] 32608  - [39m2026. 03. 24. 오전 2:33:12 [32m    LOG[39m [38;5;3m[CustomerOrdersController] [39m[32mUser d26831b8-20ef-4b10-8a1c-737a83d9b21f fetching orders (all branches)[39m
[32m[Nest] 32608  - [39m2026. 03. 24. 오전 2:33:12 [32m    LOG[39m [38;5;3m[CustomerOrdersService] [39m[32mFetching orders (all branches) by user d26831b8-20ef-4b10-8a1c-737a83d9b21f[39m
[32m[Nest] 32608  - [39m2026. 03. 24. 오전 2:33:12 [32m    LOG[39m [38;5;3m[CustomerOrdersController] [39m[32mUser d26831b8-20ef-4b10-8a1c-737a83d9b21f fetching orders (all branches)[39m
[32m[Nest] 32608  - [39m2026. 03. 24. 오전 2:33:12 [32m    LOG[39m [38;5;3m[CustomerOrdersService] [39m[32mFetching orders (all branches) by user d26831b8-20ef-4b10-8a1c-737a83d9b21f[39m
[33m[Nest] 32608  - [39m2026. 03. 24. 오전 2:33:13 [33m   WARN[39m [38;5;3m[CustomerOrdersService] [39m[33mFailed to load order payment methods for customer orders: column orders.payment_method does not exist[39m
[33m[Nest] 32608  - [39m2026. 03. 24. 오전 2:33:13 [33m   WARN[39m [38;5;3m[CustomerOrdersService] [39m[33mFailed to load order payment methods for customer orders: column orders.payment_method does not exist[39m
[32m[Nest] 32608  - [39m2026. 03. 24. 오전 2:33:13 [32m    LOG[39m [38;5;3m[CustomerOrdersService] [39m[32mFetched 1 orders[39m
[32m[Nest] 32608  - [39m2026. 03. 24. 오전 2:33:13 [32m    LOG[39m [38;5;3m[HTTP] [39m[32mGET /customer/orders?page=1&limit=1&dateStart=2026-03-24&dateEnd=2026-03-24 - 1506ms[39m
[32m[Nest] 32608  - [39m2026. 03. 24. 오전 2:33:13 [32m    LOG[39m [38;5;3m[CustomerOrdersController] [39m[32mUser d26831b8-20ef-4b10-8a1c-737a83d9b21f fetching orders (all branches)[39m
[32m[Nest] 32608  - [39m2026. 03. 24. 오전 2:33:13 [32m    LOG[39m [38;5;3m[CustomerOrdersService] [39m[32mFetching orders (all branches) by user d26831b8-20ef-4b10-8a1c-737a83d9b21f[39m
[32m[Nest] 32608  - [39m2026. 03. 24. 오전 2:33:13 [32m    LOG[39m [38;5;3m[CustomerOrdersController] [39m[32mUser d26831b8-20ef-4b10-8a1c-737a83d9b21f fetching orders (all branches)[39m
[32m[Nest] 32608  - [39m2026. 03. 24. 오전 2:33:13 [32m    LOG[39m [38;5;3m[CustomerOrdersService] [39m[32mFetching orders (all branches) by user d26831b8-20ef-4b10-8a1c-737a83d9b21f[39m
[32m[Nest] 32608  - [39m2026. 03. 24. 오전 2:33:13 [32m    LOG[39m [38;5;3m[CustomerOrdersController] [39m[32mUser d26831b8-20ef-4b10-8a1c-737a83d9b21f fetching orders (all branches)[39m
[32m[Nest] 32608  - [39m2026. 03. 24. 오전 2:33:13 [32m    LOG[39m [38;5;3m[CustomerOrdersService] [39m[32mFetching orders (all branches) by user d26831b8-20ef-4b10-8a1c-737a83d9b21f[39m
[32m[Nest] 32608  - [39m2026. 03. 24. 오전 2:33:13 [32m    LOG[39m [38;5;3m[CustomerOrdersController] [39m[32mUser d26831b8-20ef-4b10-8a1c-737a83d9b21f fetching orders (all branches)[39m
[32m[Nest] 32608  - [39m2026. 03. 24. 오전 2:33:13 [32m    LOG[39m [38;5;3m[CustomerOrdersService] [39m[32mFetching orders (all branches) by user d26831b8-20ef-4b10-8a1c-737a83d9b21f[39m
[32m[Nest] 32608  - [39m2026. 03. 24. 오전 2:33:13 [32m    LOG[39m [38;5;3m[CustomerOrdersService] [39m[32mFetched 8 orders[39m
[32m[Nest] 32608  - [39m2026. 03. 24. 오전 2:33:13 [32m    LOG[39m [38;5;3m[HTTP] [39m[32mGET /customer/orders?page=1&limit=20&dateStart=2026-03-24&dateEnd=2026-03-24 - 1522ms[39m
[32m[Nest] 32608  - [39m2026. 03. 24. 오전 2:33:13 [32m    LOG[39m [38;5;3m[CustomerOrdersController] [39m[32mUser d26831b8-20ef-4b10-8a1c-737a83d9b21f fetching orders (all branches)[39m
[32m[Nest] 32608  - [39m2026. 03. 24. 오전 2:33:13 [32m    LOG[39m [38;5;3m[CustomerOrdersService] [39m[32mFetching orders (all branches) by user d26831b8-20ef-4b10-8a1c-737a83d9b21f[39m
[32m[Nest] 32608  - [39m2026. 03. 24. 오전 2:33:13 [32m    LOG[39m [38;5;3m[CustomerOrdersController] [39m[32mUser d26831b8-20ef-4b10-8a1c-737a83d9b21f fetching orders (all branches)[39m
[32m[Nest] 32608  - [39m2026. 03. 24. 오전 2:33:13 [32m    LOG[39m [38;5;3m[CustomerOrdersService] [39m[32mFetching orders (all branches) by user d26831b8-20ef-4b10-8a1c-737a83d9b21f[39m
[33m[Nest] 32608  - [39m2026. 03. 24. 오전 2:33:14 [33m   WARN[39m [38;5;3m[DepositSyncService] [39m[33mDuplicate deposit sheet mapping detected for "시트1" in spreadsheet "1MSwPe5z2ebuU1xNginda2Rt4d4sLrBXh9p5M4rNSKPI". Only the first branch will be used.[39m
[32m[Nest] 32608  - [39m2026. 03. 24. 오전 2:33:14 [32m    LOG[39m [38;5;3m[CustomerOrdersService] [39m[32mFetched 0 orders[39m
[32m[Nest] 32608  - [39m2026. 03. 24. 오전 2:33:14 [32m    LOG[39m [38;5;3m[HTTP] [39m[32mGET /customer/orders?page=1&limit=1&dateStart=2026-03-24&dateEnd=2026-03-24&status=COMPLETED - 496ms[39m
[32m[Nest] 32608  - [39m2026. 03. 24. 오전 2:33:14 [32m    LOG[39m [38;5;3m[CustomerOrdersService] [39m[32mFetched 0 orders[39m
[32m[Nest] 32608  - [39m2026. 03. 24. 오전 2:33:14 [32m    LOG[39m [38;5;3m[HTTP] [39m[32mGET /customer/orders?page=1&limit=1&dateStart=2026-03-24&dateEnd=2026-03-24&status=CONFIRMED - 507ms[39m
[32m[Nest] 32608  - [39m2026. 03. 24. 오전 2:33:14 [32m    LOG[39m [38;5;3m[CustomerOrdersController] [39m[32mUser d26831b8-20ef-4b10-8a1c-737a83d9b21f fetching orders (all branches)[39m
[32m[Nest] 32608  - [39m2026. 03. 24. 오전 2:33:14 [32m    LOG[39m [38;5;3m[CustomerOrdersService] [39m[32mFetching orders (all branches) by user d26831b8-20ef-4b10-8a1c-737a83d9b21f[39m
[32m[Nest] 32608  - [39m2026. 03. 24. 오전 2:33:14 [32m    LOG[39m [38;5;3m[CustomerOrdersService] [39m[32mFetched 0 orders[39m
[32m[Nest] 32608  - [39m2026. 03. 24. 오전 2:33:14 [32m    LOG[39m [38;5;3m[HTTP] [39m[32mGET /customer/orders?page=1&limit=1&dateStart=2026-03-24&dateEnd=2026-03-24&status=READY - 524ms[39m
[32m[Nest] 32608  - [39m2026. 03. 24. 오전 2:33:14 [32m    LOG[39m [38;5;3m[CustomerOrdersService] [39m[32mFetched 0 orders[39m
[32m[Nest] 32608  - [39m2026. 03. 24. 오전 2:33:14 [32m    LOG[39m [38;5;3m[HTTP] [39m[32mGET /customer/orders?page=1&limit=1&dateStart=2026-03-24&dateEnd=2026-03-24&status=CANCELLED - 518ms[39m
[32m[Nest] 32608  - [39m2026. 03. 24. 오전 2:33:14 [32m    LOG[39m [38;5;3m[CustomerOrdersService] [39m[32mFetched 0 orders[39m
[32m[Nest] 32608  - [39m2026. 03. 24. 오전 2:33:14 [32m    LOG[39m [38;5;3m[HTTP] [39m[32mGET /customer/orders?page=1&limit=1&dateStart=2026-03-24&dateEnd=2026-03-24&status=PREPARING - 547ms[39m
[32m[Nest] 32608  - [39m2026. 03. 24. 오전 2:33:14 [32m    LOG[39m [38;5;3m[CustomerOrdersService] [39m[32mFetched 0 orders[39m
[32m[Nest] 32608  - [39m2026. 03. 24. 오전 2:33:14 [32m    LOG[39m [38;5;3m[HTTP] [39m[32mGET /customer/orders?page=1&limit=1&dateStart=2026-03-24&dateEnd=2026-03-24&status=REFUNDED - 484ms[39m
[33m[Nest] 32608  - [39m2026. 03. 24. 오전 2:33:14 [33m   WARN[39m [38;5;3m[CustomerOrdersService] [39m[33mFailed to load order payment methods for customer orders: column orders.payment_method does not exist[39m
[32m[Nest] 32608  - [39m2026. 03. 24. 오전 2:33:15 [32m    LOG[39m [38;5;3m[CustomerOrdersService] [39m[32mFetched 1 orders[39m
[32m[Nest] 32608  - [39m2026. 03. 24. 오전 2:33:15 [32m    LOG[39m [38;5;3m[HTTP] [39m[32mGET /customer/orders?page=1&limit=1&dateStart=2026-03-24&dateEnd=2026-03-24&status=CREATED - 1479ms[39m
[2J[3J[H[[90m오전 2:33:20[0m] File change detected. Starting incremental compilation...

[[90m오전 2:33:21[0m] Found 0 errors. Watching for file changes.

[33m[Nest] 28644  - [39m2026. 03. 24. 오전 2:33:29 [33m   WARN[39m [38;5;3m[Bootstrap] [39m[33mTOSS_SECRET_KEY not set — payment module will run in mock mode[39m
[33m[Nest] 28644  - [39m2026. 03. 24. 오전 2:33:29 [33m   WARN[39m [38;5;3m[Bootstrap] [39m[33mSENDGRID_API_KEY not set — email notifications will run in mock mode[39m
[33m[Nest] 28644  - [39m2026. 03. 24. 오전 2:33:29 [33m   WARN[39m [38;5;3m[Bootstrap] [39m[33mSMS_API_KEY not set — SMS notifications will run in mock mode[39m
[32m[Nest] 28644  - [39m2026. 03. 24. 오전 2:33:29 [32m    LOG[39m [38;5;3m[NestFactory] [39m[32mStarting Nest application...[39m[38;5;3m +13ms[39m
[32m[Nest] 28644  - [39m2026. 03. 24. 오전 2:33:29 [32m    LOG[39m [38;5;3m[InstanceLoader] [39m[32mConfigHostModule dependencies initialized[39m[38;5;3m +98ms[39m
[32m[Nest] 28644  - [39m2026. 03. 24. 오전 2:33:29 [32m    LOG[39m [38;5;3m[InstanceLoader] [39m[32mThrottlerModule dependencies initialized[39m[38;5;3m +1ms[39m
[33m[Nest] 28644  - [39m2026. 03. 24. 오전 2:33:29 [33m   WARN[39m [38;5;3m[NotificationsService] [39m[33mEmail notification running in mock mode (set SENDGRID_API_KEY + SENDGRID_LIVE_MODE=true for live mode)[39m
[33m[Nest] 28644  - [39m2026. 03. 24. 오전 2:33:29 [33m   WARN[39m [38;5;3m[NotificationsService] [39m[33mSMS notification running in mock mode (set SMS_API_KEY + SMS_API_URL + SMS_LIVE_MODE=true for live mode)[39m
[32m[Nest] 28644  - [39m2026. 03. 24. 오전 2:33:29 [32m    LOG[39m [38;5;3m[InstanceLoader] [39m[32mConfigModule dependencies initialized[39m[38;5;3m +1ms[39m
[32m[Nest] 28644  - [39m2026. 03. 24. 오전 2:33:29 [32m    LOG[39m [38;5;3m[InstanceLoader] [39m[32mConfigModule dependencies initialized[39m[38;5;3m +0ms[39m
[32m[Nest] 28644  - [39m2026. 03. 24. 오전 2:33:29 [32m    LOG[39m [38;5;3m[InstanceLoader] [39m[32mCacheModule dependencies initialized[39m[38;5;3m +1ms[39m
[32m[Nest] 28644  - [39m2026. 03. 24. 오전 2:33:29 [32m    LOG[39m [38;5;3m[InstanceLoader] [39m[32mTerminusModule dependencies initialized[39m[38;5;3m +1ms[39m
[33m[Nest] 28644  - [39m2026. 03. 24. 오전 2:33:29 [33m   WARN[39m [38;5;3m[ExportsQueue] [39m[33mbullmq package is not installed; order export queue and worker are disabled.[39m
[32m[Nest] 28644  - [39m2026. 03. 24. 오전 2:33:29 [32m    LOG[39m [38;5;3m[InstanceLoader] [39m[32mSupabaseModule dependencies initialized[39m[38;5;3m +4ms[39m
[32m[Nest] 28644  - [39m2026. 03. 24. 오전 2:33:29 [32m    LOG[39m [38;5;3m[InstanceLoader] [39m[32mAppModule dependencies initialized[39m[38;5;3m +6ms[39m
[32m[Nest] 28644  - [39m2026. 03. 24. 오전 2:33:29 [32m    LOG[39m [38;5;3m[InstanceLoader] [39m[32mDepositSyncModule dependencies initialized[39m[38;5;3m +0ms[39m
[32m[Nest] 28644  - [39m2026. 03. 24. 오전 2:33:29 [32m    LOG[39m [38;5;3m[InstanceLoader] [39m[32mAuthModule dependencies initialized[39m[38;5;3m +6ms[39m
[32m[Nest] 28644  - [39m2026. 03. 24. 오전 2:33:29 [32m    LOG[39m [38;5;3m[InstanceLoader] [39m[32mHealthModule dependencies initialized[39m[38;5;3m +1ms[39m
[32m[Nest] 28644  - [39m2026. 03. 24. 오전 2:33:29 [32m    LOG[39m [38;5;3m[InstanceLoader] [39m[32mPaymentsModule dependencies initialized[39m[38;5;3m +2ms[39m
[32m[Nest] 28644  - [39m2026. 03. 24. 오전 2:33:29 [32m    LOG[39m [38;5;3m[InstanceLoader] [39m[32mProductsModule dependencies initialized[39m[38;5;3m +0ms[39m
[32m[Nest] 28644  - [39m2026. 03. 24. 오전 2:33:29 [32m    LOG[39m [38;5;3m[InstanceLoader] [39m[32mBranchesModule dependencies initialized[39m[38;5;3m +0ms[39m
[32m[Nest] 28644  - [39m2026. 03. 24. 오전 2:33:29 [32m    LOG[39m [38;5;3m[InstanceLoader] [39m[32mBrandsModule dependencies initialized[39m[38;5;3m +0ms[39m
[32m[Nest] 28644  - [39m2026. 03. 24. 오전 2:33:29 [32m    LOG[39m [38;5;3m[InstanceLoader] [39m[32mMembersModule dependencies initialized[39m[38;5;3m +0ms[39m
[32m[Nest] 28644  - [39m2026. 03. 24. 오전 2:33:29 [32m    LOG[39m [38;5;3m[InstanceLoader] [39m[32mDashboardModule dependencies initialized[39m[38;5;3m +1ms[39m
[32m[Nest] 28644  - [39m2026. 03. 24. 오전 2:33:29 [32m    LOG[39m [38;5;3m[InstanceLoader] [39m[32mInventoryModule dependencies initialized[39m[38;5;3m +0ms[39m
[32m[Nest] 28644  - [39m2026. 03. 24. 오전 2:33:29 [32m    LOG[39m [38;5;3m[InstanceLoader] [39m[32mStampsModule dependencies initialized[39m[38;5;3m +0ms[39m
[32m[Nest] 28644  - [39m2026. 03. 24. 오전 2:33:29 [32m    LOG[39m [38;5;3m[InstanceLoader] [39m[32mCustomerDashboardModule dependencies initialized[39m[38;5;3m +0ms[39m
[32m[Nest] 28644  - [39m2026. 03. 24. 오전 2:33:29 [32m    LOG[39m [38;5;3m[InstanceLoader] [39m[32mCustomerBrandsModule dependencies initialized[39m[38;5;3m +0ms[39m
[32m[Nest] 28644  - [39m2026. 03. 24. 오전 2:33:29 [32m    LOG[39m [38;5;3m[InstanceLoader] [39m[32mCustomerBranchesModule dependencies initialized[39m[38;5;3m +0ms[39m
[32m[Nest] 28644  - [39m2026. 03. 24. 오전 2:33:29 [32m    LOG[39m [38;5;3m[InstanceLoader] [39m[32mCustomerMembersModule dependencies initialized[39m[38;5;3m +0ms[39m
[32m[Nest] 28644  - [39m2026. 03. 24. 오전 2:33:29 [32m    LOG[39m [38;5;3m[InstanceLoader] [39m[32mCustomerProductsModule dependencies initialized[39m[38;5;3m +1ms[39m
[32m[Nest] 28644  - [39m2026. 03. 24. 오전 2:33:29 [32m    LOG[39m [38;5;3m[InstanceLoader] [39m[32mAnalyticsModule dependencies initialized[39m[38;5;3m +0ms[39m
[32m[Nest] 28644  - [39m2026. 03. 24. 오전 2:33:29 [32m    LOG[39m [38;5;3m[InstanceLoader] [39m[32mUploadModule dependencies initialized[39m[38;5;3m +0ms[39m
[32m[Nest] 28644  - [39m2026. 03. 24. 오전 2:33:29 [32m    LOG[39m [38;5;3m[InstanceLoader] [39m[32mExportsModule dependencies initialized[39m[38;5;3m +1ms[39m
[32m[Nest] 28644  - [39m2026. 03. 24. 오전 2:33:29 [32m    LOG[39m [38;5;3m[InstanceLoader] [39m[32mNotificationsModule dependencies initialized[39m[38;5;3m +0ms[39m
[32m[Nest] 28644  - [39m2026. 03. 24. 오전 2:33:29 [32m    LOG[39m [38;5;3m[InstanceLoader] [39m[32mCustomerOrdersModule dependencies initialized[39m[38;5;3m +0ms[39m
[32m[Nest] 28644  - [39m2026. 03. 24. 오전 2:33:29 [32m    LOG[39m [38;5;3m[InstanceLoader] [39m[32mOrdersModule dependencies initialized[39m[38;5;3m +0ms[39m
[32m[Nest] 28644  - [39m2026. 03. 24. 오전 2:33:29 [32m    LOG[39m [38;5;3m[InstanceLoader] [39m[32mPublicOrderModule dependencies initialized[39m[38;5;3m +1ms[39m
[32m[Nest] 28644  - [39m2026. 03. 24. 오전 2:33:30 [32m    LOG[39m [38;5;3m[RoutesResolver] [39m[32mMeController {/}:[39m[38;5;3m +277ms[39m
[32m[Nest] 28644  - [39m2026. 03. 24. 오전 2:33:30 [32m    LOG[39m [38;5;3m[RouterExplorer] [39m[32mMapped {/me/profile, GET} route[39m[38;5;3m +14ms[39m
[32m[Nest] 28644  - [39m2026. 03. 24. 오전 2:33:30 [32m    LOG[39m [38;5;3m[RouterExplorer] [39m[32mMapped {/me/profile, PATCH} route[39m[38;5;3m +2ms[39m
[32m[Nest] 28644  - [39m2026. 03. 24. 오전 2:33:30 [32m    LOG[39m [38;5;3m[RouterExplorer] [39m[32mMapped {/me, GET} route[39m[38;5;3m +1ms[39m
[32m[Nest] 28644  - [39m2026. 03. 24. 오전 2:33:30 [32m    LOG[39m [38;5;3m[RoutesResolver] [39m[32mOrdersController {/admin/orders}:[39m[38;5;3m +0ms[39m
[32m[Nest] 28644  - [39m2026. 03. 24. 오전 2:33:30 [32m    LOG[39m [38;5;3m[RouterExplorer] [39m[32mMapped {/admin/orders, GET} route[39m[38;5;3m +1ms[39m
[32m[Nest] 28644  - [39m2026. 03. 24. 오전 2:33:30 [32m    LOG[39m [38;5;3m[RouterExplorer] [39m[32mMapped {/admin/orders/:orderId, GET} route[39m[38;5;3m +3ms[39m
[32m[Nest] 28644  - [39m2026. 03. 24. 오전 2:33:30 [32m    LOG[39m [38;5;3m[RouterExplorer] [39m[32mMapped {/admin/orders/:orderId/status, PATCH} route[39m[38;5;3m +2ms[39m
[32m[Nest] 28644  - [39m2026. 03. 24. 오전 2:33:30 [32m    LOG[39m [38;5;3m[RoutesResolver] [39m[32mPaymentsPublicController {/payments}:[39m[38;5;3m +0ms[39m
[32m[Nest] 28644  - [39m2026. 03. 24. 오전 2:33:30 [32m    LOG[39m [38;5;3m[RouterExplorer] [39m[32mMapped {/payments/prepare, POST} route[39m[38;5;3m +2ms[39m
[32m[Nest] 28644  - [39m2026. 03. 24. 오전 2:33:30 [32m    LOG[39m [38;5;3m[RouterExplorer] [39m[32mMapped {/payments/confirm, POST} route[39m[38;5;3m +2ms[39m
[32m[Nest] 28644  - [39m2026. 03. 24. 오전 2:33:30 [32m    LOG[39m [38;5;3m[RouterExplorer] [39m[32mMapped {/payments/:orderId/status, GET} route[39m[38;5;3m +3ms[39m
[32m[Nest] 28644  - [39m2026. 03. 24. 오전 2:33:30 [32m    LOG[39m [38;5;3m[RouterExplorer] [39m[32mMapped {/payments/webhook/toss, POST} route[39m[38;5;3m +1ms[39m
[32m[Nest] 28644  - [39m2026. 03. 24. 오전 2:33:30 [32m    LOG[39m [38;5;3m[RoutesResolver] [39m[32mPaymentsCustomerController {/customer/payments}:[39m[38;5;3m +1ms[39m
[32m[Nest] 28644  - [39m2026. 03. 24. 오전 2:33:30 [32m    LOG[39m [38;5;3m[RouterExplorer] [39m[32mMapped {/customer/payments, GET} route[39m[38;5;3m +1ms[39m
[32m[Nest] 28644  - [39m2026. 03. 24. 오전 2:33:30 [32m    LOG[39m [38;5;3m[RouterExplorer] [39m[32mMapped {/customer/payments/:paymentId, GET} route[39m[38;5;3m +2ms[39m
[32m[Nest] 28644  - [39m2026. 03. 24. 오전 2:33:30 [32m    LOG[39m [38;5;3m[RouterExplorer] [39m[32mMapped {/customer/payments/:paymentId/refund, POST} route[39m[38;5;3m +2ms[39m
[32m[Nest] 28644  - [39m2026. 03. 24. 오전 2:33:30 [32m    LOG[39m [38;5;3m[RoutesResolver] [39m[32mProductsController {/admin/products}:[39m[38;5;3m +0ms[39m
[32m[Nest] 28644  - [39m2026. 03. 24. 오전 2:33:30 [32m    LOG[39m [38;5;3m[RouterExplorer] [39m[32mMapped {/admin/products, GET} route[39m[38;5;3m +1ms[39m
[32m[Nest] 28644  - [39m2026. 03. 24. 오전 2:33:30 [32m    LOG[39m [38;5;3m[RouterExplorer] [39m[32mMapped {/admin/products/search, GET} route[39m[38;5;3m +1ms[39m
[32m[Nest] 28644  - [39m2026. 03. 24. 오전 2:33:30 [32m    LOG[39m [38;5;3m[RouterExplorer] [39m[32mMapped {/admin/products/categories, GET} route[39m[38;5;3m +3ms[39m
[32m[Nest] 28644  - [39m2026. 03. 24. 오전 2:33:30 [32m    LOG[39m [38;5;3m[RouterExplorer] [39m[32mMapped {/admin/products/:productId, GET} route[39m[38;5;3m +1ms[39m
[32m[Nest] 28644  - [39m2026. 03. 24. 오전 2:33:30 [32m    LOG[39m [38;5;3m[RouterExplorer] [39m[32mMapped {/admin/products, POST} route[39m[38;5;3m +1ms[39m
[32m[Nest] 28644  - [39m2026. 03. 24. 오전 2:33:30 [32m    LOG[39m [38;5;3m[RouterExplorer] [39m[32mMapped {/admin/products/:productId, PATCH} route[39m[38;5;3m +1ms[39m
[32m[Nest] 28644  - [39m2026. 03. 24. 오전 2:33:30 [32m    LOG[39m [38;5;3m[RouterExplorer] [39m[32mMapped {/admin/products/:productId, DELETE} route[39m[38;5;3m +0ms[39m
[32m[Nest] 28644  - [39m2026. 03. 24. 오전 2:33:30 [32m    LOG[39m [38;5;3m[RoutesResolver] [39m[32mBranchesController {/admin/branches}:[39m[38;5;3m +1ms[39m
[32m[Nest] 28644  - [39m2026. 03. 24. 오전 2:33:30 [32m    LOG[39m [38;5;3m[RouterExplorer] [39m[32mMapped {/admin/branches, GET} route[39m[38;5;3m +0ms[39m
[32m[Nest] 28644  - [39m2026. 03. 24. 오전 2:33:30 [32m    LOG[39m [38;5;3m[RouterExplorer] [39m[32mMapped {/admin/branches/:branchId, GET} route[39m[38;5;3m +2ms[39m
[32m[Nest] 28644  - [39m2026. 03. 24. 오전 2:33:30 [32m    LOG[39m [38;5;3m[RouterExplorer] [39m[32mMapped {/admin/branches, POST} route[39m[38;5;3m +1ms[39m
[32m[Nest] 28644  - [39m2026. 03. 24. 오전 2:33:30 [32m    LOG[39m [38;5;3m[RouterExplorer] [39m[32mMapped {/admin/branches/:branchId, PATCH} route[39m[38;5;3m +1ms[39m
[32m[Nest] 28644  - [39m2026. 03. 24. 오전 2:33:30 [32m    LOG[39m [38;5;3m[RouterExplorer] [39m[32mMapped {/admin/branches/:branchId, DELETE} route[39m[38;5;3m +0ms[39m
[32m[Nest] 28644  - [39m2026. 03. 24. 오전 2:33:30 [32m    LOG[39m [38;5;3m[RoutesResolver] [39m[32mBrandsController {/admin/brands}:[39m[38;5;3m +1ms[39m
[32m[Nest] 28644  - [39m2026. 03. 24. 오전 2:33:30 [32m    LOG[39m [38;5;3m[RouterExplorer] [39m[32mMapped {/admin/brands, GET} route[39m[38;5;3m +0ms[39m
[32m[Nest] 28644  - [39m2026. 03. 24. 오전 2:33:30 [32m    LOG[39m [38;5;3m[RouterExplorer] [39m[32mMapped {/admin/brands/:brandId, GET} route[39m[38;5;3m +1ms[39m
[32m[Nest] 28644  - [39m2026. 03. 24. 오전 2:33:30 [32m    LOG[39m [38;5;3m[RouterExplorer] [39m[32mMapped {/admin/brands, POST} route[39m[38;5;3m +0ms[39m
[32m[Nest] 28644  - [39m2026. 03. 24. 오전 2:33:30 [32m    LOG[39m [38;5;3m[RouterExplorer] [39m[32mMapped {/admin/brands/:brandId, PATCH} route[39m[38;5;3m +1ms[39m
[32m[Nest] 28644  - [39m2026. 03. 24. 오전 2:33:30 [32m    LOG[39m [38;5;3m[RouterExplorer] [39m[32mMapped {/admin/brands/:brandId, DELETE} route[39m[38;5;3m +0ms[39m
[32m[Nest] 28644  - [39m2026. 03. 24. 오전 2:33:30 [32m    LOG[39m [38;5;3m[RoutesResolver] [39m[32mMembersController {/admin/members}:[39m[38;5;3m +1ms[39m
[32m[Nest] 28644  - [39m2026. 03. 24. 오전 2:33:30 [32m    LOG[39m [38;5;3m[RouterExplorer] [39m[32mMapped {/admin/members/pending, GET} route[39m[38;5;3m +2ms[39m
[32m[Nest] 28644  - [39m2026. 03. 24. 오전 2:33:30 [32m    LOG[39m [38;5;3m[RouterExplorer] [39m[32mMapped {/admin/members/profile/:userId, PATCH} route[39m[38;5;3m +2ms[39m
[32m[Nest] 28644  - [39m2026. 03. 24. 오전 2:33:30 [32m    LOG[39m [38;5;3m[RouterExplorer] [39m[32mMapped {/admin/members/approve-brand-creator/:userId, POST} route[39m[38;5;3m +1ms[39m
[32m[Nest] 28644  - [39m2026. 03. 24. 오전 2:33:30 [32m    LOG[39m [38;5;3m[RouterExplorer] [39m[32mMapped {/admin/members/transfer, POST} route[39m[38;5;3m +0ms[39m
[32m[Nest] 28644  - [39m2026. 03. 24. 오전 2:33:30 [32m    LOG[39m [38;5;3m[RouterExplorer] [39m[32mMapped {/admin/members/brand/:brandId, GET} route[39m[38;5;3m +1ms[39m
[32m[Nest] 28644  - [39m2026. 03. 24. 오전 2:33:30 [32m    LOG[39m [38;5;3m[RouterExplorer] [39m[32mMapped {/admin/members/brand/:brandId, POST} route[39m[38;5;3m +3ms[39m
[32m[Nest] 28644  - [39m2026. 03. 24. 오전 2:33:30 [32m    LOG[39m [38;5;3m[RouterExplorer] [39m[32mMapped {/admin/members/brand/:brandId/:userId, PATCH} route[39m[38;5;3m +1ms[39m
[32m[Nest] 28644  - [39m2026. 03. 24. 오전 2:33:30 [32m    LOG[39m [38;5;3m[RouterExplorer] [39m[32mMapped {/admin/members/brand/:brandId/:userId, DELETE} route[39m[38;5;3m +1ms[39m
[32m[Nest] 28644  - [39m2026. 03. 24. 오전 2:33:30 [32m    LOG[39m [38;5;3m[RouterExplorer] [39m[32mMapped {/admin/members/branch/:branchId, GET} route[39m[38;5;3m +0ms[39m
[32m[Nest] 28644  - [39m2026. 03. 24. 오전 2:33:30 [32m    LOG[39m [38;5;3m[RouterExplorer] [39m[32mMapped {/admin/members/branch, POST} route[39m[38;5;3m +1ms[39m
[32m[Nest] 28644  - [39m2026. 03. 24. 오전 2:33:30 [32m    LOG[39m [38;5;3m[RouterExplorer] [39m[32mMapped {/admin/members/branch/:branchId/:userId, PATCH} route[39m[38;5;3m +0ms[39m
[32m[Nest] 28644  - [39m2026. 03. 24. 오전 2:33:30 [32m    LOG[39m [38;5;3m[RouterExplorer] [39m[32mMapped {/admin/members/branch/:branchId/:userId, DELETE} route[39m[38;5;3m +1ms[39m
[32m[Nest] 28644  - [39m2026. 03. 24. 오전 2:33:30 [32m    LOG[39m [38;5;3m[RoutesResolver] [39m[32mDashboardController {/admin/dashboard}:[39m[38;5;3m +0ms[39m
[32m[Nest] 28644  - [39m2026. 03. 24. 오전 2:33:30 [32m    LOG[39m [38;5;3m[RouterExplorer] [39m[32mMapped {/admin/dashboard/stats, GET} route[39m[38;5;3m +2ms[39m
[32m[Nest] 28644  - [39m2026. 03. 24. 오전 2:33:30 [32m    LOG[39m [38;5;3m[RoutesResolver] [39m[32mPublicOrderController {/public}:[39m[38;5;3m +1ms[39m
[32m[Nest] 28644  - [39m2026. 03. 24. 오전 2:33:30 [32m    LOG[39m [38;5;3m[RouterExplorer] [39m[32mMapped {/public/brands, GET} route[39m[38;5;3m +1ms[39m
[32m[Nest] 28644  - [39m2026. 03. 24. 오전 2:33:30 [32m    LOG[39m [38;5;3m[RouterExplorer] [39m[32mMapped {/public/shop/brands/:brandSlug, GET} route[39m[38;5;3m +1ms[39m
[32m[Nest] 28644  - [39m2026. 03. 24. 오전 2:33:30 [32m    LOG[39m [38;5;3m[RouterExplorer] [39m[32mMapped {/public/shop/brands/:brandSlug/orders, POST} route[39m[38;5;3m +0ms[39m
[32m[Nest] 28644  - [39m2026. 03. 24. 오전 2:33:30 [32m    LOG[39m [38;5;3m[RouterExplorer] [39m[32mMapped {/public/branches/:branchId, GET} route[39m[38;5;3m +1ms[39m
[32m[Nest] 28644  - [39m2026. 03. 24. 오전 2:33:30 [32m    LOG[39m [38;5;3m[RouterExplorer] [39m[32mMapped {/public/branch/:branchId, GET} route[39m[38;5;3m +0ms[39m
[32m[Nest] 28644  - [39m2026. 03. 24. 오전 2:33:30 [32m    LOG[39m [38;5;3m[RouterExplorer] [39m[32mMapped {/public/branches/slug/:slug, GET} route[39m[38;5;3m +1ms[39m
[32m[Nest] 28644  - [39m2026. 03. 24. 오전 2:33:30 [32m    LOG[39m [38;5;3m[RouterExplorer] [39m[32mMapped {/public/brands/:brandSlug/branches/:branchSlug, GET} route[39m[38;5;3m +0ms[39m
[32m[Nest] 28644  - [39m2026. 03. 24. 오전 2:33:30 [32m    LOG[39m [38;5;3m[RouterExplorer] [39m[32mMapped {/public/brands/:brandSlug/branches, GET} route[39m[38;5;3m +1ms[39m
[32m[Nest] 28644  - [39m2026. 03. 24. 오전 2:33:30 [32m    LOG[39m [38;5;3m[RouterExplorer] [39m[32mMapped {/public/branches/:branchId/categories, GET} route[39m[38;5;3m +1ms[39m
[32m[Nest] 28644  - [39m2026. 03. 24. 오전 2:33:30 [32m    LOG[39m [38;5;3m[RouterExplorer] [39m[32mMapped {/public/branches/:branchId/products, GET} route[39m[38;5;3m +0ms[39m
[32m[Nest] 28644  - [39m2026. 03. 24. 오전 2:33:30 [32m    LOG[39m [38;5;3m[RouterExplorer] [39m[32mMapped {/public/branch/:branchId/products, GET} route[39m[38;5;3m +1ms[39m
[32m[Nest] 28644  - [39m2026. 03. 24. 오전 2:33:30 [32m    LOG[39m [38;5;3m[RouterExplorer] [39m[32mMapped {/public/branch/:branchId/stamp-info, GET} route[39m[38;5;3m +1ms[39m
[32m[Nest] 28644  - [39m2026. 03. 24. 오전 2:33:30 [32m    LOG[39m [38;5;3m[RouterExplorer] [39m[32mMapped {/public/orders, POST} route[39m[38;5;3m +0ms[39m
[32m[Nest] 28644  - [39m2026. 03. 24. 오전 2:33:30 [32m    LOG[39m [38;5;3m[RouterExplorer] [39m[32mMapped {/public/orders/:orderIdOrNo, GET} route[39m[38;5;3m +1ms[39m
[32m[Nest] 28644  - [39m2026. 03. 24. 오전 2:33:30 [32m    LOG[39m [38;5;3m[RoutesResolver] [39m[32mMeOrdersController {/me/orders}:[39m[38;5;3m +0ms[39m
[32m[Nest] 28644  - [39m2026. 03. 24. 오전 2:33:30 [32m    LOG[39m [38;5;3m[RouterExplorer] [39m[32mMapped {/me/orders, POST} route[39m[38;5;3m +0ms[39m
[32m[Nest] 28644  - [39m2026. 03. 24. 오전 2:33:30 [32m    LOG[39m [38;5;3m[RouterExplorer] [39m[32mMapped {/me/orders/:orderId, GET} route[39m[38;5;3m +1ms[39m
[32m[Nest] 28644  - [39m2026. 03. 24. 오전 2:33:30 [32m    LOG[39m [38;5;3m[RouterExplorer] [39m[32mMapped {/me/orders/:orderId/cancel, POST} route[39m[38;5;3m +0ms[39m
[32m[Nest] 28644  - [39m2026. 03. 24. 오전 2:33:30 [32m    LOG[39m [38;5;3m[RoutesResolver] [39m[32mInventoryController {/customer/inventory}:[39m[38;5;3m +0ms[39m
[32m[Nest] 28644  - [39m2026. 03. 24. 오전 2:33:30 [32m    LOG[39m [38;5;3m[RouterExplorer] [39m[32mMapped {/customer/inventory, GET} route[39m[38;5;3m +1ms[39m
[32m[Nest] 28644  - [39m2026. 03. 24. 오전 2:33:30 [32m    LOG[39m [38;5;3m[RouterExplorer] [39m[32mMapped {/customer/inventory/alerts, GET} route[39m[38;5;3m +1ms[39m
[32m[Nest] 28644  - [39m2026. 03. 24. 오전 2:33:30 [32m    LOG[39m [38;5;3m[RouterExplorer] [39m[32mMapped {/customer/inventory/logs, GET} route[39m[38;5;3m +1ms[39m
[32m[Nest] 28644  - [39m2026. 03. 24. 오전 2:33:30 [32m    LOG[39m [38;5;3m[RouterExplorer] [39m[32mMapped {/customer/inventory/bulk-adjust, POST} route[39m[38;5;3m +0ms[39m
[32m[Nest] 28644  - [39m2026. 03. 24. 오전 2:33:30 [32m    LOG[39m [38;5;3m[RouterExplorer] [39m[32mMapped {/customer/inventory/bulk-deactivate, POST} route[39m[38;5;3m +1ms[39m
[32m[Nest] 28644  - [39m2026. 03. 24. 오전 2:33:30 [32m    LOG[39m [38;5;3m[RouterExplorer] [39m[32mMapped {/customer/inventory/:productId, GET} route[39m[38;5;3m +0ms[39m
[32m[Nest] 28644  - [39m2026. 03. 24. 오전 2:33:30 [32m    LOG[39m [38;5;3m[RouterExplorer] [39m[32mMapped {/customer/inventory/:productId, PATCH} route[39m[38;5;3m +1ms[39m
[32m[Nest] 28644  - [39m2026. 03. 24. 오전 2:33:30 [32m    LOG[39m [38;5;3m[RouterExplorer] [39m[32mMapped {/customer/inventory/:productId/adjust, POST} route[39m[38;5;3m +1ms[39m
[32m[Nest] 28644  - [39m2026. 03. 24. 오전 2:33:30 [32m    LOG[39m [38;5;3m[RoutesResolver] [39m[32mStampsController {/customer/branches/:branchId/stamp-card}:[39m[38;5;3m +0ms[39m
[32m[Nest] 28644  - [39m2026. 03. 24. 오전 2:33:30 [32m    LOG[39m [38;5;3m[RouterExplorer] [39m[32mMapped {/customer/branches/:branchId/stamp-card, GET} route[39m[38;5;3m +1ms[39m
[32m[Nest] 28644  - [39m2026. 03. 24. 오전 2:33:30 [32m    LOG[39m [38;5;3m[RouterExplorer] [39m[32mMapped {/customer/branches/:branchId/stamp-card, PUT} route[39m[38;5;3m +0ms[39m
[32m[Nest] 28644  - [39m2026. 03. 24. 오전 2:33:30 [32m    LOG[39m [38;5;3m[RoutesResolver] [39m[32mUserNotificationsController {/customer/notifications}:[39m[38;5;3m +0ms[39m
[32m[Nest] 28644  - [39m2026. 03. 24. 오전 2:33:30 [32m    LOG[39m [38;5;3m[RouterExplorer] [39m[32mMapped {/customer/notifications, GET} route[39m[38;5;3m +1ms[39m
[32m[Nest] 28644  - [39m2026. 03. 24. 오전 2:33:30 [32m    LOG[39m [38;5;3m[RouterExplorer] [39m[32mMapped {/customer/notifications/read-all, PATCH} route[39m[38;5;3m +1ms[39m
[32m[Nest] 28644  - [39m2026. 03. 24. 오전 2:33:30 [32m    LOG[39m [38;5;3m[RouterExplorer] [39m[32mMapped {/customer/notifications/:notificationId/read, PATCH} route[39m[38;5;3m +0ms[39m
[32m[Nest] 28644  - [39m2026. 03. 24. 오전 2:33:30 [32m    LOG[39m [38;5;3m[RouterExplorer] [39m[32mMapped {/customer/notifications/send-kakao, POST} route[39m[38;5;3m +1ms[39m
[32m[Nest] 28644  - [39m2026. 03. 24. 오전 2:33:30 [32m    LOG[39m [38;5;3m[RoutesResolver] [39m[32mHealthController {/health}:[39m[38;5;3m +1ms[39m
[32m[Nest] 28644  - [39m2026. 03. 24. 오전 2:33:30 [32m    LOG[39m [38;5;3m[RouterExplorer] [39m[32mMapped {/health, GET} route[39m[38;5;3m +0ms[39m
[32m[Nest] 28644  - [39m2026. 03. 24. 오전 2:33:30 [32m    LOG[39m [38;5;3m[RoutesResolver] [39m[32mCustomerDashboardController {/customer/dashboard}:[39m[38;5;3m +0ms[39m
[32m[Nest] 28644  - [39m2026. 03. 24. 오전 2:33:30 [32m    LOG[39m [38;5;3m[RouterExplorer] [39m[32mMapped {/customer/dashboard, GET} route[39m[38;5;3m +1ms[39m
[32m[Nest] 28644  - [39m2026. 03. 24. 오전 2:33:30 [32m    LOG[39m [38;5;3m[RoutesResolver] [39m[32mCustomerBrandsController {/customer/brands}:[39m[38;5;3m +0ms[39m
[32m[Nest] 28644  - [39m2026. 03. 24. 오전 2:33:30 [32m    LOG[39m [38;5;3m[RouterExplorer] [39m[32mMapped {/customer/brands, GET} route[39m[38;5;3m +1ms[39m
[32m[Nest] 28644  - [39m2026. 03. 24. 오전 2:33:30 [32m    LOG[39m [38;5;3m[RouterExplorer] [39m[32mMapped {/customer/brands, POST} route[39m[38;5;3m +0ms[39m
[32m[Nest] 28644  - [39m2026. 03. 24. 오전 2:33:30 [32m    LOG[39m [38;5;3m[RouterExplorer] [39m[32mMapped {/customer/brands/:brandId, GET} route[39m[38;5;3m +0ms[39m
[32m[Nest] 28644  - [39m2026. 03. 24. 오전 2:33:30 [32m    LOG[39m [38;5;3m[RouterExplorer] [39m[32mMapped {/customer/brands/:brandId, PATCH} route[39m[38;5;3m +1ms[39m
[32m[Nest] 28644  - [39m2026. 03. 24. 오전 2:33:30 [32m    LOG[39m [38;5;3m[RoutesResolver] [39m[32mCustomerBranchesController {/customer/branches}:[39m[38;5;3m +0ms[39m
[32m[Nest] 28644  - [39m2026. 03. 24. 오전 2:33:30 [32m    LOG[39m [38;5;3m[RouterExplorer] [39m[32mMapped {/customer/branches, GET} route[39m[38;5;3m +1ms[39m
[32m[Nest] 28644  - [39m2026. 03. 24. 오전 2:33:30 [32m    LOG[39m [38;5;3m[RouterExplorer] [39m[32mMapped {/customer/branches/:branchId, GET} route[39m[38;5;3m +0ms[39m
[32m[Nest] 28644  - [39m2026. 03. 24. 오전 2:33:30 [32m    LOG[39m [38;5;3m[RouterExplorer] [39m[32mMapped {/customer/branches, POST} route[39m[38;5;3m +1ms[39m
[32m[Nest] 28644  - [39m2026. 03. 24. 오전 2:33:30 [32m    LOG[39m [38;5;3m[RouterExplorer] [39m[32mMapped {/customer/branches/:branchId, PATCH} route[39m[38;5;3m +2ms[39m
[32m[Nest] 28644  - [39m2026. 03. 24. 오전 2:33:30 [32m    LOG[39m [38;5;3m[RouterExplorer] [39m[32mMapped {/customer/branches/:branchId, DELETE} route[39m[38;5;3m +1ms[39m
[32m[Nest] 28644  - [39m2026. 03. 24. 오전 2:33:30 [32m    LOG[39m [38;5;3m[RoutesResolver] [39m[32mCustomerMembersController {/customer/members}:[39m[38;5;3m +0ms[39m
[32m[Nest] 28644  - [39m2026. 03. 24. 오전 2:33:30 [32m    LOG[39m [38;5;3m[RouterExplorer] [39m[32mMapped {/customer/members/brand/:brandId, GET} route[39m[38;5;3m +1ms[39m
[32m[Nest] 28644  - [39m2026. 03. 24. 오전 2:33:30 [32m    LOG[39m [38;5;3m[RouterExplorer] [39m[32mMapped {/customer/members/brand/:brandId/history, GET} route[39m[38;5;3m +0ms[39m
[32m[Nest] 28644  - [39m2026. 03. 24. 오전 2:33:30 [32m    LOG[39m [38;5;3m[RouterExplorer] [39m[32mMapped {/customer/members/branch/:branchId, GET} route[39m[38;5;3m +1ms[39m
[32m[Nest] 28644  - [39m2026. 03. 24. 오전 2:33:30 [32m    LOG[39m [38;5;3m[RouterExplorer] [39m[32mMapped {/customer/members/branch/:branchId/history, GET} route[39m[38;5;3m +0ms[39m
[32m[Nest] 28644  - [39m2026. 03. 24. 오전 2:33:30 [32m    LOG[39m [38;5;3m[RouterExplorer] [39m[32mMapped {/customer/members/brand/:brandId/invite, POST} route[39m[38;5;3m +1ms[39m
[32m[Nest] 28644  - [39m2026. 03. 24. 오전 2:33:30 [32m    LOG[39m [38;5;3m[RouterExplorer] [39m[32mMapped {/customer/members/branch/:branchId/invite, POST} route[39m[38;5;3m +0ms[39m
[32m[Nest] 28644  - [39m2026. 03. 24. 오전 2:33:30 [32m    LOG[39m [38;5;3m[RouterExplorer] [39m[32mMapped {/customer/members/brand/:brandId/:userId, PATCH} route[39m[38;5;3m +1ms[39m
[32m[Nest] 28644  - [39m2026. 03. 24. 오전 2:33:30 [32m    LOG[39m [38;5;3m[RouterExplorer] [39m[32mMapped {/customer/members/branch/:branchId/:userId, PATCH} route[39m[38;5;3m +0ms[39m
[32m[Nest] 28644  - [39m2026. 03. 24. 오전 2:33:30 [32m    LOG[39m [38;5;3m[RoutesResolver] [39m[32mCustomerProductsController {/customer/products}:[39m[38;5;3m +0ms[39m
[32m[Nest] 28644  - [39m2026. 03. 24. 오전 2:33:30 [32m    LOG[39m [38;5;3m[RouterExplorer] [39m[32mMapped {/customer/products, GET} route[39m[38;5;3m +1ms[39m
[32m[Nest] 28644  - [39m2026. 03. 24. 오전 2:33:30 [32m    LOG[39m [38;5;3m[RouterExplorer] [39m[32mMapped {/customer/products/categories, GET} route[39m[38;5;3m +1ms[39m
[32m[Nest] 28644  - [39m2026. 03. 24. 오전 2:33:30 [32m    LOG[39m [38;5;3m[RouterExplorer] [39m[32mMapped {/customer/products/categories, POST} route[39m[38;5;3m +0ms[39m
[32m[Nest] 28644  - [39m2026. 03. 24. 오전 2:33:30 [32m    LOG[39m [38;5;3m[RouterExplorer] [39m[32mMapped {/customer/products/categories/bulk-create, POST} route[39m[38;5;3m +1ms[39m
[32m[Nest] 28644  - [39m2026. 03. 24. 오전 2:33:30 [32m    LOG[39m [38;5;3m[RouterExplorer] [39m[32mMapped {/customer/products/categories/reorder, PATCH} route[39m[38;5;3m +0ms[39m
[32m[Nest] 28644  - [39m2026. 03. 24. 오전 2:33:30 [32m    LOG[39m [38;5;3m[RouterExplorer] [39m[32mMapped {/customer/products/categories/:categoryId, PATCH} route[39m[38;5;3m +1ms[39m
[32m[Nest] 28644  - [39m2026. 03. 24. 오전 2:33:30 [32m    LOG[39m [38;5;3m[RouterExplorer] [39m[32mMapped {/customer/products/categories/:categoryId, DELETE} route[39m[38;5;3m +0ms[39m
[32m[Nest] 28644  - [39m2026. 03. 24. 오전 2:33:30 [32m    LOG[39m [38;5;3m[RouterExplorer] [39m[32mMapped {/customer/products/bulk-status, PATCH} route[39m[38;5;3m +1ms[39m
[32m[Nest] 28644  - [39m2026. 03. 24. 오전 2:33:30 [32m    LOG[39m [38;5;3m[RouterExplorer] [39m[32mMapped {/customer/products/categories/bulk-status, PATCH} route[39m[38;5;3m +0ms[39m
[32m[Nest] 28644  - [39m2026. 03. 24. 오전 2:33:30 [32m    LOG[39m [38;5;3m[RouterExplorer] [39m[32mMapped {/customer/products/reorder, PATCH} route[39m[38;5;3m +1ms[39m
[32m[Nest] 28644  - [39m2026. 03. 24. 오전 2:33:30 [32m    LOG[39m [38;5;3m[RouterExplorer] [39m[32mMapped {/customer/products/brand-templates, GET} route[39m[38;5;3m +1ms[39m
[32m[Nest] 28644  - [39m2026. 03. 24. 오전 2:33:30 [32m    LOG[39m [38;5;3m[RouterExplorer] [39m[32mMapped {/customer/products/brand-templates/:templateId/urgent-discount-histories, GET} route[39m[38;5;3m +1ms[39m
[32m[Nest] 28644  - [39m2026. 03. 24. 오전 2:33:30 [32m    LOG[39m [38;5;3m[RouterExplorer] [39m[32mMapped {/customer/products/brand-templates, POST} route[39m[38;5;3m +1ms[39m
[32m[Nest] 28644  - [39m2026. 03. 24. 오전 2:33:30 [32m    LOG[39m [38;5;3m[RouterExplorer] [39m[32mMapped {/customer/products/brand-templates/:templateId, PATCH} route[39m[38;5;3m +1ms[39m
[32m[Nest] 28644  - [39m2026. 03. 24. 오전 2:33:30 [32m    LOG[39m [38;5;3m[RouterExplorer] [39m[32mMapped {/customer/products/brand-templates/bulk/update, PATCH} route[39m[38;5;3m +0ms[39m
[32m[Nest] 28644  - [39m2026. 03. 24. 오전 2:33:30 [32m    LOG[39m [38;5;3m[RouterExplorer] [39m[32mMapped {/customer/products/brand-templates/:templateId, DELETE} route[39m[38;5;3m +1ms[39m
[32m[Nest] 28644  - [39m2026. 03. 24. 오전 2:33:30 [32m    LOG[39m [38;5;3m[RouterExplorer] [39m[32mMapped {/customer/products/brand-templates/:templateId/apply, POST} route[39m[38;5;3m +1ms[39m
[32m[Nest] 28644  - [39m2026. 03. 24. 오전 2:33:30 [32m    LOG[39m [38;5;3m[RouterExplorer] [39m[32mMapped {/customer/products/brand-templates/:templateId/unapply, POST} route[39m[38;5;3m +0ms[39m
[32m[Nest] 28644  - [39m2026. 03. 24. 오전 2:33:30 [32m    LOG[39m [38;5;3m[RouterExplorer] [39m[32mMapped {/customer/products/:productId, GET} route[39m[38;5;3m +2ms[39m
[32m[Nest] 28644  - [39m2026. 03. 24. 오전 2:33:30 [32m    LOG[39m [38;5;3m[RouterExplorer] [39m[32mMapped {/customer/products, POST} route[39m[38;5;3m +1ms[39m
[32m[Nest] 28644  - [39m2026. 03. 24. 오전 2:33:30 [32m    LOG[39m [38;5;3m[RouterExplorer] [39m[32mMapped {/customer/products/:productId, PATCH} route[39m[38;5;3m +1ms[39m
[32m[Nest] 28644  - [39m2026. 03. 24. 오전 2:33:30 [32m    LOG[39m [38;5;3m[RouterExplorer] [39m[32mMapped {/customer/products/:productId, DELETE} route[39m[38;5;3m +0ms[39m
[32m[Nest] 28644  - [39m2026. 03. 24. 오전 2:33:30 [32m    LOG[39m [38;5;3m[RoutesResolver] [39m[32mCustomerOrdersController {/customer/orders}:[39m[38;5;3m +1ms[39m
[32m[Nest] 28644  - [39m2026. 03. 24. 오전 2:33:30 [32m    LOG[39m [38;5;3m[RouterExplorer] [39m[32mMapped {/customer/orders, GET} route[39m[38;5;3m +0ms[39m
[32m[Nest] 28644  - [39m2026. 03. 24. 오전 2:33:30 [32m    LOG[39m [38;5;3m[RouterExplorer] [39m[32mMapped {/customer/orders/:orderId, GET} route[39m[38;5;3m +1ms[39m
[32m[Nest] 28644  - [39m2026. 03. 24. 오전 2:33:30 [32m    LOG[39m [38;5;3m[RouterExplorer] [39m[32mMapped {/customer/orders/:orderId/status, PATCH} route[39m[38;5;3m +0ms[39m
[32m[Nest] 28644  - [39m2026. 03. 24. 오전 2:33:30 [32m    LOG[39m [38;5;3m[RouterExplorer] [39m[32mMapped {/customer/orders/bulk-status, PATCH} route[39m[38;5;3m +0ms[39m
[32m[Nest] 28644  - [39m2026. 03. 24. 오전 2:33:30 [32m    LOG[39m [38;5;3m[RoutesResolver] [39m[32mAnalyticsController {/customer/analytics}:[39m[38;5;3m +1ms[39m
[32m[Nest] 28644  - [39m2026. 03. 24. 오전 2:33:30 [32m    LOG[39m [38;5;3m[RouterExplorer] [39m[32mMapped {/customer/analytics/sales, GET} route[39m[38;5;3m +0ms[39m
[32m[Nest] 28644  - [39m2026. 03. 24. 오전 2:33:30 [32m    LOG[39m [38;5;3m[RouterExplorer] [39m[32mMapped {/customer/analytics/products, GET} route[39m[38;5;3m +1ms[39m
[32m[Nest] 28644  - [39m2026. 03. 24. 오전 2:33:30 [32m    LOG[39m [38;5;3m[RouterExplorer] [39m[32mMapped {/customer/analytics/orders, GET} route[39m[38;5;3m +0ms[39m
[32m[Nest] 28644  - [39m2026. 03. 24. 오전 2:33:30 [32m    LOG[39m [38;5;3m[RouterExplorer] [39m[32mMapped {/customer/analytics/customers, GET} route[39m[38;5;3m +1ms[39m
[32m[Nest] 28644  - [39m2026. 03. 24. 오전 2:33:30 [32m    LOG[39m [38;5;3m[RouterExplorer] [39m[32mMapped {/customer/analytics/brand/sales, GET} route[39m[38;5;3m +1ms[39m
[32m[Nest] 28644  - [39m2026. 03. 24. 오전 2:33:30 [32m    LOG[39m [38;5;3m[RouterExplorer] [39m[32mMapped {/customer/analytics/brand/products, GET} route[39m[38;5;3m +1ms[39m
[32m[Nest] 28644  - [39m2026. 03. 24. 오전 2:33:30 [32m    LOG[39m [38;5;3m[RouterExplorer] [39m[32mMapped {/customer/analytics/brand/orders, GET} route[39m[38;5;3m +0ms[39m
[32m[Nest] 28644  - [39m2026. 03. 24. 오전 2:33:30 [32m    LOG[39m [38;5;3m[RouterExplorer] [39m[32mMapped {/customer/analytics/brand/customers, GET} route[39m[38;5;3m +1ms[39m
[32m[Nest] 28644  - [39m2026. 03. 24. 오전 2:33:30 [32m    LOG[39m [38;5;3m[RouterExplorer] [39m[32mMapped {/customer/analytics/products/abc, GET} route[39m[38;5;3m +0ms[39m
[32m[Nest] 28644  - [39m2026. 03. 24. 오전 2:33:30 [32m    LOG[39m [38;5;3m[RouterExplorer] [39m[32mMapped {/customer/analytics/products/hourly, GET} route[39m[38;5;3m +1ms[39m
[32m[Nest] 28644  - [39m2026. 03. 24. 오전 2:33:30 [32m    LOG[39m [38;5;3m[RouterExplorer] [39m[32mMapped {/customer/analytics/products/combinations, GET} route[39m[38;5;3m +0ms[39m
[32m[Nest] 28644  - [39m2026. 03. 24. 오전 2:33:30 [32m    LOG[39m [38;5;3m[RouterExplorer] [39m[32mMapped {/customer/analytics/customers/cohort, GET} route[39m[38;5;3m +1ms[39m
[32m[Nest] 28644  - [39m2026. 03. 24. 오전 2:33:30 [32m    LOG[39m [38;5;3m[RouterExplorer] [39m[32mMapped {/customer/analytics/customers/rfm, GET} route[39m[38;5;3m +0ms[39m
[32m[Nest] 28644  - [39m2026. 03. 24. 오전 2:33:30 [32m    LOG[39m [38;5;3m[RouterExplorer] [39m[32mMapped {/customer/analytics/brand/products/abc, GET} route[39m[38;5;3m +0ms[39m
[32m[Nest] 28644  - [39m2026. 03. 24. 오전 2:33:30 [32m    LOG[39m [38;5;3m[RouterExplorer] [39m[32mMapped {/customer/analytics/brand/customers/cohort, GET} route[39m[38;5;3m +1ms[39m
[32m[Nest] 28644  - [39m2026. 03. 24. 오전 2:33:30 [32m    LOG[39m [38;5;3m[RouterExplorer] [39m[32mMapped {/customer/analytics/brand/customers/rfm, GET} route[39m[38;5;3m +1ms[39m
[32m[Nest] 28644  - [39m2026. 03. 24. 오전 2:33:30 [32m    LOG[39m [38;5;3m[RoutesResolver] [39m[32mUploadController {/upload}:[39m[38;5;3m +1ms[39m
[32m[Nest] 28644  - [39m2026. 03. 24. 오전 2:33:30 [32m    LOG[39m [38;5;3m[RouterExplorer] [39m[32mMapped {/upload/image, POST} route[39m[38;5;3m +1ms[39m
[32m[Nest] 28644  - [39m2026. 03. 24. 오전 2:33:30 [32m    LOG[39m [38;5;3m[RouterExplorer] [39m[32mMapped {/upload/images, POST} route[39m[38;5;3m +1ms[39m
[32m[Nest] 28644  - [39m2026. 03. 24. 오전 2:33:30 [32m    LOG[39m [38;5;3m[RouterExplorer] [39m[32mMapped {/upload/image, DELETE} route[39m[38;5;3m +0ms[39m
[32m[Nest] 28644  - [39m2026. 03. 24. 오전 2:33:30 [32m    LOG[39m [38;5;3m[RouterExplorer] [39m[32mMapped {/upload/images, DELETE} route[39m[38;5;3m +0ms[39m
[32m[Nest] 28644  - [39m2026. 03. 24. 오전 2:33:30 [32m    LOG[39m [38;5;3m[RoutesResolver] [39m[32mExportsController {/exports}:[39m[38;5;3m +1ms[39m
[32m[Nest] 28644  - [39m2026. 03. 24. 오전 2:33:30 [32m    LOG[39m [38;5;3m[RouterExplorer] [39m[32mMapped {/exports/orders, POST} route[39m[38;5;3m +0ms[39m
[32m[Nest] 28644  - [39m2026. 03. 24. 오전 2:33:30 [32m    LOG[39m [38;5;3m[RouterExplorer] [39m[32mMapped {/exports/orders/:jobId, GET} route[39m[38;5;3m +1ms[39m
[32m[Nest] 28644  - [39m2026. 03. 24. 오전 2:33:30 [32m    LOG[39m [38;5;3m[DepositSyncService] [39m[32mDeposit sync enabled (poll=60000ms).[39m
[32m[Nest] 28644  - [39m2026. 03. 24. 오전 2:33:30 [32m    LOG[39m [38;5;3m[NestApplication] [39m[32mNest application successfully started[39m[38;5;3m +7ms[39m
Application is running on: http://localhost:4000
API Documentation: http://localhost:4000/api-docs
[33m[Nest] 28644  - [39m2026. 03. 24. 오전 2:33:35 [33m   WARN[39m [38;5;3m[DepositSyncService] [39m[33mShared deposit sheet mapping detected for "시트1" in spreadsheet "1MSwPe5z2ebuU1xNginda2Rt4d4sLrBXh9p5M4rNSKPI" across 2 branches. Deposit rows will be matched across those branches.[39m
[32m[Nest] 28644  - [39m2026. 03. 24. 오전 2:33:36 [32m    LOG[39m [38;5;3m[CustomerGuard] [39m[32mCustomerGuard: User d26831b8-20ef-4b10-8a1c-737a83d9b21f authorized with 1 brand(s) and 0 branch(es)[39m
[32m[Nest] 28644  - [39m2026. 03. 24. 오전 2:33:36 [32m    LOG[39m [38;5;3m[InventoryController] [39m[32mUser d26831b8-20ef-4b10-8a1c-737a83d9b21f fetching low stock alerts for all branches[39m
[32m[Nest] 28644  - [39m2026. 03. 24. 오전 2:33:36 [32m    LOG[39m [38;5;3m[InventoryService] [39m[32mFetching low stock alerts for all branches by user d26831b8-20ef-4b10-8a1c-737a83d9b21f[39m
[32m[Nest] 28644  - [39m2026. 03. 24. 오전 2:33:36 [32m    LOG[39m [38;5;3m[CustomerGuard] [39m[32mCustomerGuard: User d26831b8-20ef-4b10-8a1c-737a83d9b21f authorized with 1 brand(s) and 0 branch(es)[39m
[32m[Nest] 28644  - [39m2026. 03. 24. 오전 2:33:36 [32m    LOG[39m [38;5;3m[CustomerBranchesController] [39m[32mUser d26831b8-20ef-4b10-8a1c-737a83d9b21f fetching branches (all)[39m
[32m[Nest] 28644  - [39m2026. 03. 24. 오전 2:33:36 [32m    LOG[39m [38;5;3m[CustomerBranchesService] [39m[32mFetching all accessible branches for user d26831b8-20ef-4b10-8a1c-737a83d9b21f[39m
[32m[Nest] 28644  - [39m2026. 03. 24. 오전 2:33:36 [32m    LOG[39m [38;5;3m[CustomerGuard] [39m[32mCustomerGuard: User d26831b8-20ef-4b10-8a1c-737a83d9b21f authorized with 1 brand(s) and 0 branch(es)[39m
[32m[Nest] 28644  - [39m2026. 03. 24. 오전 2:33:36 [32m    LOG[39m [38;5;3m[CustomerBrandsService] [39m[32mFetching brands for user: d26831b8-20ef-4b10-8a1c-737a83d9b21f[39m
[32m[Nest] 28644  - [39m2026. 03. 24. 오전 2:33:36 [32m    LOG[39m [38;5;3m[CustomerGuard] [39m[32mCustomerGuard: User d26831b8-20ef-4b10-8a1c-737a83d9b21f authorized with 1 brand(s) and 0 branch(es)[39m
[32m[Nest] 28644  - [39m2026. 03. 24. 오전 2:33:36 [32m    LOG[39m [38;5;3m[CustomerOrdersController] [39m[32mUser d26831b8-20ef-4b10-8a1c-737a83d9b21f fetching orders (all branches)[39m
[32m[Nest] 28644  - [39m2026. 03. 24. 오전 2:33:36 [32m    LOG[39m [38;5;3m[CustomerOrdersService] [39m[32mFetching orders (all branches) by user d26831b8-20ef-4b10-8a1c-737a83d9b21f[39m
[32m[Nest] 28644  - [39m2026. 03. 24. 오전 2:33:36 [32m    LOG[39m [38;5;3m[HTTP] [39m[32mGET /me - 326ms[39m
[32m[Nest] 28644  - [39m2026. 03. 24. 오전 2:33:36 [32m    LOG[39m [38;5;3m[CustomerBranchesService] [39m[32mFetched 3 accessible branches for user d26831b8-20ef-4b10-8a1c-737a83d9b21f[39m
[32m[Nest] 28644  - [39m2026. 03. 24. 오전 2:33:36 [32m    LOG[39m [38;5;3m[HTTP] [39m[32mGET /customer/branches - 197ms[39m
[32m[Nest] 28644  - [39m2026. 03. 24. 오전 2:33:36 [32m    LOG[39m [38;5;3m[CustomerBrandsService] [39m[32mFetched 1 brands for user: d26831b8-20ef-4b10-8a1c-737a83d9b21f[39m
[32m[Nest] 28644  - [39m2026. 03. 24. 오전 2:33:36 [32m    LOG[39m [38;5;3m[HTTP] [39m[32mGET /customer/brands - 182ms[39m
[32m[Nest] 28644  - [39m2026. 03. 24. 오전 2:33:36 [32m    LOG[39m [38;5;3m[CustomerGuard] [39m[32mCustomerGuard: User d26831b8-20ef-4b10-8a1c-737a83d9b21f authorized with 1 brand(s) and 0 branch(es)[39m
[32m[Nest] 28644  - [39m2026. 03. 24. 오전 2:33:36 [32m    LOG[39m [38;5;3m[CustomerOrdersController] [39m[32mUser d26831b8-20ef-4b10-8a1c-737a83d9b21f fetching orders (all branches)[39m
[32m[Nest] 28644  - [39m2026. 03. 24. 오전 2:33:36 [32m    LOG[39m [38;5;3m[CustomerOrdersService] [39m[32mFetching orders (all branches) by user d26831b8-20ef-4b10-8a1c-737a83d9b21f[39m
[32m[Nest] 28644  - [39m2026. 03. 24. 오전 2:33:36 [32m    LOG[39m [38;5;3m[InventoryService] [39m[32mFound 6 low stock items for all branches[39m
[32m[Nest] 28644  - [39m2026. 03. 24. 오전 2:33:36 [32m    LOG[39m [38;5;3m[HTTP] [39m[32mGET /customer/inventory/alerts - 336ms[39m
[32m[Nest] 28644  - [39m2026. 03. 24. 오전 2:33:36 [32m    LOG[39m [38;5;3m[CustomerOrdersController] [39m[32mUser d26831b8-20ef-4b10-8a1c-737a83d9b21f fetching orders (all branches)[39m
[32m[Nest] 28644  - [39m2026. 03. 24. 오전 2:33:36 [32m    LOG[39m [38;5;3m[CustomerOrdersService] [39m[32mFetching orders (all branches) by user d26831b8-20ef-4b10-8a1c-737a83d9b21f[39m
[33m[Nest] 28644  - [39m2026. 03. 24. 오전 2:33:37 [33m   WARN[39m [38;5;3m[CustomerOrdersService] [39m[33mFailed to load order payment methods for customer orders: column orders.payment_method does not exist[39m
[33m[Nest] 28644  - [39m2026. 03. 24. 오전 2:33:37 [33m   WARN[39m [38;5;3m[CustomerOrdersService] [39m[33mFailed to load order payment methods for customer orders: column orders.payment_method does not exist[39m
[33m[Nest] 28644  - [39m2026. 03. 24. 오전 2:33:37 [33m   WARN[39m [38;5;3m[CustomerOrdersService] [39m[33mFailed to load order payment methods for customer orders: column orders.payment_method does not exist[39m
[32m[Nest] 28644  - [39m2026. 03. 24. 오전 2:33:37 [32m    LOG[39m [38;5;3m[CustomerOrdersService] [39m[32mFetched 8 orders[39m
[32m[Nest] 28644  - [39m2026. 03. 24. 오전 2:33:37 [32m    LOG[39m [38;5;3m[HTTP] [39m[32mGET /customer/orders?page=1&limit=20&dateStart=2026-03-24&dateEnd=2026-03-24 - 1556ms[39m
[32m[Nest] 28644  - [39m2026. 03. 24. 오전 2:33:38 [32m    LOG[39m [38;5;3m[CustomerOrdersService] [39m[32mFetched 1 orders[39m
[32m[Nest] 28644  - [39m2026. 03. 24. 오전 2:33:38 [32m    LOG[39m [38;5;3m[HTTP] [39m[32mGET /customer/orders?page=1&limit=1&dateStart=2026-03-24&dateEnd=2026-03-24 - 1496ms[39m
[32m[Nest] 28644  - [39m2026. 03. 24. 오전 2:33:38 [32m    LOG[39m [38;5;3m[CustomerOrdersController] [39m[32mUser d26831b8-20ef-4b10-8a1c-737a83d9b21f fetching orders (all branches)[39m
[32m[Nest] 28644  - [39m2026. 03. 24. 오전 2:33:38 [32m    LOG[39m [38;5;3m[CustomerOrdersService] [39m[32mFetching orders (all branches) by user d26831b8-20ef-4b10-8a1c-737a83d9b21f[39m
[32m[Nest] 28644  - [39m2026. 03. 24. 오전 2:33:38 [32m    LOG[39m [38;5;3m[CustomerOrdersController] [39m[32mUser d26831b8-20ef-4b10-8a1c-737a83d9b21f fetching orders (all branches)[39m
[32m[Nest] 28644  - [39m2026. 03. 24. 오전 2:33:38 [32m    LOG[39m [38;5;3m[CustomerOrdersService] [39m[32mFetching orders (all branches) by user d26831b8-20ef-4b10-8a1c-737a83d9b21f[39m
[32m[Nest] 28644  - [39m2026. 03. 24. 오전 2:33:38 [32m    LOG[39m [38;5;3m[CustomerOrdersController] [39m[32mUser d26831b8-20ef-4b10-8a1c-737a83d9b21f fetching orders (all branches)[39m
[32m[Nest] 28644  - [39m2026. 03. 24. 오전 2:33:38 [32m    LOG[39m [38;5;3m[CustomerOrdersService] [39m[32mFetching orders (all branches) by user d26831b8-20ef-4b10-8a1c-737a83d9b21f[39m
[32m[Nest] 28644  - [39m2026. 03. 24. 오전 2:33:38 [32m    LOG[39m [38;5;3m[CustomerOrdersController] [39m[32mUser d26831b8-20ef-4b10-8a1c-737a83d9b21f fetching orders (all branches)[39m
[32m[Nest] 28644  - [39m2026. 03. 24. 오전 2:33:38 [32m    LOG[39m [38;5;3m[CustomerOrdersService] [39m[32mFetching orders (all branches) by user d26831b8-20ef-4b10-8a1c-737a83d9b21f[39m
[32m[Nest] 28644  - [39m2026. 03. 24. 오전 2:33:38 [32m    LOG[39m [38;5;3m[CustomerOrdersController] [39m[32mUser d26831b8-20ef-4b10-8a1c-737a83d9b21f fetching orders (all branches)[39m
[32m[Nest] 28644  - [39m2026. 03. 24. 오전 2:33:38 [32m    LOG[39m [38;5;3m[CustomerOrdersService] [39m[32mFetching orders (all branches) by user d26831b8-20ef-4b10-8a1c-737a83d9b21f[39m
[32m[Nest] 28644  - [39m2026. 03. 24. 오전 2:33:38 [32m    LOG[39m [38;5;3m[CustomerOrdersService] [39m[32mFetched 12 orders[39m
[32m[Nest] 28644  - [39m2026. 03. 24. 오전 2:33:38 [32m    LOG[39m [38;5;3m[HTTP] [39m[32mGET /customer/orders?page=1&limit=20 - 1499ms[39m
[32m[Nest] 28644  - [39m2026. 03. 24. 오전 2:33:38 [32m    LOG[39m [38;5;3m[CustomerOrdersController] [39m[32mUser d26831b8-20ef-4b10-8a1c-737a83d9b21f fetching orders (all branches)[39m
[32m[Nest] 28644  - [39m2026. 03. 24. 오전 2:33:38 [32m    LOG[39m [38;5;3m[CustomerOrdersService] [39m[32mFetching orders (all branches) by user d26831b8-20ef-4b10-8a1c-737a83d9b21f[39m
[32m[Nest] 28644  - [39m2026. 03. 24. 오전 2:33:38 [32m    LOG[39m [38;5;3m[CustomerOrdersService] [39m[32mFetched 0 orders[39m
[32m[Nest] 28644  - [39m2026. 03. 24. 오전 2:33:38 [32m    LOG[39m [38;5;3m[HTTP] [39m[32mGET /customer/orders?page=1&limit=1&dateStart=2026-03-24&dateEnd=2026-03-24&status=READY - 516ms[39m
[32m[Nest] 28644  - [39m2026. 03. 24. 오전 2:33:38 [32m    LOG[39m [38;5;3m[CustomerOrdersService] [39m[32mFetched 0 orders[39m
[32m[Nest] 28644  - [39m2026. 03. 24. 오전 2:33:38 [32m    LOG[39m [38;5;3m[HTTP] [39m[32mGET /customer/orders?page=1&limit=1&dateStart=2026-03-24&dateEnd=2026-03-24&status=CONFIRMED - 532ms[39m
[32m[Nest] 28644  - [39m2026. 03. 24. 오전 2:33:38 [32m    LOG[39m [38;5;3m[CustomerOrdersService] [39m[32mFetched 0 orders[39m
[32m[Nest] 28644  - [39m2026. 03. 24. 오전 2:33:38 [32m    LOG[39m [38;5;3m[HTTP] [39m[32mGET /customer/orders?page=1&limit=1&dateStart=2026-03-24&dateEnd=2026-03-24&status=COMPLETED - 519ms[39m
[32m[Nest] 28644  - [39m2026. 03. 24. 오전 2:33:38 [32m    LOG[39m [38;5;3m[CustomerOrdersController] [39m[32mUser d26831b8-20ef-4b10-8a1c-737a83d9b21f fetching orders (all branches)[39m
[32m[Nest] 28644  - [39m2026. 03. 24. 오전 2:33:38 [32m    LOG[39m [38;5;3m[CustomerOrdersService] [39m[32mFetching orders (all branches) by user d26831b8-20ef-4b10-8a1c-737a83d9b21f[39m
[32m[Nest] 28644  - [39m2026. 03. 24. 오전 2:33:38 [32m    LOG[39m [38;5;3m[CustomerOrdersService] [39m[32mFetched 0 orders[39m
[32m[Nest] 28644  - [39m2026. 03. 24. 오전 2:33:38 [32m    LOG[39m [38;5;3m[HTTP] [39m[32mGET /customer/orders?page=1&limit=1&dateStart=2026-03-24&dateEnd=2026-03-24&status=PREPARING - 539ms[39m
[32m[Nest] 28644  - [39m2026. 03. 24. 오전 2:33:38 [32m    LOG[39m [38;5;3m[CustomerOrdersService] [39m[32mFetched 0 orders[39m
[32m[Nest] 28644  - [39m2026. 03. 24. 오전 2:33:38 [32m    LOG[39m [38;5;3m[HTTP] [39m[32mGET /customer/orders?page=1&limit=1&dateStart=2026-03-24&dateEnd=2026-03-24&status=CANCELLED - 538ms[39m
[31m[Nest] 28644  - [39m2026. 03. 24. 오전 2:33:39 [31m  ERROR[39m [38;5;3m[DepositSyncService] [39m[31mFailed to auto-match deposit row 22[39m
[31m[Nest] 28644  - [39m2026. 03. 24. 오전 2:33:39 [31m  ERROR[39m [38;5;3m[DepositSyncService] [39mObject(4) {
  code: [32m'P0001'[39m,
  details: [1mnull[22m,
  hint: [1mnull[22m,
  message: [32m'Invalid order status transition: CREATED -> PREPARING'[39m
}
[32m[Nest] 28644  - [39m2026. 03. 24. 오전 2:33:39 [32m    LOG[39m [38;5;3m[CustomerOrdersService] [39m[32mFetched 0 orders[39m
[32m[Nest] 28644  - [39m2026. 03. 24. 오전 2:33:39 [32m    LOG[39m [38;5;3m[HTTP] [39m[32mGET /customer/orders?page=1&limit=1&dateStart=2026-03-24&dateEnd=2026-03-24&status=REFUNDED - 511ms[39m
[33m[Nest] 28644  - [39m2026. 03. 24. 오전 2:33:39 [33m   WARN[39m [38;5;3m[CustomerOrdersService] [39m[33mFailed to load order payment methods for customer orders: column orders.payment_method does not exist[39m
[32m[Nest] 28644  - [39m2026. 03. 24. 오전 2:33:39 [32m    LOG[39m [38;5;3m[CustomerOrdersService] [39m[32mFetched 1 orders[39m
[32m[Nest] 28644  - [39m2026. 03. 24. 오전 2:33:39 [32m    LOG[39m [38;5;3m[HTTP] [39m[32mGET /customer/orders?page=1&limit=1&dateStart=2026-03-24&dateEnd=2026-03-24&status=CREATED - 1573ms[39m
[32m[Nest] 28644  - [39m2026. 03. 24. 오전 2:33:44 [32m    LOG[39m [38;5;3m[CustomerOrdersController] [39m[32mUser d26831b8-20ef-4b10-8a1c-737a83d9b21f fetching orders (all branches)[39m
[32m[Nest] 28644  - [39m2026. 03. 24. 오전 2:33:44 [32m    LOG[39m [38;5;3m[CustomerOrdersService] [39m[32mFetching orders (all branches) by user d26831b8-20ef-4b10-8a1c-737a83d9b21f[39m
[32m[Nest] 28644  - [39m2026. 03. 24. 오전 2:33:44 [32m    LOG[39m [38;5;3m[CustomerOrdersController] [39m[32mUser d26831b8-20ef-4b10-8a1c-737a83d9b21f fetching orders (all branches)[39m
[32m[Nest] 28644  - [39m2026. 03. 24. 오전 2:33:44 [32m    LOG[39m [38;5;3m[CustomerOrdersService] [39m[32mFetching orders (all branches) by user d26831b8-20ef-4b10-8a1c-737a83d9b21f[39m
[33m[Nest] 28644  - [39m2026. 03. 24. 오전 2:33:45 [33m   WARN[39m [38;5;3m[CustomerOrdersService] [39m[33mFailed to load order payment methods for customer orders: column orders.payment_method does not exist[39m
[33m[Nest] 28644  - [39m2026. 03. 24. 오전 2:33:45 [33m   WARN[39m [38;5;3m[CustomerOrdersService] [39m[33mFailed to load order payment methods for customer orders: column orders.payment_method does not exist[39m
[32m[Nest] 28644  - [39m2026. 03. 24. 오전 2:33:46 [32m    LOG[39m [38;5;3m[CustomerOrdersService] [39m[32mFetched 8 orders[39m
[32m[Nest] 28644  - [39m2026. 03. 24. 오전 2:33:46 [32m    LOG[39m [38;5;3m[HTTP] [39m[32mGET /customer/orders?page=1&limit=20&dateStart=2026-03-24&dateEnd=2026-03-24 - 1593ms[39m
[32m[Nest] 28644  - [39m2026. 03. 24. 오전 2:33:46 [32m    LOG[39m [38;5;3m[CustomerOrdersService] [39m[32mFetched 1 orders[39m
[32m[Nest] 28644  - [39m2026. 03. 24. 오전 2:33:46 [32m    LOG[39m [38;5;3m[HTTP] [39m[32mGET /customer/orders?page=1&limit=1&dateStart=2026-03-24&dateEnd=2026-03-24 - 1628ms[39m
[32m[Nest] 28644  - [39m2026. 03. 24. 오전 2:33:46 [32m    LOG[39m [38;5;3m[CustomerOrdersController] [39m[32mUser d26831b8-20ef-4b10-8a1c-737a83d9b21f fetching orders (all branches)[39m
[32m[Nest] 28644  - [39m2026. 03. 24. 오전 2:33:46 [32m    LOG[39m [38;5;3m[CustomerOrdersService] [39m[32mFetching orders (all branches) by user d26831b8-20ef-4b10-8a1c-737a83d9b21f[39m
[32m[Nest] 28644  - [39m2026. 03. 24. 오전 2:33:46 [32m    LOG[39m [38;5;3m[CustomerOrdersController] [39m[32mUser d26831b8-20ef-4b10-8a1c-737a83d9b21f fetching orders (all branches)[39m
[32m[Nest] 28644  - [39m2026. 03. 24. 오전 2:33:46 [32m    LOG[39m [38;5;3m[CustomerOrdersService] [39m[32mFetching orders (all branches) by user d26831b8-20ef-4b10-8a1c-737a83d9b21f[39m
[32m[Nest] 28644  - [39m2026. 03. 24. 오전 2:33:46 [32m    LOG[39m [38;5;3m[CustomerOrdersController] [39m[32mUser d26831b8-20ef-4b10-8a1c-737a83d9b21f fetching orders (all branches)[39m
[32m[Nest] 28644  - [39m2026. 03. 24. 오전 2:33:46 [32m    LOG[39m [38;5;3m[CustomerOrdersService] [39m[32mFetching orders (all branches) by user d26831b8-20ef-4b10-8a1c-737a83d9b21f[39m
[32m[Nest] 28644  - [39m2026. 03. 24. 오전 2:33:46 [32m    LOG[39m [38;5;3m[CustomerOrdersController] [39m[32mUser d26831b8-20ef-4b10-8a1c-737a83d9b21f fetching orders (all branches)[39m
[32m[Nest] 28644  - [39m2026. 03. 24. 오전 2:33:46 [32m    LOG[39m [38;5;3m[CustomerOrdersService] [39m[32mFetching orders (all branches) by user d26831b8-20ef-4b10-8a1c-737a83d9b21f[39m
[32m[Nest] 28644  - [39m2026. 03. 24. 오전 2:33:46 [32m    LOG[39m [38;5;3m[CustomerOrdersController] [39m[32mUser d26831b8-20ef-4b10-8a1c-737a83d9b21f fetching orders (all branches)[39m
[32m[Nest] 28644  - [39m2026. 03. 24. 오전 2:33:46 [32m    LOG[39m [38;5;3m[CustomerOrdersService] [39m[32mFetching orders (all branches) by user d26831b8-20ef-4b10-8a1c-737a83d9b21f[39m
[32m[Nest] 28644  - [39m2026. 03. 24. 오전 2:33:46 [32m    LOG[39m [38;5;3m[CustomerOrdersController] [39m[32mUser d26831b8-20ef-4b10-8a1c-737a83d9b21f fetching orders (all branches)[39m
[32m[Nest] 28644  - [39m2026. 03. 24. 오전 2:33:46 [32m    LOG[39m [38;5;3m[CustomerOrdersService] [39m[32mFetching orders (all branches) by user d26831b8-20ef-4b10-8a1c-737a83d9b21f[39m
[32m[Nest] 28644  - [39m2026. 03. 24. 오전 2:33:46 [32m    LOG[39m [38;5;3m[CustomerOrdersService] [39m[32mFetched 0 orders[39m
[32m[Nest] 28644  - [39m2026. 03. 24. 오전 2:33:46 [32m    LOG[39m [38;5;3m[HTTP] [39m[32mGET /customer/orders?page=1&limit=1&dateStart=2026-03-24&dateEnd=2026-03-24&status=CONFIRMED - 510ms[39m
[32m[Nest] 28644  - [39m2026. 03. 24. 오전 2:33:46 [32m    LOG[39m [38;5;3m[CustomerOrdersController] [39m[32mUser d26831b8-20ef-4b10-8a1c-737a83d9b21f fetching orders (all branches)[39m
[32m[Nest] 28644  - [39m2026. 03. 24. 오전 2:33:46 [32m    LOG[39m [38;5;3m[CustomerOrdersService] [39m[32mFetching orders (all branches) by user d26831b8-20ef-4b10-8a1c-737a83d9b21f[39m
[32m[Nest] 28644  - [39m2026. 03. 24. 오전 2:33:46 [32m    LOG[39m [38;5;3m[CustomerOrdersService] [39m[32mFetched 0 orders[39m
[32m[Nest] 28644  - [39m2026. 03. 24. 오전 2:33:46 [32m    LOG[39m [38;5;3m[HTTP] [39m[32mGET /customer/orders?page=1&limit=1&dateStart=2026-03-24&dateEnd=2026-03-24&status=PREPARING - 546ms[39m
[32m[Nest] 28644  - [39m2026. 03. 24. 오전 2:33:46 [32m    LOG[39m [38;5;3m[CustomerOrdersService] [39m[32mFetched 0 orders[39m
[32m[Nest] 28644  - [39m2026. 03. 24. 오전 2:33:46 [32m    LOG[39m [38;5;3m[HTTP] [39m[32mGET /customer/orders?page=1&limit=1&dateStart=2026-03-24&dateEnd=2026-03-24&status=CANCELLED - 530ms[39m
[32m[Nest] 28644  - [39m2026. 03. 24. 오전 2:33:46 [32m    LOG[39m [38;5;3m[CustomerOrdersService] [39m[32mFetched 0 orders[39m
[32m[Nest] 28644  - [39m2026. 03. 24. 오전 2:33:46 [32m    LOG[39m [38;5;3m[HTTP] [39m[32mGET /customer/orders?page=1&limit=1&dateStart=2026-03-24&dateEnd=2026-03-24&status=COMPLETED - 542ms[39m
[32m[Nest] 28644  - [39m2026. 03. 24. 오전 2:33:46 [32m    LOG[39m [38;5;3m[CustomerOrdersService] [39m[32mFetched 0 orders[39m
[32m[Nest] 28644  - [39m2026. 03. 24. 오전 2:33:46 [32m    LOG[39m [38;5;3m[HTTP] [39m[32mGET /customer/orders?page=1&limit=1&dateStart=2026-03-24&dateEnd=2026-03-24&status=READY - 552ms[39m
[32m[Nest] 28644  - [39m2026. 03. 24. 오전 2:33:47 [32m    LOG[39m [38;5;3m[CustomerOrdersService] [39m[32mFetched 0 orders[39m
[32m[Nest] 28644  - [39m2026. 03. 24. 오전 2:33:47 [32m    LOG[39m [38;5;3m[HTTP] [39m[32mGET /customer/orders?page=1&limit=1&dateStart=2026-03-24&dateEnd=2026-03-24&status=REFUNDED - 499ms[39m
[33m[Nest] 28644  - [39m2026. 03. 24. 오전 2:33:47 [33m   WARN[39m [38;5;3m[CustomerOrdersService] [39m[33mFailed to load order payment methods for customer orders: column orders.payment_method does not exist[39m
[32m[Nest] 28644  - [39m2026. 03. 24. 오전 2:33:47 [32m    LOG[39m [38;5;3m[CustomerOrdersService] [39m[32mFetched 1 orders[39m
[32m[Nest] 28644  - [39m2026. 03. 24. 오전 2:33:47 [32m    LOG[39m [38;5;3m[HTTP] [39m[32mGET /customer/orders?page=1&limit=1&dateStart=2026-03-24&dateEnd=2026-03-24&status=CREATED - 1537ms[39m
[32m[Nest] 28644  - [39m2026. 03. 24. 오전 2:33:54 [32m    LOG[39m [38;5;3m[CustomerOrdersController] [39m[32mUser d26831b8-20ef-4b10-8a1c-737a83d9b21f fetching orders (all branches)[39m
[32m[Nest] 28644  - [39m2026. 03. 24. 오전 2:33:54 [32m    LOG[39m [38;5;3m[CustomerOrdersService] [39m[32mFetching orders (all branches) by user d26831b8-20ef-4b10-8a1c-737a83d9b21f[39m
[32m[Nest] 28644  - [39m2026. 03. 24. 오전 2:33:54 [32m    LOG[39m [38;5;3m[CustomerOrdersController] [39m[32mUser d26831b8-20ef-4b10-8a1c-737a83d9b21f fetching orders (all branches)[39m
[32m[Nest] 28644  - [39m2026. 03. 24. 오전 2:33:54 [32m    LOG[39m [38;5;3m[CustomerOrdersService] [39m[32mFetching orders (all branches) by user d26831b8-20ef-4b10-8a1c-737a83d9b21f[39m
[33m[Nest] 28644  - [39m2026. 03. 24. 오전 2:33:55 [33m   WARN[39m [38;5;3m[CustomerOrdersService] [39m[33mFailed to load order payment methods for customer orders: column orders.payment_method does not exist[39m
[33m[Nest] 28644  - [39m2026. 03. 24. 오전 2:33:55 [33m   WARN[39m [38;5;3m[CustomerOrdersService] [39m[33mFailed to load order payment methods for customer orders: column orders.payment_method does not exist[39m
[32m[Nest] 28644  - [39m2026. 03. 24. 오전 2:33:56 [32m    LOG[39m [38;5;3m[CustomerOrdersService] [39m[32mFetched 1 orders[39m
[32m[Nest] 28644  - [39m2026. 03. 24. 오전 2:33:56 [32m    LOG[39m [38;5;3m[HTTP] [39m[32mGET /customer/orders?page=1&limit=1&dateStart=2026-03-24&dateEnd=2026-03-24 - 1644ms[39m
[32m[Nest] 28644  - [39m2026. 03. 24. 오전 2:33:56 [32m    LOG[39m [38;5;3m[CustomerOrdersService] [39m[32mFetched 8 orders[39m
[32m[Nest] 28644  - [39m2026. 03. 24. 오전 2:33:56 [32m    LOG[39m [38;5;3m[HTTP] [39m[32mGET /customer/orders?page=1&limit=20&dateStart=2026-03-24&dateEnd=2026-03-24 - 1643ms[39m
[32m[Nest] 28644  - [39m2026. 03. 24. 오전 2:33:56 [32m    LOG[39m [38;5;3m[CustomerOrdersController] [39m[32mUser d26831b8-20ef-4b10-8a1c-737a83d9b21f fetching orders (all branches)[39m
[32m[Nest] 28644  - [39m2026. 03. 24. 오전 2:33:56 [32m    LOG[39m [38;5;3m[CustomerOrdersService] [39m[32mFetching orders (all branches) by user d26831b8-20ef-4b10-8a1c-737a83d9b21f[39m
[32m[Nest] 28644  - [39m2026. 03. 24. 오전 2:33:56 [32m    LOG[39m [38;5;3m[CustomerOrdersController] [39m[32mUser d26831b8-20ef-4b10-8a1c-737a83d9b21f fetching orders (all branches)[39m
[32m[Nest] 28644  - [39m2026. 03. 24. 오전 2:33:56 [32m    LOG[39m [38;5;3m[CustomerOrdersService] [39m[32mFetching orders (all branches) by user d26831b8-20ef-4b10-8a1c-737a83d9b21f[39m
[32m[Nest] 28644  - [39m2026. 03. 24. 오전 2:33:56 [32m    LOG[39m [38;5;3m[CustomerOrdersController] [39m[32mUser d26831b8-20ef-4b10-8a1c-737a83d9b21f fetching orders (all branches)[39m
[32m[Nest] 28644  - [39m2026. 03. 24. 오전 2:33:56 [32m    LOG[39m [38;5;3m[CustomerOrdersService] [39m[32mFetching orders (all branches) by user d26831b8-20ef-4b10-8a1c-737a83d9b21f[39m
[32m[Nest] 28644  - [39m2026. 03. 24. 오전 2:33:56 [32m    LOG[39m [38;5;3m[CustomerOrdersController] [39m[32mUser d26831b8-20ef-4b10-8a1c-737a83d9b21f fetching orders (all branches)[39m
[32m[Nest] 28644  - [39m2026. 03. 24. 오전 2:33:56 [32m    LOG[39m [38;5;3m[CustomerOrdersService] [39m[32mFetching orders (all branches) by user d26831b8-20ef-4b10-8a1c-737a83d9b21f[39m
[32m[Nest] 28644  - [39m2026. 03. 24. 오전 2:33:56 [32m    LOG[39m [38;5;3m[CustomerOrdersController] [39m[32mUser d26831b8-20ef-4b10-8a1c-737a83d9b21f fetching orders (all branches)[39m
[32m[Nest] 28644  - [39m2026. 03. 24. 오전 2:33:56 [32m    LOG[39m [38;5;3m[CustomerOrdersService] [39m[32mFetching orders (all branches) by user d26831b8-20ef-4b10-8a1c-737a83d9b21f[39m
[32m[Nest] 28644  - [39m2026. 03. 24. 오전 2:33:56 [32m    LOG[39m [38;5;3m[CustomerOrdersController] [39m[32mUser d26831b8-20ef-4b10-8a1c-737a83d9b21f fetching orders (all branches)[39m
[32m[Nest] 28644  - [39m2026. 03. 24. 오전 2:33:56 [32m    LOG[39m [38;5;3m[CustomerOrdersService] [39m[32mFetching orders (all branches) by user d26831b8-20ef-4b10-8a1c-737a83d9b21f[39m
[32m[Nest] 28644  - [39m2026. 03. 24. 오전 2:33:56 [32m    LOG[39m [38;5;3m[CustomerOrdersService] [39m[32mFetched 0 orders[39m
[32m[Nest] 28644  - [39m2026. 03. 24. 오전 2:33:56 [32m    LOG[39m [38;5;3m[HTTP] [39m[32mGET /customer/orders?page=1&limit=1&dateStart=2026-03-24&dateEnd=2026-03-24&status=PREPARING - 542ms[39m
[32m[Nest] 28644  - [39m2026. 03. 24. 오전 2:33:56 [32m    LOG[39m [38;5;3m[CustomerOrdersService] [39m[32mFetched 0 orders[39m
[32m[Nest] 28644  - [39m2026. 03. 24. 오전 2:33:56 [32m    LOG[39m [38;5;3m[HTTP] [39m[32mGET /customer/orders?page=1&limit=1&dateStart=2026-03-24&dateEnd=2026-03-24&status=CONFIRMED - 549ms[39m
[32m[Nest] 28644  - [39m2026. 03. 24. 오전 2:33:56 [32m    LOG[39m [38;5;3m[CustomerOrdersController] [39m[32mUser d26831b8-20ef-4b10-8a1c-737a83d9b21f fetching orders (all branches)[39m
[32m[Nest] 28644  - [39m2026. 03. 24. 오전 2:33:56 [32m    LOG[39m [38;5;3m[CustomerOrdersService] [39m[32mFetching orders (all branches) by user d26831b8-20ef-4b10-8a1c-737a83d9b21f[39m
[32m[Nest] 28644  - [39m2026. 03. 24. 오전 2:33:56 [32m    LOG[39m [38;5;3m[CustomerOrdersService] [39m[32mFetched 0 orders[39m
[32m[Nest] 28644  - [39m2026. 03. 24. 오전 2:33:56 [32m    LOG[39m [38;5;3m[HTTP] [39m[32mGET /customer/orders?page=1&limit=1&dateStart=2026-03-24&dateEnd=2026-03-24&status=READY - 546ms[39m
[32m[Nest] 28644  - [39m2026. 03. 24. 오전 2:33:56 [32m    LOG[39m [38;5;3m[CustomerOrdersService] [39m[32mFetched 0 orders[39m
[32m[Nest] 28644  - [39m2026. 03. 24. 오전 2:33:56 [32m    LOG[39m [38;5;3m[HTTP] [39m[32mGET /customer/orders?page=1&limit=1&dateStart=2026-03-24&dateEnd=2026-03-24&status=CANCELLED - 546ms[39m
[32m[Nest] 28644  - [39m2026. 03. 24. 오전 2:33:56 [32m    LOG[39m [38;5;3m[CustomerOrdersService] [39m[32mFetched 0 orders[39m
[32m[Nest] 28644  - [39m2026. 03. 24. 오전 2:33:56 [32m    LOG[39m [38;5;3m[HTTP] [39m[32mGET /customer/orders?page=1&limit=1&dateStart=2026-03-24&dateEnd=2026-03-24&status=COMPLETED - 557ms[39m
[32m[Nest] 28644  - [39m2026. 03. 24. 오전 2:33:57 [32m    LOG[39m [38;5;3m[CustomerOrdersService] [39m[32mFetched 0 orders[39m
[32m[Nest] 28644  - [39m2026. 03. 24. 오전 2:33:57 [32m    LOG[39m [38;5;3m[HTTP] [39m[32mGET /customer/orders?page=1&limit=1&dateStart=2026-03-24&dateEnd=2026-03-24&status=REFUNDED - 492ms[39m
[33m[Nest] 28644  - [39m2026. 03. 24. 오전 2:33:57 [33m   WARN[39m [38;5;3m[CustomerOrdersService] [39m[33mFailed to load order payment methods for customer orders: column orders.payment_method does not exist[39m
[32m[Nest] 28644  - [39m2026. 03. 24. 오전 2:33:57 [32m    LOG[39m [38;5;3m[CustomerOrdersService] [39m[32mFetched 1 orders[39m
[32m[Nest] 28644  - [39m2026. 03. 24. 오전 2:33:57 [32m    LOG[39m [38;5;3m[HTTP] [39m[32mGET /customer/orders?page=1&limit=1&dateStart=2026-03-24&dateEnd=2026-03-24&status=CREATED - 1566ms[39m
[32m[Nest] 28644  - [39m2026. 03. 24. 오전 2:34:05 [32m    LOG[39m [38;5;3m[CustomerOrdersController] [39m[32mUser d26831b8-20ef-4b10-8a1c-737a83d9b21f fetching orders (all branches)[39m
[32m[Nest] 28644  - [39m2026. 03. 24. 오전 2:34:05 [32m    LOG[39m [38;5;3m[CustomerOrdersService] [39m[32mFetching orders (all branches) by user d26831b8-20ef-4b10-8a1c-737a83d9b21f[39m
[32m[Nest] 28644  - [39m2026. 03. 24. 오전 2:34:05 [32m    LOG[39m [38;5;3m[CustomerOrdersController] [39m[32mUser d26831b8-20ef-4b10-8a1c-737a83d9b21f fetching orders (all branches)[39m
[32m[Nest] 28644  - [39m2026. 03. 24. 오전 2:34:05 [32m    LOG[39m [38;5;3m[CustomerOrdersService] [39m[32mFetching orders (all branches) by user d26831b8-20ef-4b10-8a1c-737a83d9b21f[39m
[33m[Nest] 28644  - [39m2026. 03. 24. 오전 2:34:06 [33m   WARN[39m [38;5;3m[CustomerOrdersService] [39m[33mFailed to load order payment methods for customer orders: column orders.payment_method does not exist[39m
[33m[Nest] 28644  - [39m2026. 03. 24. 오전 2:34:06 [33m   WARN[39m [38;5;3m[CustomerOrdersService] [39m[33mFailed to load order payment methods for customer orders: column orders.payment_method does not exist[39m
[32m[Nest] 28644  - [39m2026. 03. 24. 오전 2:34:06 [32m    LOG[39m [38;5;3m[CustomerOrdersService] [39m[32mFetched 8 orders[39m
[32m[Nest] 28644  - [39m2026. 03. 24. 오전 2:34:06 [32m    LOG[39m [38;5;3m[HTTP] [39m[32mGET /customer/orders?page=1&limit=20&dateStart=2026-03-24&dateEnd=2026-03-24 - 1639ms[39m
[32m[Nest] 28644  - [39m2026. 03. 24. 오전 2:34:06 [32m    LOG[39m [38;5;3m[CustomerOrdersService] [39m[32mFetched 1 orders[39m
[32m[Nest] 28644  - [39m2026. 03. 24. 오전 2:34:06 [32m    LOG[39m [38;5;3m[HTTP] [39m[32mGET /customer/orders?page=1&limit=1&dateStart=2026-03-24&dateEnd=2026-03-24 - 1650ms[39m
[32m[Nest] 28644  - [39m2026. 03. 24. 오전 2:34:06 [32m    LOG[39m [38;5;3m[CustomerGuard] [39m[32mCustomerGuard: User d26831b8-20ef-4b10-8a1c-737a83d9b21f authorized with 1 brand(s) and 0 branch(es)[39m
[32m[Nest] 28644  - [39m2026. 03. 24. 오전 2:34:06 [32m    LOG[39m [38;5;3m[CustomerOrdersController] [39m[32mUser d26831b8-20ef-4b10-8a1c-737a83d9b21f fetching orders (all branches)[39m
[32m[Nest] 28644  - [39m2026. 03. 24. 오전 2:34:06 [32m    LOG[39m [38;5;3m[CustomerOrdersService] [39m[32mFetching orders (all branches) by user d26831b8-20ef-4b10-8a1c-737a83d9b21f[39m
[32m[Nest] 28644  - [39m2026. 03. 24. 오전 2:34:07 [32m    LOG[39m [38;5;3m[CustomerGuard] [39m[32mCustomerGuard: User d26831b8-20ef-4b10-8a1c-737a83d9b21f authorized with 1 brand(s) and 0 branch(es)[39m
[32m[Nest] 28644  - [39m2026. 03. 24. 오전 2:34:07 [32m    LOG[39m [38;5;3m[CustomerOrdersController] [39m[32mUser d26831b8-20ef-4b10-8a1c-737a83d9b21f fetching orders (all branches)[39m
[32m[Nest] 28644  - [39m2026. 03. 24. 오전 2:34:07 [32m    LOG[39m [38;5;3m[CustomerOrdersService] [39m[32mFetching orders (all branches) by user d26831b8-20ef-4b10-8a1c-737a83d9b21f[39m
[32m[Nest] 28644  - [39m2026. 03. 24. 오전 2:34:07 [32m    LOG[39m [38;5;3m[CustomerGuard] [39m[32mCustomerGuard: User d26831b8-20ef-4b10-8a1c-737a83d9b21f authorized with 1 brand(s) and 0 branch(es)[39m
[32m[Nest] 28644  - [39m2026. 03. 24. 오전 2:34:07 [32m    LOG[39m [38;5;3m[CustomerOrdersController] [39m[32mUser d26831b8-20ef-4b10-8a1c-737a83d9b21f fetching orders (all branches)[39m
[32m[Nest] 28644  - [39m2026. 03. 24. 오전 2:34:07 [32m    LOG[39m [38;5;3m[CustomerOrdersService] [39m[32mFetching orders (all branches) by user d26831b8-20ef-4b10-8a1c-737a83d9b21f[39m
[32m[Nest] 28644  - [39m2026. 03. 24. 오전 2:34:07 [32m    LOG[39m [38;5;3m[CustomerGuard] [39m[32mCustomerGuard: User d26831b8-20ef-4b10-8a1c-737a83d9b21f authorized with 1 brand(s) and 0 branch(es)[39m
[32m[Nest] 28644  - [39m2026. 03. 24. 오전 2:34:07 [32m    LOG[39m [38;5;3m[CustomerOrdersController] [39m[32mUser d26831b8-20ef-4b10-8a1c-737a83d9b21f fetching orders (all branches)[39m
[32m[Nest] 28644  - [39m2026. 03. 24. 오전 2:34:07 [32m    LOG[39m [38;5;3m[CustomerOrdersService] [39m[32mFetching orders (all branches) by user d26831b8-20ef-4b10-8a1c-737a83d9b21f[39m
[32m[Nest] 28644  - [39m2026. 03. 24. 오전 2:34:07 [32m    LOG[39m [38;5;3m[CustomerGuard] [39m[32mCustomerGuard: User d26831b8-20ef-4b10-8a1c-737a83d9b21f authorized with 1 brand(s) and 0 branch(es)[39m
[32m[Nest] 28644  - [39m2026. 03. 24. 오전 2:34:07 [32m    LOG[39m [38;5;3m[CustomerOrdersController] [39m[32mUser d26831b8-20ef-4b10-8a1c-737a83d9b21f fetching orders (all branches)[39m
[32m[Nest] 28644  - [39m2026. 03. 24. 오전 2:34:07 [32m    LOG[39m [38;5;3m[CustomerOrdersService] [39m[32mFetching orders (all branches) by user d26831b8-20ef-4b10-8a1c-737a83d9b21f[39m
[32m[Nest] 28644  - [39m2026. 03. 24. 오전 2:34:07 [32m    LOG[39m [38;5;3m[CustomerGuard] [39m[32mCustomerGuard: User d26831b8-20ef-4b10-8a1c-737a83d9b21f authorized with 1 brand(s) and 0 branch(es)[39m
[32m[Nest] 28644  - [39m2026. 03. 24. 오전 2:34:07 [32m    LOG[39m [38;5;3m[CustomerOrdersController] [39m[32mUser d26831b8-20ef-4b10-8a1c-737a83d9b21f fetching orders (all branches)[39m
[32m[Nest] 28644  - [39m2026. 03. 24. 오전 2:34:07 [32m    LOG[39m [38;5;3m[CustomerOrdersService] [39m[32mFetching orders (all branches) by user d26831b8-20ef-4b10-8a1c-737a83d9b21f[39m
[32m[Nest] 28644  - [39m2026. 03. 24. 오전 2:34:07 [32m    LOG[39m [38;5;3m[CustomerOrdersService] [39m[32mFetched 0 orders[39m
[32m[Nest] 28644  - [39m2026. 03. 24. 오전 2:34:07 [32m    LOG[39m [38;5;3m[HTTP] [39m[32mGET /customer/orders?page=1&limit=1&dateStart=2026-03-24&dateEnd=2026-03-24&status=CONFIRMED - 496ms[39m
[32m[Nest] 28644  - [39m2026. 03. 24. 오전 2:34:07 [32m    LOG[39m [38;5;3m[CustomerOrdersController] [39m[32mUser d26831b8-20ef-4b10-8a1c-737a83d9b21f fetching orders (all branches)[39m
[32m[Nest] 28644  - [39m2026. 03. 24. 오전 2:34:07 [32m    LOG[39m [38;5;3m[CustomerOrdersService] [39m[32mFetching orders (all branches) by user d26831b8-20ef-4b10-8a1c-737a83d9b21f[39m
[32m[Nest] 28644  - [39m2026. 03. 24. 오전 2:34:07 [32m    LOG[39m [38;5;3m[CustomerOrdersService] [39m[32mFetched 0 orders[39m
[32m[Nest] 28644  - [39m2026. 03. 24. 오전 2:34:07 [32m    LOG[39m [38;5;3m[HTTP] [39m[32mGET /customer/orders?page=1&limit=1&dateStart=2026-03-24&dateEnd=2026-03-24&status=PREPARING - 496ms[39m
[32m[Nest] 28644  - [39m2026. 03. 24. 오전 2:34:07 [32m    LOG[39m [38;5;3m[CustomerOrdersService] [39m[32mFetched 0 orders[39m
[32m[Nest] 28644  - [39m2026. 03. 24. 오전 2:34:07 [32m    LOG[39m [38;5;3m[HTTP] [39m[32mGET /customer/orders?page=1&limit=1&dateStart=2026-03-24&dateEnd=2026-03-24&status=READY - 504ms[39m
[32m[Nest] 28644  - [39m2026. 03. 24. 오전 2:34:07 [32m    LOG[39m [38;5;3m[CustomerOrdersService] [39m[32mFetched 0 orders[39m
[32m[Nest] 28644  - [39m2026. 03. 24. 오전 2:34:07 [32m    LOG[39m [38;5;3m[HTTP] [39m[32mGET /customer/orders?page=1&limit=1&dateStart=2026-03-24&dateEnd=2026-03-24&status=COMPLETED - 511ms[39m
[32m[Nest] 28644  - [39m2026. 03. 24. 오전 2:34:07 [32m    LOG[39m [38;5;3m[CustomerOrdersService] [39m[32mFetched 0 orders[39m
[32m[Nest] 28644  - [39m2026. 03. 24. 오전 2:34:07 [32m    LOG[39m [38;5;3m[HTTP] [39m[32mGET /customer/orders?page=1&limit=1&dateStart=2026-03-24&dateEnd=2026-03-24&status=CANCELLED - 497ms[39m
[33m[Nest] 28644  - [39m2026. 03. 24. 오전 2:34:07 [33m   WARN[39m [38;5;3m[CustomerOrdersService] [39m[33mFailed to load order payment methods for customer orders: column orders.payment_method does not exist[39m
[32m[Nest] 28644  - [39m2026. 03. 24. 오전 2:34:08 [32m    LOG[39m [38;5;3m[CustomerOrdersService] [39m[32mFetched 0 orders[39m
[32m[Nest] 28644  - [39m2026. 03. 24. 오전 2:34:08 [32m    LOG[39m [38;5;3m[HTTP] [39m[32mGET /customer/orders?page=1&limit=1&dateStart=2026-03-24&dateEnd=2026-03-24&status=REFUNDED - 496ms[39m
[32m[Nest] 28644  - [39m2026. 03. 24. 오전 2:34:08 [32m    LOG[39m [38;5;3m[CustomerOrdersService] [39m[32mFetched 1 orders[39m
[32m[Nest] 28644  - [39m2026. 03. 24. 오전 2:34:08 [32m    LOG[39m [38;5;3m[HTTP] [39m[32mGET /customer/orders?page=1&limit=1&dateStart=2026-03-24&dateEnd=2026-03-24&status=CREATED - 1509ms[39m
[32m[Nest] 28644  - [39m2026. 03. 24. 오전 2:34:14 [32m    LOG[39m [38;5;3m[CustomerOrdersController] [39m[32mUser d26831b8-20ef-4b10-8a1c-737a83d9b21f fetching orders (all branches)[39m
[32m[Nest] 28644  - [39m2026. 03. 24. 오전 2:34:14 [32m    LOG[39m [38;5;3m[CustomerOrdersService] [39m[32mFetching orders (all branches) by user d26831b8-20ef-4b10-8a1c-737a83d9b21f[39m
[32m[Nest] 28644  - [39m2026. 03. 24. 오전 2:34:14 [32m    LOG[39m [38;5;3m[CustomerOrdersController] [39m[32mUser d26831b8-20ef-4b10-8a1c-737a83d9b21f fetching orders (all branches)[39m
[32m[Nest] 28644  - [39m2026. 03. 24. 오전 2:34:14 [32m    LOG[39m [38;5;3m[CustomerOrdersService] [39m[32mFetching orders (all branches) by user d26831b8-20ef-4b10-8a1c-737a83d9b21f[39m
[33m[Nest] 28644  - [39m2026. 03. 24. 오전 2:34:15 [33m   WARN[39m [38;5;3m[CustomerOrdersService] [39m[33mFailed to load order payment methods for customer orders: column orders.payment_method does not exist[39m
[33m[Nest] 28644  - [39m2026. 03. 24. 오전 2:34:15 [33m   WARN[39m [38;5;3m[CustomerOrdersService] [39m[33mFailed to load order payment methods for customer orders: column orders.payment_method does not exist[39m
[32m[Nest] 28644  - [39m2026. 03. 24. 오전 2:34:15 [32m    LOG[39m [38;5;3m[CustomerOrdersService] [39m[32mFetched 8 orders[39m
[32m[Nest] 28644  - [39m2026. 03. 24. 오전 2:34:15 [32m    LOG[39m [38;5;3m[HTTP] [39m[32mGET /customer/orders?page=1&limit=20&dateStart=2026-03-24&dateEnd=2026-03-24 - 1582ms[39m
[32m[Nest] 28644  - [39m2026. 03. 24. 오전 2:34:15 [32m    LOG[39m [38;5;3m[CustomerOrdersService] [39m[32mFetched 1 orders[39m
[32m[Nest] 28644  - [39m2026. 03. 24. 오전 2:34:15 [32m    LOG[39m [38;5;3m[HTTP] [39m[32mGET /customer/orders?page=1&limit=1&dateStart=2026-03-24&dateEnd=2026-03-24 - 1596ms[39m
[32m[Nest] 28644  - [39m2026. 03. 24. 오전 2:34:15 [32m    LOG[39m [38;5;3m[CustomerOrdersController] [39m[32mUser d26831b8-20ef-4b10-8a1c-737a83d9b21f fetching orders (all branches)[39m
[32m[Nest] 28644  - [39m2026. 03. 24. 오전 2:34:15 [32m    LOG[39m [38;5;3m[CustomerOrdersService] [39m[32mFetching orders (all branches) by user d26831b8-20ef-4b10-8a1c-737a83d9b21f[39m
[32m[Nest] 28644  - [39m2026. 03. 24. 오전 2:34:16 [32m    LOG[39m [38;5;3m[CustomerOrdersController] [39m[32mUser d26831b8-20ef-4b10-8a1c-737a83d9b21f fetching orders (all branches)[39m
[32m[Nest] 28644  - [39m2026. 03. 24. 오전 2:34:16 [32m    LOG[39m [38;5;3m[CustomerOrdersService] [39m[32mFetching orders (all branches) by user d26831b8-20ef-4b10-8a1c-737a83d9b21f[39m
[32m[Nest] 28644  - [39m2026. 03. 24. 오전 2:34:16 [32m    LOG[39m [38;5;3m[CustomerOrdersController] [39m[32mUser d26831b8-20ef-4b10-8a1c-737a83d9b21f fetching orders (all branches)[39m
[32m[Nest] 28644  - [39m2026. 03. 24. 오전 2:34:16 [32m    LOG[39m [38;5;3m[CustomerOrdersService] [39m[32mFetching orders (all branches) by user d26831b8-20ef-4b10-8a1c-737a83d9b21f[39m
[32m[Nest] 28644  - [39m2026. 03. 24. 오전 2:34:16 [32m    LOG[39m [38;5;3m[CustomerOrdersController] [39m[32mUser d26831b8-20ef-4b10-8a1c-737a83d9b21f fetching orders (all branches)[39m
[32m[Nest] 28644  - [39m2026. 03. 24. 오전 2:34:16 [32m    LOG[39m [38;5;3m[CustomerOrdersService] [39m[32mFetching orders (all branches) by user d26831b8-20ef-4b10-8a1c-737a83d9b21f[39m
[32m[Nest] 28644  - [39m2026. 03. 24. 오전 2:34:16 [32m    LOG[39m [38;5;3m[CustomerOrdersController] [39m[32mUser d26831b8-20ef-4b10-8a1c-737a83d9b21f fetching orders (all branches)[39m
[32m[Nest] 28644  - [39m2026. 03. 24. 오전 2:34:16 [32m    LOG[39m [38;5;3m[CustomerOrdersService] [39m[32mFetching orders (all branches) by user d26831b8-20ef-4b10-8a1c-737a83d9b21f[39m
[32m[Nest] 28644  - [39m2026. 03. 24. 오전 2:34:16 [32m    LOG[39m [38;5;3m[CustomerOrdersController] [39m[32mUser d26831b8-20ef-4b10-8a1c-737a83d9b21f fetching orders (all branches)[39m
[32m[Nest] 28644  - [39m2026. 03. 24. 오전 2:34:16 [32m    LOG[39m [38;5;3m[CustomerOrdersService] [39m[32mFetching orders (all branches) by user d26831b8-20ef-4b10-8a1c-737a83d9b21f[39m
[32m[Nest] 28644  - [39m2026. 03. 24. 오전 2:34:16 [32m    LOG[39m [38;5;3m[CustomerOrdersService] [39m[32mFetched 0 orders[39m
[32m[Nest] 28644  - [39m2026. 03. 24. 오전 2:34:16 [32m    LOG[39m [38;5;3m[HTTP] [39m[32mGET /customer/orders?page=1&limit=1&dateStart=2026-03-24&dateEnd=2026-03-24&status=PREPARING - 507ms[39m
[32m[Nest] 28644  - [39m2026. 03. 24. 오전 2:34:16 [32m    LOG[39m [38;5;3m[CustomerOrdersService] [39m[32mFetched 0 orders[39m
[32m[Nest] 28644  - [39m2026. 03. 24. 오전 2:34:16 [32m    LOG[39m [38;5;3m[HTTP] [39m[32mGET /customer/orders?page=1&limit=1&dateStart=2026-03-24&dateEnd=2026-03-24&status=CONFIRMED - 514ms[39m
[32m[Nest] 28644  - [39m2026. 03. 24. 오전 2:34:16 [32m    LOG[39m [38;5;3m[CustomerOrdersController] [39m[32mUser d26831b8-20ef-4b10-8a1c-737a83d9b21f fetching orders (all branches)[39m
[32m[Nest] 28644  - [39m2026. 03. 24. 오전 2:34:16 [32m    LOG[39m [38;5;3m[CustomerOrdersService] [39m[32mFetching orders (all branches) by user d26831b8-20ef-4b10-8a1c-737a83d9b21f[39m
[32m[Nest] 28644  - [39m2026. 03. 24. 오전 2:34:16 [32m    LOG[39m [38;5;3m[CustomerOrdersService] [39m[32mFetched 0 orders[39m
[32m[Nest] 28644  - [39m2026. 03. 24. 오전 2:34:16 [32m    LOG[39m [38;5;3m[HTTP] [39m[32mGET /customer/orders?page=1&limit=1&dateStart=2026-03-24&dateEnd=2026-03-24&status=CANCELLED - 520ms[39m
[32m[Nest] 28644  - [39m2026. 03. 24. 오전 2:34:16 [32m    LOG[39m [38;5;3m[CustomerOrdersService] [39m[32mFetched 0 orders[39m
[32m[Nest] 28644  - [39m2026. 03. 24. 오전 2:34:16 [32m    LOG[39m [38;5;3m[HTTP] [39m[32mGET /customer/orders?page=1&limit=1&dateStart=2026-03-24&dateEnd=2026-03-24&status=COMPLETED - 539ms[39m
[32m[Nest] 28644  - [39m2026. 03. 24. 오전 2:34:16 [32m    LOG[39m [38;5;3m[CustomerOrdersService] [39m[32mFetched 0 orders[39m
[32m[Nest] 28644  - [39m2026. 03. 24. 오전 2:34:16 [32m    LOG[39m [38;5;3m[HTTP] [39m[32mGET /customer/orders?page=1&limit=1&dateStart=2026-03-24&dateEnd=2026-03-24&status=READY - 556ms[39m
[32m[Nest] 28644  - [39m2026. 03. 24. 오전 2:34:17 [32m    LOG[39m [38;5;3m[CustomerOrdersService] [39m[32mFetched 0 orders[39m
[32m[Nest] 28644  - [39m2026. 03. 24. 오전 2:34:17 [32m    LOG[39m [38;5;3m[HTTP] [39m[32mGET /customer/orders?page=1&limit=1&dateStart=2026-03-24&dateEnd=2026-03-24&status=REFUNDED - 486ms[39m
[33m[Nest] 28644  - [39m2026. 03. 24. 오전 2:34:17 [33m   WARN[39m [38;5;3m[CustomerOrdersService] [39m[33mFailed to load order payment methods for customer orders: column orders.payment_method does not exist[39m
[32m[Nest] 28644  - [39m2026. 03. 24. 오전 2:34:17 [32m    LOG[39m [38;5;3m[CustomerOrdersService] [39m[32mFetched 1 orders[39m
[32m[Nest] 28644  - [39m2026. 03. 24. 오전 2:34:17 [32m    LOG[39m [38;5;3m[HTTP] [39m[32mGET /customer/orders?page=1&limit=1&dateStart=2026-03-24&dateEnd=2026-03-24&status=CREATED - 1498ms[39m
[32m[Nest] 28644  - [39m2026. 03. 24. 오전 2:34:24 [32m    LOG[39m [38;5;3m[CustomerOrdersController] [39m[32mUser d26831b8-20ef-4b10-8a1c-737a83d9b21f fetching orders (all branches)[39m
[32m[Nest] 28644  - [39m2026. 03. 24. 오전 2:34:24 [32m    LOG[39m [38;5;3m[CustomerOrdersService] [39m[32mFetching orders (all branches) by user d26831b8-20ef-4b10-8a1c-737a83d9b21f[39m
[32m[Nest] 28644  - [39m2026. 03. 24. 오전 2:34:24 [32m    LOG[39m [38;5;3m[CustomerOrdersController] [39m[32mUser d26831b8-20ef-4b10-8a1c-737a83d9b21f fetching orders (all branches)[39m
[32m[Nest] 28644  - [39m2026. 03. 24. 오전 2:34:24 [32m    LOG[39m [38;5;3m[CustomerOrdersService] [39m[32mFetching orders (all branches) by user d26831b8-20ef-4b10-8a1c-737a83d9b21f[39m
[33m[Nest] 28644  - [39m2026. 03. 24. 오전 2:34:25 [33m   WARN[39m [38;5;3m[CustomerOrdersService] [39m[33mFailed to load order payment methods for customer orders: column orders.payment_method does not exist[39m
[33m[Nest] 28644  - [39m2026. 03. 24. 오전 2:34:25 [33m   WARN[39m [38;5;3m[CustomerOrdersService] [39m[33mFailed to load order payment methods for customer orders: column orders.payment_method does not exist[39m
[33m[Nest] 28644  - [39m2026. 03. 24. 오전 2:34:25 [33m   WARN[39m [38;5;3m[CustomerOrdersService] [39m[33mFailed to load deposit match rows for customer orders: <!DOCTYPE html>
<!--[if lt IE 7]> <html class="no-js ie6 oldie" lang="en-US"> <![endif]-->
<!--[if IE 7]>    <html class="no-js ie7 oldie" lang="en-US"> <![endif]-->
<!--[if IE 8]>    <html class="no-js ie8 oldie" lang="en-US"> <![endif]-->
<!--[if gt IE 8]><!--> <html class="no-js" lang="en-US"> <!--<![endif]-->
<head>

<title> | 502: Bad gateway</title>
<meta charset="UTF-8" />
<meta http-equiv="Content-Type" content="text/html; charset=UTF-8" />
<meta http-equiv="X-UA-Compatible" content="IE=Edge" />
<meta name="robots" content="noindex, nofollow" />
<meta name="viewport" content="width=device-width,initial-scale=1" />
<link rel="stylesheet" id="cf_styles-css" href="/cdn-cgi/styles/main.css" />
</head>
<body>
<div id="cf-wrapper">
    <div id="cf-error-details" class="p-0">
        <header class="mx-auto pt-10 lg:pt-6 lg:px-8 w-240 lg:w-full mb-8">
            <h1 class="inline-block sm:block sm:mb-2 font-light text-60 lg:text-4xl text-black-dark leading-tight mr-2">
                <span class="inline-block">Bad gateway</span>
                <span class="code-label">Error code 502</span>
            </h1>
            <div>
                Visit <a href="https://www.cloudflare.com/5xx-error-landing?utm_source=errorcode_502&utm_campaign=qbgmdwspueurefeueuvr.supabase.co" target="_blank" rel="noopener noreferrer">cloudflare.com</a> for more information.
            </div>
            <div class="mt-3">2026-03-23 17:34:25 UTC</div>
        </header>
        <div class="my-8 bg-gradient-gray">
            <div class="w-240 lg:w-full mx-auto">
                <div class="clearfix md:px-8">
                    <div id="cf-browser-status" class=" relative w-1/3 md:w-full py-15 md:p-0 md:py-8 md:text-left md:border-solid md:border-0 md:border-b md:border-gray-400 overflow-hidden float-left md:float-none text-center">
  <div class="relative mb-10 md:m-0">
    
    <span class="cf-icon-browser block md:hidden h-20 bg-center bg-no-repeat"></span>
    <span class="cf-icon-ok w-12 h-12 absolute left-1/2 md:left-auto md:right-0 md:top-0 -ml-6 -bottom-4"></span>
    
  </div>
  <span class="md:block w-full truncate">You</span>
  <h3 class="md:inline-block mt-3 md:mt-0 text-2xl text-gray-600 font-light leading-1.3">
  
    Browser
  
  </h3>
  
  <span class="leading-1.3 text-2xl text-green-success">Working</span>
  
</div>
                    <div id="cf-cloudflare-status" class=" relative w-1/3 md:w-full py-15 md:p-0 md:py-8 md:text-left md:border-solid md:border-0 md:border-b md:border-gray-400 overflow-hidden float-left md:float-none text-center">
  <div class="relative mb-10 md:m-0">
    <a href="https://www.cloudflare.com/5xx-error-landing?utm_source=errorcode_502&#38;utm_campaign=qbgmdwspueurefeueuvr.supabase.co" target="_blank" rel="noopener noreferrer">
    <span class="cf-icon-cloud block md:hidden h-20 bg-center bg-no-repeat"></span>
    <span class="cf-icon-ok w-12 h-12 absolute left-1/2 md:left-auto md:right-0 md:top-0 -ml-6 -bottom-4"></span>
    </a>
  </div>
  <span class="md:block w-full truncate">Seoul</span>
  <h3 class="md:inline-block mt-3 md:mt-0 text-2xl text-gray-600 font-light leading-1.3">
  <a href="https://www.cloudflare.com/5xx-error-landing?utm_source=errorcode_502&utm_campaign=qbgmdwspueurefeueuvr.supabase.co" target="_blank" rel="noopener noreferrer">
    Cloudflare
  </a>
  </h3>
  
  <span class="leading-1.3 text-2xl text-green-success">Working</span>
  
</div>
                    <div id="cf-host-status" class="cf-error-source relative w-1/3 md:w-full py-15 md:p-0 md:py-8 md:text-left md:border-solid md:border-0 md:border-b md:border-gray-400 overflow-hidden float-left md:float-none text-center">
  <div class="relative mb-10 md:m-0">
    
    <span class="cf-icon-server block md:hidden h-20 bg-center bg-no-repeat"></span>
    <span class="cf-icon-error w-12 h-12 absolute left-1/2 md:left-auto md:right-0 md:top-0 -ml-6 -bottom-4"></span>
    
  </div>
  <span class="md:block w-full truncate">qbgmdwspueurefeueuvr.supabase.co</span>
  <h3 class="md:inline-block mt-3 md:mt-0 text-2xl text-gray-600 font-light leading-1.3">
  
    Host
  
  </h3>
  
  <span class="leading-1.3 text-2xl text-red-error">Error</span>
  
</div>
                </div>
            </div>
        </div>

        <div class="w-240 lg:w-full mx-auto mb-8 lg:px-8">
            <div class="clearfix">
                <div class="w-1/2 md:w-full float-left pr-6 md:pb-10 md:pr-0 leading-relaxed">
                    <h2 class="text-3xl font-normal leading-1.3 mb-4">What happened?</h2>
                    <p>The web server reported a bad gateway error.</p>
                </div>
                <div class="w-1/2 md:w-full float-left leading-relaxed">
                    <h2 class="text-3xl font-normal leading-1.3 mb-4">What can I do?</h2>
                    <p class="mb-6">Please try again in a few minutes.</p>
                </div>
            </div>
        </div>

        <div class="cf-error-footer cf-wrapper w-240 lg:w-full py-10 sm:py-4 sm:px-8 mx-auto text-center sm:text-left border-solid border-0 border-t border-gray-300">
    <p class="text-13">
      <span class="cf-footer-item sm:block sm:mb-1">Cloudflare Ray ID: <strong class="font-semibold">9e0f2fd32c1ee9fc</strong></span>
      <span class="cf-footer-separator sm:hidden">&bull;</span>
      <span id="cf-footer-item-ip" class="cf-footer-item hidden sm:block sm:mb-1">
        Your IP:
        <button type="button" id="cf-footer-ip-reveal" class="cf-footer-ip-reveal-btn">Click to reveal</button>
        <span class="hidden" id="cf-footer-ip">220.127.38.72</span>
        <span class="cf-footer-separator sm:hidden">&bull;</span>
      </span>
      <span class="cf-footer-item sm:block sm:mb-1"><span>Performance &amp; security by</span> <a rel="noopener noreferrer" href="https://www.cloudflare.com/5xx-error-landing?utm_source=errorcode_502&#38;utm_campaign=qbgmdwspueurefeueuvr.supabase.co" id="brand_link" target="_blank">Cloudflare</a></span>
      
    </p>
    <script>(function(){function d(){var b=a.getElementById("cf-footer-item-ip"),c=a.getElementById("cf-footer-ip-reveal");b&&"classList"in b&&(b.classList.remove("hidden"),c.addEventListener("click",function(){c.classList.add("hidden");a.getElementById("cf-footer-ip").classList.remove("hidden")}))}var a=document;document.addEventListener&&a.addEventListener("DOMContentLoaded",d)})();</script>
  </div><!-- /.error-footer -->

    </div>
</div>
</body>
</html>[39m
[32m[Nest] 28644  - [39m2026. 03. 24. 오전 2:34:25 [32m    LOG[39m [38;5;3m[CustomerOrdersService] [39m[32mFetched 8 orders[39m
[32m[Nest] 28644  - [39m2026. 03. 24. 오전 2:34:25 [32m    LOG[39m [38;5;3m[HTTP] [39m[32mGET /customer/orders?page=1&limit=20&dateStart=2026-03-24&dateEnd=2026-03-24 - 1534ms[39m
[32m[Nest] 28644  - [39m2026. 03. 24. 오전 2:34:26 [32m    LOG[39m [38;5;3m[CustomerOrdersService] [39m[32mFetched 1 orders[39m
[32m[Nest] 28644  - [39m2026. 03. 24. 오전 2:34:26 [32m    LOG[39m [38;5;3m[HTTP] [39m[32mGET /customer/orders?page=1&limit=1&dateStart=2026-03-24&dateEnd=2026-03-24 - 1627ms[39m
[32m[Nest] 28644  - [39m2026. 03. 24. 오전 2:34:26 [32m    LOG[39m [38;5;3m[CustomerOrdersController] [39m[32mUser d26831b8-20ef-4b10-8a1c-737a83d9b21f fetching orders (all branches)[39m
[32m[Nest] 28644  - [39m2026. 03. 24. 오전 2:34:26 [32m    LOG[39m [38;5;3m[CustomerOrdersService] [39m[32mFetching orders (all branches) by user d26831b8-20ef-4b10-8a1c-737a83d9b21f[39m
[32m[Nest] 28644  - [39m2026. 03. 24. 오전 2:34:26 [32m    LOG[39m [38;5;3m[CustomerOrdersController] [39m[32mUser d26831b8-20ef-4b10-8a1c-737a83d9b21f fetching orders (all branches)[39m
[32m[Nest] 28644  - [39m2026. 03. 24. 오전 2:34:26 [32m    LOG[39m [38;5;3m[CustomerOrdersService] [39m[32mFetching orders (all branches) by user d26831b8-20ef-4b10-8a1c-737a83d9b21f[39m
[32m[Nest] 28644  - [39m2026. 03. 24. 오전 2:34:26 [32m    LOG[39m [38;5;3m[CustomerOrdersController] [39m[32mUser d26831b8-20ef-4b10-8a1c-737a83d9b21f fetching orders (all branches)[39m
[32m[Nest] 28644  - [39m2026. 03. 24. 오전 2:34:26 [32m    LOG[39m [38;5;3m[CustomerOrdersService] [39m[32mFetching orders (all branches) by user d26831b8-20ef-4b10-8a1c-737a83d9b21f[39m
[32m[Nest] 28644  - [39m2026. 03. 24. 오전 2:34:26 [32m    LOG[39m [38;5;3m[CustomerOrdersController] [39m[32mUser d26831b8-20ef-4b10-8a1c-737a83d9b21f fetching orders (all branches)[39m
[32m[Nest] 28644  - [39m2026. 03. 24. 오전 2:34:26 [32m    LOG[39m [38;5;3m[CustomerOrdersService] [39m[32mFetching orders (all branches) by user d26831b8-20ef-4b10-8a1c-737a83d9b21f[39m
[32m[Nest] 28644  - [39m2026. 03. 24. 오전 2:34:26 [32m    LOG[39m [38;5;3m[CustomerOrdersController] [39m[32mUser d26831b8-20ef-4b10-8a1c-737a83d9b21f fetching orders (all branches)[39m
[32m[Nest] 28644  - [39m2026. 03. 24. 오전 2:34:26 [32m    LOG[39m [38;5;3m[CustomerOrdersService] [39m[32mFetching orders (all branches) by user d26831b8-20ef-4b10-8a1c-737a83d9b21f[39m
[32m[Nest] 28644  - [39m2026. 03. 24. 오전 2:34:26 [32m    LOG[39m [38;5;3m[CustomerOrdersController] [39m[32mUser d26831b8-20ef-4b10-8a1c-737a83d9b21f fetching orders (all branches)[39m
[32m[Nest] 28644  - [39m2026. 03. 24. 오전 2:34:26 [32m    LOG[39m [38;5;3m[CustomerOrdersService] [39m[32mFetching orders (all branches) by user d26831b8-20ef-4b10-8a1c-737a83d9b21f[39m
[32m[Nest] 28644  - [39m2026. 03. 24. 오전 2:34:26 [32m    LOG[39m [38;5;3m[CustomerOrdersService] [39m[32mFetched 0 orders[39m
[32m[Nest] 28644  - [39m2026. 03. 24. 오전 2:34:26 [32m    LOG[39m [38;5;3m[HTTP] [39m[32mGET /customer/orders?page=1&limit=1&dateStart=2026-03-24&dateEnd=2026-03-24&status=CONFIRMED - 512ms[39m
[32m[Nest] 28644  - [39m2026. 03. 24. 오전 2:34:26 [32m    LOG[39m [38;5;3m[CustomerOrdersController] [39m[32mUser d26831b8-20ef-4b10-8a1c-737a83d9b21f fetching orders (all branches)[39m
[32m[Nest] 28644  - [39m2026. 03. 24. 오전 2:34:26 [32m    LOG[39m [38;5;3m[CustomerOrdersService] [39m[32mFetching orders (all branches) by user d26831b8-20ef-4b10-8a1c-737a83d9b21f[39m
[32m[Nest] 28644  - [39m2026. 03. 24. 오전 2:34:26 [32m    LOG[39m [38;5;3m[CustomerOrdersService] [39m[32mFetched 0 orders[39m
[32m[Nest] 28644  - [39m2026. 03. 24. 오전 2:34:26 [32m    LOG[39m [38;5;3m[HTTP] [39m[32mGET /customer/orders?page=1&limit=1&dateStart=2026-03-24&dateEnd=2026-03-24&status=PREPARING - 533ms[39m
[32m[Nest] 28644  - [39m2026. 03. 24. 오전 2:34:26 [32m    LOG[39m [38;5;3m[CustomerOrdersService] [39m[32mFetched 0 orders[39m
[32m[Nest] 28644  - [39m2026. 03. 24. 오전 2:34:26 [32m    LOG[39m [38;5;3m[HTTP] [39m[32mGET /customer/orders?page=1&limit=1&dateStart=2026-03-24&dateEnd=2026-03-24&status=COMPLETED - 544ms[39m
[32m[Nest] 28644  - [39m2026. 03. 24. 오전 2:34:26 [32m    LOG[39m [38;5;3m[CustomerOrdersService] [39m[32mFetched 0 orders[39m
[32m[Nest] 28644  - [39m2026. 03. 24. 오전 2:34:26 [32m    LOG[39m [38;5;3m[HTTP] [39m[32mGET /customer/orders?page=1&limit=1&dateStart=2026-03-24&dateEnd=2026-03-24&status=CANCELLED - 542ms[39m
[32m[Nest] 28644  - [39m2026. 03. 24. 오전 2:34:26 [32m    LOG[39m [38;5;3m[CustomerOrdersService] [39m[32mFetched 0 orders[39m
[32m[Nest] 28644  - [39m2026. 03. 24. 오전 2:34:26 [32m    LOG[39m [38;5;3m[HTTP] [39m[32mGET /customer/orders?page=1&limit=1&dateStart=2026-03-24&dateEnd=2026-03-24&status=READY - 552ms[39m
[32m[Nest] 28644  - [39m2026. 03. 24. 오전 2:34:27 [32m    LOG[39m [38;5;3m[CustomerOrdersService] [39m[32mFetched 0 orders[39m
[32m[Nest] 28644  - [39m2026. 03. 24. 오전 2:34:27 [32m    LOG[39m [38;5;3m[HTTP] [39m[32mGET /customer/orders?page=1&limit=1&dateStart=2026-03-24&dateEnd=2026-03-24&status=REFUNDED - 517ms[39m
[33m[Nest] 28644  - [39m2026. 03. 24. 오전 2:34:27 [33m   WARN[39m [38;5;3m[CustomerOrdersService] [39m[33mFailed to load order payment methods for customer orders: column orders.payment_method does not exist[39m
[32m[Nest] 28644  - [39m2026. 03. 24. 오전 2:34:27 [32m    LOG[39m [38;5;3m[CustomerOrdersService] [39m[32mFetched 1 orders[39m
[32m[Nest] 28644  - [39m2026. 03. 24. 오전 2:34:27 [32m    LOG[39m [38;5;3m[HTTP] [39m[32mGET /customer/orders?page=1&limit=1&dateStart=2026-03-24&dateEnd=2026-03-24&status=CREATED - 1666ms[39m
[33m[Nest] 28644  - [39m2026. 03. 24. 오전 2:34:30 [33m   WARN[39m [38;5;3m[DepositSyncService] [39m[33mShared deposit sheet mapping detected for "시트1" in spreadsheet "1MSwPe5z2ebuU1xNginda2Rt4d4sLrBXh9p5M4rNSKPI" across 2 branches. Deposit rows will be matched across those branches.[39m
[32m[Nest] 28644  - [39m2026. 03. 24. 오전 2:34:31 [32m    LOG[39m [38;5;3m[CustomerGuard] [39m[32mCustomerGuard: User d26831b8-20ef-4b10-8a1c-737a83d9b21f authorized with 1 brand(s) and 0 branch(es)[39m
[32m[Nest] 28644  - [39m2026. 03. 24. 오전 2:34:31 [32m    LOG[39m [38;5;3m[CustomerBranchesController] [39m[32mUser d26831b8-20ef-4b10-8a1c-737a83d9b21f fetching branches (all)[39m
[32m[Nest] 28644  - [39m2026. 03. 24. 오전 2:34:31 [32m    LOG[39m [38;5;3m[CustomerBranchesService] [39m[32mFetching all accessible branches for user d26831b8-20ef-4b10-8a1c-737a83d9b21f[39m
[32m[Nest] 28644  - [39m2026. 03. 24. 오전 2:34:31 [32m    LOG[39m [38;5;3m[CustomerBranchesService] [39m[32mFetched 3 accessible branches for user d26831b8-20ef-4b10-8a1c-737a83d9b21f[39m
[32m[Nest] 28644  - [39m2026. 03. 24. 오전 2:34:31 [32m    LOG[39m [38;5;3m[HTTP] [39m[32mGET /customer/branches - 174ms[39m
[32m[Nest] 28644  - [39m2026. 03. 24. 오전 2:34:31 [32m    LOG[39m [38;5;3m[CustomerGuard] [39m[32mCustomerGuard: User d26831b8-20ef-4b10-8a1c-737a83d9b21f authorized with 1 brand(s) and 0 branch(es)[39m
[32m[Nest] 28644  - [39m2026. 03. 24. 오전 2:34:31 [32m    LOG[39m [38;5;3m[CustomerBrandsService] [39m[32mFetching brands for user: d26831b8-20ef-4b10-8a1c-737a83d9b21f[39m
[32m[Nest] 28644  - [39m2026. 03. 24. 오전 2:34:31 [32m    LOG[39m [38;5;3m[CustomerBrandsService] [39m[32mFetched 1 brands for user: d26831b8-20ef-4b10-8a1c-737a83d9b21f[39m
[32m[Nest] 28644  - [39m2026. 03. 24. 오전 2:34:31 [32m    LOG[39m [38;5;3m[HTTP] [39m[32mGET /customer/brands - 176ms[39m
[32m[Nest] 28644  - [39m2026. 03. 24. 오전 2:34:32 [32m    LOG[39m [38;5;3m[CustomerOrdersController] [39m[32mUser d26831b8-20ef-4b10-8a1c-737a83d9b21f fetching orders (all branches)[39m
[32m[Nest] 28644  - [39m2026. 03. 24. 오전 2:34:32 [32m    LOG[39m [38;5;3m[CustomerOrdersService] [39m[32mFetching orders (all branches) by user d26831b8-20ef-4b10-8a1c-737a83d9b21f[39m
[32m[Nest] 28644  - [39m2026. 03. 24. 오전 2:34:32 [32m    LOG[39m [38;5;3m[CustomerOrdersController] [39m[32mUser d26831b8-20ef-4b10-8a1c-737a83d9b21f fetching orders (all branches)[39m
[32m[Nest] 28644  - [39m2026. 03. 24. 오전 2:34:32 [32m    LOG[39m [38;5;3m[CustomerOrdersService] [39m[32mFetching orders (all branches) by user d26831b8-20ef-4b10-8a1c-737a83d9b21f[39m
[33m[Nest] 28644  - [39m2026. 03. 24. 오전 2:34:33 [33m   WARN[39m [38;5;3m[CustomerOrdersService] [39m[33mFailed to load order payment methods for customer orders: column orders.payment_method does not exist[39m
[33m[Nest] 28644  - [39m2026. 03. 24. 오전 2:34:33 [33m   WARN[39m [38;5;3m[CustomerOrdersService] [39m[33mFailed to load order payment methods for customer orders: column orders.payment_method does not exist[39m
[32m[Nest] 28644  - [39m2026. 03. 24. 오전 2:34:33 [32m    LOG[39m [38;5;3m[CustomerOrdersService] [39m[32mFetched 8 orders[39m
[32m[Nest] 28644  - [39m2026. 03. 24. 오전 2:34:33 [32m    LOG[39m [38;5;3m[HTTP] [39m[32mGET /customer/orders?page=1&limit=20&dateStart=2026-03-24&dateEnd=2026-03-24 - 1510ms[39m
[32m[Nest] 28644  - [39m2026. 03. 24. 오전 2:34:33 [32m    LOG[39m [38;5;3m[CustomerOrdersService] [39m[32mFetched 1 orders[39m
[32m[Nest] 28644  - [39m2026. 03. 24. 오전 2:34:33 [32m    LOG[39m [38;5;3m[HTTP] [39m[32mGET /customer/orders?page=1&limit=1&dateStart=2026-03-24&dateEnd=2026-03-24 - 1549ms[39m
[31m[Nest] 28644  - [39m2026. 03. 24. 오전 2:34:33 [31m  ERROR[39m [38;5;3m[DepositSyncService] [39m[31mFailed to auto-match deposit row 22[39m
[31m[Nest] 28644  - [39m2026. 03. 24. 오전 2:34:33 [31m  ERROR[39m [38;5;3m[DepositSyncService] [39mObject(4) {
  code: [32m'P0001'[39m,
  details: [1mnull[22m,
  hint: [1mnull[22m,
  message: [32m'Invalid order status transition: CREATED -> PREPARING'[39m
}
[32m[Nest] 28644  - [39m2026. 03. 24. 오전 2:34:33 [32m    LOG[39m [38;5;3m[CustomerOrdersController] [39m[32mUser d26831b8-20ef-4b10-8a1c-737a83d9b21f fetching orders (all branches)[39m
[32m[Nest] 28644  - [39m2026. 03. 24. 오전 2:34:33 [32m    LOG[39m [38;5;3m[CustomerOrdersService] [39m[32mFetching orders (all branches) by user d26831b8-20ef-4b10-8a1c-737a83d9b21f[39m
[32m[Nest] 28644  - [39m2026. 03. 24. 오전 2:34:33 [32m    LOG[39m [38;5;3m[CustomerOrdersController] [39m[32mUser d26831b8-20ef-4b10-8a1c-737a83d9b21f fetching orders (all branches)[39m
[32m[Nest] 28644  - [39m2026. 03. 24. 오전 2:34:33 [32m    LOG[39m [38;5;3m[CustomerOrdersService] [39m[32mFetching orders (all branches) by user d26831b8-20ef-4b10-8a1c-737a83d9b21f[39m
[32m[Nest] 28644  - [39m2026. 03. 24. 오전 2:34:33 [32m    LOG[39m [38;5;3m[CustomerOrdersController] [39m[32mUser d26831b8-20ef-4b10-8a1c-737a83d9b21f fetching orders (all branches)[39m
[32m[Nest] 28644  - [39m2026. 03. 24. 오전 2:34:33 [32m    LOG[39m [38;5;3m[CustomerOrdersService] [39m[32mFetching orders (all branches) by user d26831b8-20ef-4b10-8a1c-737a83d9b21f[39m
[32m[Nest] 28644  - [39m2026. 03. 24. 오전 2:34:33 [32m    LOG[39m [38;5;3m[CustomerOrdersController] [39m[32mUser d26831b8-20ef-4b10-8a1c-737a83d9b21f fetching orders (all branches)[39m
[32m[Nest] 28644  - [39m2026. 03. 24. 오전 2:34:33 [32m    LOG[39m [38;5;3m[CustomerOrdersService] [39m[32mFetching orders (all branches) by user d26831b8-20ef-4b10-8a1c-737a83d9b21f[39m
[32m[Nest] 28644  - [39m2026. 03. 24. 오전 2:34:33 [32m    LOG[39m [38;5;3m[CustomerOrdersController] [39m[32mUser d26831b8-20ef-4b10-8a1c-737a83d9b21f fetching orders (all branches)[39m
[32m[Nest] 28644  - [39m2026. 03. 24. 오전 2:34:33 [32m    LOG[39m [38;5;3m[CustomerOrdersService] [39m[32mFetching orders (all branches) by user d26831b8-20ef-4b10-8a1c-737a83d9b21f[39m
[32m[Nest] 28644  - [39m2026. 03. 24. 오전 2:34:33 [32m    LOG[39m [38;5;3m[CustomerOrdersController] [39m[32mUser d26831b8-20ef-4b10-8a1c-737a83d9b21f fetching orders (all branches)[39m
[32m[Nest] 28644  - [39m2026. 03. 24. 오전 2:34:33 [32m    LOG[39m [38;5;3m[CustomerOrdersService] [39m[32mFetching orders (all branches) by user d26831b8-20ef-4b10-8a1c-737a83d9b21f[39m
[32m[Nest] 28644  - [39m2026. 03. 24. 오전 2:34:34 [32m    LOG[39m [38;5;3m[CustomerOrdersService] [39m[32mFetched 0 orders[39m
[32m[Nest] 28644  - [39m2026. 03. 24. 오전 2:34:34 [32m    LOG[39m [38;5;3m[HTTP] [39m[32mGET /customer/orders?page=1&limit=1&dateStart=2026-03-24&dateEnd=2026-03-24&status=CONFIRMED - 552ms[39m
[32m[Nest] 28644  - [39m2026. 03. 24. 오전 2:34:34 [32m    LOG[39m [38;5;3m[CustomerOrdersController] [39m[32mUser d26831b8-20ef-4b10-8a1c-737a83d9b21f fetching orders (all branches)[39m
[32m[Nest] 28644  - [39m2026. 03. 24. 오전 2:34:34 [32m    LOG[39m [38;5;3m[CustomerOrdersService] [39m[32mFetching orders (all branches) by user d26831b8-20ef-4b10-8a1c-737a83d9b21f[39m
[32m[Nest] 28644  - [39m2026. 03. 24. 오전 2:34:34 [32m    LOG[39m [38;5;3m[CustomerOrdersService] [39m[32mFetched 0 orders[39m
[32m[Nest] 28644  - [39m2026. 03. 24. 오전 2:34:34 [32m    LOG[39m [38;5;3m[HTTP] [39m[32mGET /customer/orders?page=1&limit=1&dateStart=2026-03-24&dateEnd=2026-03-24&status=READY - 525ms[39m
[32m[Nest] 28644  - [39m2026. 03. 24. 오전 2:34:34 [32m    LOG[39m [38;5;3m[CustomerOrdersService] [39m[32mFetched 0 orders[39m
[32m[Nest] 28644  - [39m2026. 03. 24. 오전 2:34:34 [32m    LOG[39m [38;5;3m[HTTP] [39m[32mGET /customer/orders?page=1&limit=1&dateStart=2026-03-24&dateEnd=2026-03-24&status=PREPARING - 536ms[39m
[32m[Nest] 28644  - [39m2026. 03. 24. 오전 2:34:34 [32m    LOG[39m [38;5;3m[CustomerOrdersService] [39m[32mFetched 0 orders[39m
[32m[Nest] 28644  - [39m2026. 03. 24. 오전 2:34:34 [32m    LOG[39m [38;5;3m[HTTP] [39m[32mGET /customer/orders?page=1&limit=1&dateStart=2026-03-24&dateEnd=2026-03-24&status=COMPLETED - 543ms[39m
[32m[Nest] 28644  - [39m2026. 03. 24. 오전 2:34:34 [32m    LOG[39m [38;5;3m[CustomerOrdersService] [39m[32mFetched 0 orders[39m
[32m[Nest] 28644  - [39m2026. 03. 24. 오전 2:34:34 [32m    LOG[39m [38;5;3m[HTTP] [39m[32mGET /customer/orders?page=1&limit=1&dateStart=2026-03-24&dateEnd=2026-03-24&status=CANCELLED - 537ms[39m
[32m[Nest] 28644  - [39m2026. 03. 24. 오전 2:34:34 [32m    LOG[39m [38;5;3m[CustomerGuard] [39m[32mCustomerGuard: User d26831b8-20ef-4b10-8a1c-737a83d9b21f authorized with 1 brand(s) and 0 branch(es)[39m
[32m[Nest] 28644  - [39m2026. 03. 24. 오전 2:34:34 [32m    LOG[39m [38;5;3m[InventoryController] [39m[32mUser d26831b8-20ef-4b10-8a1c-737a83d9b21f fetching low stock alerts for all branches[39m
[32m[Nest] 28644  - [39m2026. 03. 24. 오전 2:34:34 [32m    LOG[39m [38;5;3m[InventoryService] [39m[32mFetching low stock alerts for all branches by user d26831b8-20ef-4b10-8a1c-737a83d9b21f[39m
[33m[Nest] 28644  - [39m2026. 03. 24. 오전 2:34:34 [33m   WARN[39m [38;5;3m[CustomerOrdersService] [39m[33mFailed to load order payment methods for customer orders: column orders.payment_method does not exist[39m
[32m[Nest] 28644  - [39m2026. 03. 24. 오전 2:34:34 [32m    LOG[39m [38;5;3m[CustomerOrdersService] [39m[32mFetched 0 orders[39m
[32m[Nest] 28644  - [39m2026. 03. 24. 오전 2:34:34 [32m    LOG[39m [38;5;3m[HTTP] [39m[32mGET /customer/orders?page=1&limit=1&dateStart=2026-03-24&dateEnd=2026-03-24&status=REFUNDED - 486ms[39m
[32m[Nest] 28644  - [39m2026. 03. 24. 오전 2:34:34 [32m    LOG[39m [38;5;3m[InventoryService] [39m[32mFound 6 low stock items for all branches[39m
[32m[Nest] 28644  - [39m2026. 03. 24. 오전 2:34:34 [32m    LOG[39m [38;5;3m[HTTP] [39m[32mGET /customer/inventory/alerts - 327ms[39m
[32m[Nest] 28644  - [39m2026. 03. 24. 오전 2:34:34 [32m    LOG[39m [38;5;3m[CustomerOrdersController] [39m[32mUser d26831b8-20ef-4b10-8a1c-737a83d9b21f fetching orders (all branches)[39m
[32m[Nest] 28644  - [39m2026. 03. 24. 오전 2:34:34 [32m    LOG[39m [38;5;3m[CustomerOrdersService] [39m[32mFetching orders (all branches) by user d26831b8-20ef-4b10-8a1c-737a83d9b21f[39m
[32m[Nest] 28644  - [39m2026. 03. 24. 오전 2:34:35 [32m    LOG[39m [38;5;3m[CustomerOrdersService] [39m[32mFetched 1 orders[39m
[32m[Nest] 28644  - [39m2026. 03. 24. 오전 2:34:35 [32m    LOG[39m [38;5;3m[HTTP] [39m[32mGET /customer/orders?page=1&limit=1&dateStart=2026-03-24&dateEnd=2026-03-24&status=CREATED - 1570ms[39m
[33m[Nest] 28644  - [39m2026. 03. 24. 오전 2:34:35 [33m   WARN[39m [38;5;3m[CustomerOrdersService] [39m[33mFailed to load order payment methods for customer orders: column orders.payment_method does not exist[39m
[32m[Nest] 28644  - [39m2026. 03. 24. 오전 2:34:36 [32m    LOG[39m [38;5;3m[CustomerOrdersService] [39m[32mFetched 12 orders[39m
[32m[Nest] 28644  - [39m2026. 03. 24. 오전 2:34:36 [32m    LOG[39m [38;5;3m[HTTP] [39m[32mGET /customer/orders?page=1&limit=20 - 1495ms[39m
[32m[Nest] 28644  - [39m2026. 03. 24. 오전 2:34:42 [32m    LOG[39m [38;5;3m[CustomerGuard] [39m[32mCustomerGuard: User d26831b8-20ef-4b10-8a1c-737a83d9b21f authorized with 1 brand(s) and 0 branch(es)[39m
[32m[Nest] 28644  - [39m2026. 03. 24. 오전 2:34:42 [32m    LOG[39m [38;5;3m[CustomerOrdersController] [39m[32mUser d26831b8-20ef-4b10-8a1c-737a83d9b21f fetching orders (all branches)[39m
[32m[Nest] 28644  - [39m2026. 03. 24. 오전 2:34:42 [32m    LOG[39m [38;5;3m[CustomerOrdersService] [39m[32mFetching orders (all branches) by user d26831b8-20ef-4b10-8a1c-737a83d9b21f[39m
[32m[Nest] 28644  - [39m2026. 03. 24. 오전 2:34:42 [32m    LOG[39m [38;5;3m[CustomerGuard] [39m[32mCustomerGuard: User d26831b8-20ef-4b10-8a1c-737a83d9b21f authorized with 1 brand(s) and 0 branch(es)[39m
[32m[Nest] 28644  - [39m2026. 03. 24. 오전 2:34:42 [32m    LOG[39m [38;5;3m[CustomerOrdersController] [39m[32mUser d26831b8-20ef-4b10-8a1c-737a83d9b21f fetching orders (all branches)[39m
[32m[Nest] 28644  - [39m2026. 03. 24. 오전 2:34:42 [32m    LOG[39m [38;5;3m[CustomerOrdersService] [39m[32mFetching orders (all branches) by user d26831b8-20ef-4b10-8a1c-737a83d9b21f[39m
[33m[Nest] 28644  - [39m2026. 03. 24. 오전 2:34:43 [33m   WARN[39m [38;5;3m[CustomerOrdersService] [39m[33mFailed to load order payment methods for customer orders: column orders.payment_method does not exist[39m
[33m[Nest] 28644  - [39m2026. 03. 24. 오전 2:34:43 [33m   WARN[39m [38;5;3m[CustomerOrdersService] [39m[33mFailed to load order payment methods for customer orders: column orders.payment_method does not exist[39m
[32m[Nest] 28644  - [39m2026. 03. 24. 오전 2:34:44 [32m    LOG[39m [38;5;3m[CustomerOrdersService] [39m[32mFetched 8 orders[39m
[32m[Nest] 28644  - [39m2026. 03. 24. 오전 2:34:44 [32m    LOG[39m [38;5;3m[HTTP] [39m[32mGET /customer/orders?page=1&limit=20&dateStart=2026-03-24&dateEnd=2026-03-24 - 1483ms[39m
[32m[Nest] 28644  - [39m2026. 03. 24. 오전 2:34:44 [32m    LOG[39m [38;5;3m[CustomerOrdersService] [39m[32mFetched 1 orders[39m
[32m[Nest] 28644  - [39m2026. 03. 24. 오전 2:34:44 [32m    LOG[39m [38;5;3m[HTTP] [39m[32mGET /customer/orders?page=1&limit=1&dateStart=2026-03-24&dateEnd=2026-03-24 - 1530ms[39m
[32m[Nest] 28644  - [39m2026. 03. 24. 오전 2:34:44 [32m    LOG[39m [38;5;3m[CustomerOrdersController] [39m[32mUser d26831b8-20ef-4b10-8a1c-737a83d9b21f fetching orders (all branches)[39m
[32m[Nest] 28644  - [39m2026. 03. 24. 오전 2:34:44 [32m    LOG[39m [38;5;3m[CustomerOrdersService] [39m[32mFetching orders (all branches) by user d26831b8-20ef-4b10-8a1c-737a83d9b21f[39m
[32m[Nest] 28644  - [39m2026. 03. 24. 오전 2:34:44 [32m    LOG[39m [38;5;3m[CustomerOrdersController] [39m[32mUser d26831b8-20ef-4b10-8a1c-737a83d9b21f fetching orders (all branches)[39m
[32m[Nest] 28644  - [39m2026. 03. 24. 오전 2:34:44 [32m    LOG[39m [38;5;3m[CustomerOrdersService] [39m[32mFetching orders (all branches) by user d26831b8-20ef-4b10-8a1c-737a83d9b21f[39m
[32m[Nest] 28644  - [39m2026. 03. 24. 오전 2:34:44 [32m    LOG[39m [38;5;3m[CustomerOrdersController] [39m[32mUser d26831b8-20ef-4b10-8a1c-737a83d9b21f fetching orders (all branches)[39m
[32m[Nest] 28644  - [39m2026. 03. 24. 오전 2:34:44 [32m    LOG[39m [38;5;3m[CustomerOrdersService] [39m[32mFetching orders (all branches) by user d26831b8-20ef-4b10-8a1c-737a83d9b21f[39m
[32m[Nest] 28644  - [39m2026. 03. 24. 오전 2:34:44 [32m    LOG[39m [38;5;3m[CustomerOrdersController] [39m[32mUser d26831b8-20ef-4b10-8a1c-737a83d9b21f fetching orders (all branches)[39m
[32m[Nest] 28644  - [39m2026. 03. 24. 오전 2:34:44 [32m    LOG[39m [38;5;3m[CustomerOrdersService] [39m[32mFetching orders (all branches) by user d26831b8-20ef-4b10-8a1c-737a83d9b21f[39m
[32m[Nest] 28644  - [39m2026. 03. 24. 오전 2:34:44 [32m    LOG[39m [38;5;3m[CustomerOrdersController] [39m[32mUser d26831b8-20ef-4b10-8a1c-737a83d9b21f fetching orders (all branches)[39m
[32m[Nest] 28644  - [39m2026. 03. 24. 오전 2:34:44 [32m    LOG[39m [38;5;3m[CustomerOrdersService] [39m[32mFetching orders (all branches) by user d26831b8-20ef-4b10-8a1c-737a83d9b21f[39m
[32m[Nest] 28644  - [39m2026. 03. 24. 오전 2:34:44 [32m    LOG[39m [38;5;3m[CustomerOrdersController] [39m[32mUser d26831b8-20ef-4b10-8a1c-737a83d9b21f fetching orders (all branches)[39m
[32m[Nest] 28644  - [39m2026. 03. 24. 오전 2:34:44 [32m    LOG[39m [38;5;3m[CustomerOrdersService] [39m[32mFetching orders (all branches) by user d26831b8-20ef-4b10-8a1c-737a83d9b21f[39m
[32m[Nest] 28644  - [39m2026. 03. 24. 오전 2:34:44 [32m    LOG[39m [38;5;3m[CustomerOrdersService] [39m[32mFetched 0 orders[39m
[32m[Nest] 28644  - [39m2026. 03. 24. 오전 2:34:44 [32m    LOG[39m [38;5;3m[HTTP] [39m[32mGET /customer/orders?page=1&limit=1&dateStart=2026-03-24&dateEnd=2026-03-24&status=PREPARING - 527ms[39m
[32m[Nest] 28644  - [39m2026. 03. 24. 오전 2:34:44 [32m    LOG[39m [38;5;3m[CustomerOrdersService] [39m[32mFetched 0 orders[39m
[32m[Nest] 28644  - [39m2026. 03. 24. 오전 2:34:44 [32m    LOG[39m [38;5;3m[HTTP] [39m[32mGET /customer/orders?page=1&limit=1&dateStart=2026-03-24&dateEnd=2026-03-24&status=COMPLETED - 523ms[39m
[32m[Nest] 28644  - [39m2026. 03. 24. 오전 2:34:44 [32m    LOG[39m [38;5;3m[CustomerOrdersController] [39m[32mUser d26831b8-20ef-4b10-8a1c-737a83d9b21f fetching orders (all branches)[39m
[32m[Nest] 28644  - [39m2026. 03. 24. 오전 2:34:44 [32m    LOG[39m [38;5;3m[CustomerOrdersService] [39m[32mFetching orders (all branches) by user d26831b8-20ef-4b10-8a1c-737a83d9b21f[39m
[32m[Nest] 28644  - [39m2026. 03. 24. 오전 2:34:44 [32m    LOG[39m [38;5;3m[CustomerOrdersService] [39m[32mFetched 0 orders[39m
[32m[Nest] 28644  - [39m2026. 03. 24. 오전 2:34:44 [32m    LOG[39m [38;5;3m[HTTP] [39m[32mGET /customer/orders?page=1&limit=1&dateStart=2026-03-24&dateEnd=2026-03-24&status=CONFIRMED - 538ms[39m
[32m[Nest] 28644  - [39m2026. 03. 24. 오전 2:34:44 [32m    LOG[39m [38;5;3m[CustomerOrdersService] [39m[32mFetched 0 orders[39m
[32m[Nest] 28644  - [39m2026. 03. 24. 오전 2:34:44 [32m    LOG[39m [38;5;3m[HTTP] [39m[32mGET /customer/orders?page=1&limit=1&dateStart=2026-03-24&dateEnd=2026-03-24&status=CANCELLED - 529ms[39m
[32m[Nest] 28644  - [39m2026. 03. 24. 오전 2:34:44 [32m    LOG[39m [38;5;3m[CustomerOrdersService] [39m[32mFetched 0 orders[39m
[32m[Nest] 28644  - [39m2026. 03. 24. 오전 2:34:44 [32m    LOG[39m [38;5;3m[HTTP] [39m[32mGET /customer/orders?page=1&limit=1&dateStart=2026-03-24&dateEnd=2026-03-24&status=READY - 536ms[39m
[33m[Nest] 28644  - [39m2026. 03. 24. 오전 2:34:45 [33m   WARN[39m [38;5;3m[CustomerOrdersService] [39m[33mFailed to load order payment methods for customer orders: column orders.payment_method does not exist[39m
[32m[Nest] 28644  - [39m2026. 03. 24. 오전 2:34:45 [32m    LOG[39m [38;5;3m[CustomerOrdersService] [39m[32mFetched 0 orders[39m
[32m[Nest] 28644  - [39m2026. 03. 24. 오전 2:34:45 [32m    LOG[39m [38;5;3m[HTTP] [39m[32mGET /customer/orders?page=1&limit=1&dateStart=2026-03-24&dateEnd=2026-03-24&status=REFUNDED - 795ms[39m
[32m[Nest] 28644  - [39m2026. 03. 24. 오전 2:34:45 [32m    LOG[39m [38;5;3m[CustomerOrdersService] [39m[32mFetched 1 orders[39m
[32m[Nest] 28644  - [39m2026. 03. 24. 오전 2:34:45 [32m    LOG[39m [38;5;3m[HTTP] [39m[32mGET /customer/orders?page=1&limit=1&dateStart=2026-03-24&dateEnd=2026-03-24&status=CREATED - 1652ms[39m
[32m[Nest] 28644  - [39m2026. 03. 24. 오전 2:34:47 [32m    LOG[39m [38;5;3m[CustomerOrdersController] [39m[32mUser d26831b8-20ef-4b10-8a1c-737a83d9b21f fetching order eb47f08e-34bc-4a5c-b3f3-1748bcf6d26e[39m
[32m[Nest] 28644  - [39m2026. 03. 24. 오전 2:34:47 [32m    LOG[39m [38;5;3m[CustomerOrdersService] [39m[32mFetching order eb47f08e-34bc-4a5c-b3f3-1748bcf6d26e by user d26831b8-20ef-4b10-8a1c-737a83d9b21f[39m
[33m[Nest] 28644  - [39m2026. 03. 24. 오전 2:34:47 [33m   WARN[39m [38;5;3m[CustomerOrdersService] [39m[33mFailed to load order payment methods for customer orders: column orders.payment_method does not exist[39m
[32m[Nest] 28644  - [39m2026. 03. 24. 오전 2:34:48 [32m    LOG[39m [38;5;3m[HTTP] [39m[32mGET /customer/orders/eb47f08e-34bc-4a5c-b3f3-1748bcf6d26e - 1184ms[39m
[32m[Nest] 28644  - [39m2026. 03. 24. 오전 2:34:53 [32m    LOG[39m [38;5;3m[CustomerOrdersController] [39m[32mUser d26831b8-20ef-4b10-8a1c-737a83d9b21f fetching orders (all branches)[39m
[32m[Nest] 28644  - [39m2026. 03. 24. 오전 2:34:53 [32m    LOG[39m [38;5;3m[CustomerOrdersService] [39m[32mFetching orders (all branches) by user d26831b8-20ef-4b10-8a1c-737a83d9b21f[39m
[32m[Nest] 28644  - [39m2026. 03. 24. 오전 2:34:53 [32m    LOG[39m [38;5;3m[CustomerBranchesController] [39m[32mUser d26831b8-20ef-4b10-8a1c-737a83d9b21f fetching branches (all)[39m
[32m[Nest] 28644  - [39m2026. 03. 24. 오전 2:34:53 [32m    LOG[39m [38;5;3m[CustomerBranchesService] [39m[32mFetching all accessible branches for user d26831b8-20ef-4b10-8a1c-737a83d9b21f[39m
[32m[Nest] 28644  - [39m2026. 03. 24. 오전 2:34:53 [32m    LOG[39m [38;5;3m[CustomerOrdersController] [39m[32mUser d26831b8-20ef-4b10-8a1c-737a83d9b21f fetching orders (all branches)[39m
[32m[Nest] 28644  - [39m2026. 03. 24. 오전 2:34:53 [32m    LOG[39m [38;5;3m[CustomerOrdersService] [39m[32mFetching orders (all branches) by user d26831b8-20ef-4b10-8a1c-737a83d9b21f[39m
[32m[Nest] 28644  - [39m2026. 03. 24. 오전 2:34:53 [32m    LOG[39m [38;5;3m[CustomerBranchesService] [39m[32mFetched 3 accessible branches for user d26831b8-20ef-4b10-8a1c-737a83d9b21f[39m
[32m[Nest] 28644  - [39m2026. 03. 24. 오전 2:34:53 [32m    LOG[39m [38;5;3m[HTTP] [39m[32mGET /customer/branches - 202ms[39m
[32m[Nest] 28644  - [39m2026. 03. 24. 오전 2:34:53 [32m    LOG[39m [38;5;3m[CustomerBrandsService] [39m[32mFetching brands for user: d26831b8-20ef-4b10-8a1c-737a83d9b21f[39m
[32m[Nest] 28644  - [39m2026. 03. 24. 오전 2:34:53 [32m    LOG[39m [38;5;3m[CustomerBrandsService] [39m[32mFetched 1 brands for user: d26831b8-20ef-4b10-8a1c-737a83d9b21f[39m
[32m[Nest] 28644  - [39m2026. 03. 24. 오전 2:34:53 [32m    LOG[39m [38;5;3m[HTTP] [39m[32mGET /customer/brands - 190ms[39m
[33m[Nest] 28644  - [39m2026. 03. 24. 오전 2:34:54 [33m   WARN[39m [38;5;3m[CustomerOrdersService] [39m[33mFailed to load order payment methods for customer orders: column orders.payment_method does not exist[39m
[33m[Nest] 28644  - [39m2026. 03. 24. 오전 2:34:54 [33m   WARN[39m [38;5;3m[CustomerOrdersService] [39m[33mFailed to load order payment methods for customer orders: column orders.payment_method does not exist[39m
[32m[Nest] 28644  - [39m2026. 03. 24. 오전 2:34:54 [32m    LOG[39m [38;5;3m[CustomerOrdersService] [39m[32mFetched 8 orders[39m
[32m[Nest] 28644  - [39m2026. 03. 24. 오전 2:34:54 [32m    LOG[39m [38;5;3m[HTTP] [39m[32mGET /customer/orders?page=1&limit=20&dateStart=2026-03-24&dateEnd=2026-03-24 - 1538ms[39m
[32m[Nest] 28644  - [39m2026. 03. 24. 오전 2:34:54 [32m    LOG[39m [38;5;3m[CustomerOrdersService] [39m[32mFetched 1 orders[39m
[32m[Nest] 28644  - [39m2026. 03. 24. 오전 2:34:54 [32m    LOG[39m [38;5;3m[HTTP] [39m[32mGET /customer/orders?page=1&limit=1&dateStart=2026-03-24&dateEnd=2026-03-24 - 1630ms[39m
[32m[Nest] 28644  - [39m2026. 03. 24. 오전 2:34:54 [32m    LOG[39m [38;5;3m[CustomerOrdersController] [39m[32mUser d26831b8-20ef-4b10-8a1c-737a83d9b21f fetching orders (all branches)[39m
[32m[Nest] 28644  - [39m2026. 03. 24. 오전 2:34:54 [32m    LOG[39m [38;5;3m[CustomerOrdersService] [39m[32mFetching orders (all branches) by user d26831b8-20ef-4b10-8a1c-737a83d9b21f[39m
[32m[Nest] 28644  - [39m2026. 03. 24. 오전 2:34:54 [32m    LOG[39m [38;5;3m[CustomerOrdersController] [39m[32mUser d26831b8-20ef-4b10-8a1c-737a83d9b21f fetching orders (all branches)[39m
[32m[Nest] 28644  - [39m2026. 03. 24. 오전 2:34:54 [32m    LOG[39m [38;5;3m[CustomerOrdersService] [39m[32mFetching orders (all branches) by user d26831b8-20ef-4b10-8a1c-737a83d9b21f[39m
[32m[Nest] 28644  - [39m2026. 03. 24. 오전 2:34:54 [32m    LOG[39m [38;5;3m[CustomerOrdersController] [39m[32mUser d26831b8-20ef-4b10-8a1c-737a83d9b21f fetching orders (all branches)[39m
[32m[Nest] 28644  - [39m2026. 03. 24. 오전 2:34:54 [32m    LOG[39m [38;5;3m[CustomerOrdersService] [39m[32mFetching orders (all branches) by user d26831b8-20ef-4b10-8a1c-737a83d9b21f[39m
[32m[Nest] 28644  - [39m2026. 03. 24. 오전 2:34:54 [32m    LOG[39m [38;5;3m[CustomerOrdersController] [39m[32mUser d26831b8-20ef-4b10-8a1c-737a83d9b21f fetching orders (all branches)[39m
[32m[Nest] 28644  - [39m2026. 03. 24. 오전 2:34:54 [32m    LOG[39m [38;5;3m[CustomerOrdersService] [39m[32mFetching orders (all branches) by user d26831b8-20ef-4b10-8a1c-737a83d9b21f[39m
[32m[Nest] 28644  - [39m2026. 03. 24. 오전 2:34:54 [32m    LOG[39m [38;5;3m[CustomerOrdersController] [39m[32mUser d26831b8-20ef-4b10-8a1c-737a83d9b21f fetching orders (all branches)[39m
[32m[Nest] 28644  - [39m2026. 03. 24. 오전 2:34:54 [32m    LOG[39m [38;5;3m[CustomerOrdersService] [39m[32mFetching orders (all branches) by user d26831b8-20ef-4b10-8a1c-737a83d9b21f[39m
[32m[Nest] 28644  - [39m2026. 03. 24. 오전 2:34:54 [32m    LOG[39m [38;5;3m[CustomerOrdersController] [39m[32mUser d26831b8-20ef-4b10-8a1c-737a83d9b21f fetching orders (all branches)[39m
[32m[Nest] 28644  - [39m2026. 03. 24. 오전 2:34:54 [32m    LOG[39m [38;5;3m[CustomerOrdersService] [39m[32mFetching orders (all branches) by user d26831b8-20ef-4b10-8a1c-737a83d9b21f[39m
[32m[Nest] 28644  - [39m2026. 03. 24. 오전 2:34:55 [32m    LOG[39m [38;5;3m[CustomerOrdersService] [39m[32mFetched 0 orders[39m
[32m[Nest] 28644  - [39m2026. 03. 24. 오전 2:34:55 [32m    LOG[39m [38;5;3m[HTTP] [39m[32mGET /customer/orders?page=1&limit=1&dateStart=2026-03-24&dateEnd=2026-03-24&status=PREPARING - 500ms[39m
[32m[Nest] 28644  - [39m2026. 03. 24. 오전 2:34:55 [32m    LOG[39m [38;5;3m[CustomerOrdersController] [39m[32mUser d26831b8-20ef-4b10-8a1c-737a83d9b21f fetching orders (all branches)[39m
[32m[Nest] 28644  - [39m2026. 03. 24. 오전 2:34:55 [32m    LOG[39m [38;5;3m[CustomerOrdersService] [39m[32mFetching orders (all branches) by user d26831b8-20ef-4b10-8a1c-737a83d9b21f[39m
[32m[Nest] 28644  - [39m2026. 03. 24. 오전 2:34:55 [32m    LOG[39m [38;5;3m[CustomerOrdersService] [39m[32mFetched 0 orders[39m
[32m[Nest] 28644  - [39m2026. 03. 24. 오전 2:34:55 [32m    LOG[39m [38;5;3m[HTTP] [39m[32mGET /customer/orders?page=1&limit=1&dateStart=2026-03-24&dateEnd=2026-03-24&status=CONFIRMED - 519ms[39m
[32m[Nest] 28644  - [39m2026. 03. 24. 오전 2:34:55 [32m    LOG[39m [38;5;3m[CustomerOrdersService] [39m[32mFetched 0 orders[39m
[32m[Nest] 28644  - [39m2026. 03. 24. 오전 2:34:55 [32m    LOG[39m [38;5;3m[HTTP] [39m[32mGET /customer/orders?page=1&limit=1&dateStart=2026-03-24&dateEnd=2026-03-24&status=COMPLETED - 530ms[39m
[32m[Nest] 28644  - [39m2026. 03. 24. 오전 2:34:55 [32m    LOG[39m [38;5;3m[CustomerOrdersService] [39m[32mFetched 0 orders[39m
[32m[Nest] 28644  - [39m2026. 03. 24. 오전 2:34:55 [32m    LOG[39m [38;5;3m[HTTP] [39m[32mGET /customer/orders?page=1&limit=1&dateStart=2026-03-24&dateEnd=2026-03-24&status=READY - 534ms[39m
[32m[Nest] 28644  - [39m2026. 03. 24. 오전 2:34:55 [32m    LOG[39m [38;5;3m[CustomerOrdersService] [39m[32mFetched 0 orders[39m
[32m[Nest] 28644  - [39m2026. 03. 24. 오전 2:34:55 [32m    LOG[39m [38;5;3m[HTTP] [39m[32mGET /customer/orders?page=1&limit=1&dateStart=2026-03-24&dateEnd=2026-03-24&status=CANCELLED - 530ms[39m
[33m[Nest] 28644  - [39m2026. 03. 24. 오전 2:34:55 [33m   WARN[39m [38;5;3m[CustomerOrdersService] [39m[33mFailed to load order payment methods for customer orders: column orders.payment_method does not exist[39m
[32m[Nest] 28644  - [39m2026. 03. 24. 오전 2:34:55 [32m    LOG[39m [38;5;3m[CustomerOrdersService] [39m[32mFetched 0 orders[39m
[32m[Nest] 28644  - [39m2026. 03. 24. 오전 2:34:55 [32m    LOG[39m [38;5;3m[HTTP] [39m[32mGET /customer/orders?page=1&limit=1&dateStart=2026-03-24&dateEnd=2026-03-24&status=REFUNDED - 516ms[39m
[32m[Nest] 28644  - [39m2026. 03. 24. 오전 2:34:56 [32m    LOG[39m [38;5;3m[CustomerOrdersService] [39m[32mFetched 1 orders[39m
[32m[Nest] 28644  - [39m2026. 03. 24. 오전 2:34:56 [32m    LOG[39m [38;5;3m[HTTP] [39m[32mGET /customer/orders?page=1&limit=1&dateStart=2026-03-24&dateEnd=2026-03-24&status=CREATED - 1510ms[39m
[32m[Nest] 28644  - [39m2026. 03. 24. 오전 2:35:03 [32m    LOG[39m [38;5;3m[CustomerOrdersController] [39m[32mUser d26831b8-20ef-4b10-8a1c-737a83d9b21f fetching orders (all branches)[39m
[32m[Nest] 28644  - [39m2026. 03. 24. 오전 2:35:03 [32m    LOG[39m [38;5;3m[CustomerOrdersService] [39m[32mFetching orders (all branches) by user d26831b8-20ef-4b10-8a1c-737a83d9b21f[39m
[32m[Nest] 28644  - [39m2026. 03. 24. 오전 2:35:03 [32m    LOG[39m [38;5;3m[CustomerOrdersController] [39m[32mUser d26831b8-20ef-4b10-8a1c-737a83d9b21f fetching orders (all branches)[39m
[32m[Nest] 28644  - [39m2026. 03. 24. 오전 2:35:03 [32m    LOG[39m [38;5;3m[CustomerOrdersService] [39m[32mFetching orders (all branches) by user d26831b8-20ef-4b10-8a1c-737a83d9b21f[39m
[33m[Nest] 28644  - [39m2026. 03. 24. 오전 2:35:04 [33m   WARN[39m [38;5;3m[CustomerOrdersService] [39m[33mFailed to load order payment methods for customer orders: column orders.payment_method does not exist[39m
[33m[Nest] 28644  - [39m2026. 03. 24. 오전 2:35:04 [33m   WARN[39m [38;5;3m[CustomerOrdersService] [39m[33mFailed to load order payment methods for customer orders: column orders.payment_method does not exist[39m
[32m[Nest] 28644  - [39m2026. 03. 24. 오전 2:35:04 [32m    LOG[39m [38;5;3m[CustomerOrdersService] [39m[32mFetched 8 orders[39m
[32m[Nest] 28644  - [39m2026. 03. 24. 오전 2:35:04 [32m    LOG[39m [38;5;3m[HTTP] [39m[32mGET /customer/orders?page=1&limit=20&dateStart=2026-03-24&dateEnd=2026-03-24 - 1564ms[39m
[32m[Nest] 28644  - [39m2026. 03. 24. 오전 2:35:04 [32m    LOG[39m [38;5;3m[CustomerOrdersService] [39m[32mFetched 1 orders[39m
[32m[Nest] 28644  - [39m2026. 03. 24. 오전 2:35:04 [32m    LOG[39m [38;5;3m[HTTP] [39m[32mGET /customer/orders?page=1&limit=1&dateStart=2026-03-24&dateEnd=2026-03-24 - 1584ms[39m
[32m[Nest] 28644  - [39m2026. 03. 24. 오전 2:35:04 [32m    LOG[39m [38;5;3m[CustomerOrdersController] [39m[32mUser d26831b8-20ef-4b10-8a1c-737a83d9b21f fetching orders (all branches)[39m
[32m[Nest] 28644  - [39m2026. 03. 24. 오전 2:35:04 [32m    LOG[39m [38;5;3m[CustomerOrdersService] [39m[32mFetching orders (all branches) by user d26831b8-20ef-4b10-8a1c-737a83d9b21f[39m
[32m[Nest] 28644  - [39m2026. 03. 24. 오전 2:35:04 [32m    LOG[39m [38;5;3m[CustomerOrdersController] [39m[32mUser d26831b8-20ef-4b10-8a1c-737a83d9b21f fetching orders (all branches)[39m
[32m[Nest] 28644  - [39m2026. 03. 24. 오전 2:35:04 [32m    LOG[39m [38;5;3m[CustomerOrdersService] [39m[32mFetching orders (all branches) by user d26831b8-20ef-4b10-8a1c-737a83d9b21f[39m
[32m[Nest] 28644  - [39m2026. 03. 24. 오전 2:35:04 [32m    LOG[39m [38;5;3m[CustomerOrdersController] [39m[32mUser d26831b8-20ef-4b10-8a1c-737a83d9b21f fetching orders (all branches)[39m
[32m[Nest] 28644  - [39m2026. 03. 24. 오전 2:35:04 [32m    LOG[39m [38;5;3m[CustomerOrdersService] [39m[32mFetching orders (all branches) by user d26831b8-20ef-4b10-8a1c-737a83d9b21f[39m
[32m[Nest] 28644  - [39m2026. 03. 24. 오전 2:35:04 [32m    LOG[39m [38;5;3m[CustomerOrdersController] [39m[32mUser d26831b8-20ef-4b10-8a1c-737a83d9b21f fetching orders (all branches)[39m
[32m[Nest] 28644  - [39m2026. 03. 24. 오전 2:35:04 [32m    LOG[39m [38;5;3m[CustomerOrdersService] [39m[32mFetching orders (all branches) by user d26831b8-20ef-4b10-8a1c-737a83d9b21f[39m
[32m[Nest] 28644  - [39m2026. 03. 24. 오전 2:35:04 [32m    LOG[39m [38;5;3m[CustomerOrdersController] [39m[32mUser d26831b8-20ef-4b10-8a1c-737a83d9b21f fetching orders (all branches)[39m
[32m[Nest] 28644  - [39m2026. 03. 24. 오전 2:35:04 [32m    LOG[39m [38;5;3m[CustomerOrdersService] [39m[32mFetching orders (all branches) by user d26831b8-20ef-4b10-8a1c-737a83d9b21f[39m
[32m[Nest] 28644  - [39m2026. 03. 24. 오전 2:35:04 [32m    LOG[39m [38;5;3m[CustomerOrdersController] [39m[32mUser d26831b8-20ef-4b10-8a1c-737a83d9b21f fetching orders (all branches)[39m
[32m[Nest] 28644  - [39m2026. 03. 24. 오전 2:35:04 [32m    LOG[39m [38;5;3m[CustomerOrdersService] [39m[32mFetching orders (all branches) by user d26831b8-20ef-4b10-8a1c-737a83d9b21f[39m
[32m[Nest] 28644  - [39m2026. 03. 24. 오전 2:35:05 [32m    LOG[39m [38;5;3m[CustomerOrdersService] [39m[32mFetched 0 orders[39m
[32m[Nest] 28644  - [39m2026. 03. 24. 오전 2:35:05 [32m    LOG[39m [38;5;3m[HTTP] [39m[32mGET /customer/orders?page=1&limit=1&dateStart=2026-03-24&dateEnd=2026-03-24&status=CONFIRMED - 511ms[39m
[32m[Nest] 28644  - [39m2026. 03. 24. 오전 2:35:05 [32m    LOG[39m [38;5;3m[CustomerOrdersController] [39m[32mUser d26831b8-20ef-4b10-8a1c-737a83d9b21f fetching orders (all branches)[39m
[32m[Nest] 28644  - [39m2026. 03. 24. 오전 2:35:05 [32m    LOG[39m [38;5;3m[CustomerOrdersService] [39m[32mFetching orders (all branches) by user d26831b8-20ef-4b10-8a1c-737a83d9b21f[39m
[32m[Nest] 28644  - [39m2026. 03. 24. 오전 2:35:05 [32m    LOG[39m [38;5;3m[CustomerOrdersService] [39m[32mFetched 0 orders[39m
[32m[Nest] 28644  - [39m2026. 03. 24. 오전 2:35:05 [32m    LOG[39m [38;5;3m[HTTP] [39m[32mGET /customer/orders?page=1&limit=1&dateStart=2026-03-24&dateEnd=2026-03-24&status=PREPARING - 521ms[39m
[32m[Nest] 28644  - [39m2026. 03. 24. 오전 2:35:05 [32m    LOG[39m [38;5;3m[CustomerOrdersService] [39m[32mFetched 0 orders[39m
[32m[Nest] 28644  - [39m2026. 03. 24. 오전 2:35:05 [32m    LOG[39m [38;5;3m[HTTP] [39m[32mGET /customer/orders?page=1&limit=1&dateStart=2026-03-24&dateEnd=2026-03-24&status=COMPLETED - 541ms[39m
[32m[Nest] 28644  - [39m2026. 03. 24. 오전 2:35:05 [32m    LOG[39m [38;5;3m[CustomerOrdersService] [39m[32mFetched 0 orders[39m
[32m[Nest] 28644  - [39m2026. 03. 24. 오전 2:35:05 [32m    LOG[39m [38;5;3m[HTTP] [39m[32mGET /customer/orders?page=1&limit=1&dateStart=2026-03-24&dateEnd=2026-03-24&status=CANCELLED - 542ms[39m
[32m[Nest] 28644  - [39m2026. 03. 24. 오전 2:35:05 [32m    LOG[39m [38;5;3m[CustomerOrdersService] [39m[32mFetched 0 orders[39m
[32m[Nest] 28644  - [39m2026. 03. 24. 오전 2:35:05 [32m    LOG[39m [38;5;3m[HTTP] [39m[32mGET /customer/orders?page=1&limit=1&dateStart=2026-03-24&dateEnd=2026-03-24&status=READY - 550ms[39m
[32m[Nest] 28644  - [39m2026. 03. 24. 오전 2:35:05 [32m    LOG[39m [38;5;3m[CustomerOrdersService] [39m[32mFetched 0 orders[39m
[32m[Nest] 28644  - [39m2026. 03. 24. 오전 2:35:05 [32m    LOG[39m [38;5;3m[HTTP] [39m[32mGET /customer/orders?page=1&limit=1&dateStart=2026-03-24&dateEnd=2026-03-24&status=REFUNDED - 494ms[39m
[33m[Nest] 28644  - [39m2026. 03. 24. 오전 2:35:05 [33m   WARN[39m [38;5;3m[CustomerOrdersService] [39m[33mFailed to load order payment methods for customer orders: column orders.payment_method does not exist[39m
[32m[Nest] 28644  - [39m2026. 03. 24. 오전 2:35:06 [32m    LOG[39m [38;5;3m[CustomerOrdersService] [39m[32mFetched 1 orders[39m
[32m[Nest] 28644  - [39m2026. 03. 24. 오전 2:35:06 [32m    LOG[39m [38;5;3m[HTTP] [39m[32mGET /customer/orders?page=1&limit=1&dateStart=2026-03-24&dateEnd=2026-03-24&status=CREATED - 1527ms[39m
[32m[Nest] 28644  - [39m2026. 03. 24. 오전 2:35:13 [32m    LOG[39m [38;5;3m[CustomerGuard] [39m[32mCustomerGuard: User d26831b8-20ef-4b10-8a1c-737a83d9b21f authorized with 1 brand(s) and 0 branch(es)[39m
[32m[Nest] 28644  - [39m2026. 03. 24. 오전 2:35:13 [32m    LOG[39m [38;5;3m[CustomerOrdersController] [39m[32mUser d26831b8-20ef-4b10-8a1c-737a83d9b21f fetching orders (all branches)[39m
[32m[Nest] 28644  - [39m2026. 03. 24. 오전 2:35:13 [32m    LOG[39m [38;5;3m[CustomerOrdersService] [39m[32mFetching orders (all branches) by user d26831b8-20ef-4b10-8a1c-737a83d9b21f[39m
[32m[Nest] 28644  - [39m2026. 03. 24. 오전 2:35:13 [32m    LOG[39m [38;5;3m[CustomerGuard] [39m[32mCustomerGuard: User d26831b8-20ef-4b10-8a1c-737a83d9b21f authorized with 1 brand(s) and 0 branch(es)[39m
[32m[Nest] 28644  - [39m2026. 03. 24. 오전 2:35:13 [32m    LOG[39m [38;5;3m[CustomerOrdersController] [39m[32mUser d26831b8-20ef-4b10-8a1c-737a83d9b21f fetching orders (all branches)[39m
[32m[Nest] 28644  - [39m2026. 03. 24. 오전 2:35:13 [32m    LOG[39m [38;5;3m[CustomerOrdersService] [39m[32mFetching orders (all branches) by user d26831b8-20ef-4b10-8a1c-737a83d9b21f[39m
[33m[Nest] 28644  - [39m2026. 03. 24. 오전 2:35:14 [33m   WARN[39m [38;5;3m[CustomerOrdersService] [39m[33mFailed to load order payment methods for customer orders: column orders.payment_method does not exist[39m
[33m[Nest] 28644  - [39m2026. 03. 24. 오전 2:35:14 [33m   WARN[39m [38;5;3m[CustomerOrdersService] [39m[33mFailed to load order payment methods for customer orders: column orders.payment_method does not exist[39m
[32m[Nest] 28644  - [39m2026. 03. 24. 오전 2:35:14 [32m    LOG[39m [38;5;3m[CustomerOrdersService] [39m[32mFetched 1 orders[39m
[32m[Nest] 28644  - [39m2026. 03. 24. 오전 2:35:14 [32m    LOG[39m [38;5;3m[HTTP] [39m[32mGET /customer/orders?page=1&limit=1&dateStart=2026-03-24&dateEnd=2026-03-24 - 1476ms[39m
[32m[Nest] 28644  - [39m2026. 03. 24. 오전 2:35:14 [32m    LOG[39m [38;5;3m[CustomerOrdersController] [39m[32mUser d26831b8-20ef-4b10-8a1c-737a83d9b21f fetching orders (all branches)[39m
[32m[Nest] 28644  - [39m2026. 03. 24. 오전 2:35:14 [32m    LOG[39m [38;5;3m[CustomerOrdersService] [39m[32mFetching orders (all branches) by user d26831b8-20ef-4b10-8a1c-737a83d9b21f[39m
[32m[Nest] 28644  - [39m2026. 03. 24. 오전 2:35:14 [32m    LOG[39m [38;5;3m[CustomerOrdersController] [39m[32mUser d26831b8-20ef-4b10-8a1c-737a83d9b21f fetching orders (all branches)[39m
[32m[Nest] 28644  - [39m2026. 03. 24. 오전 2:35:14 [32m    LOG[39m [38;5;3m[CustomerOrdersService] [39m[32mFetching orders (all branches) by user d26831b8-20ef-4b10-8a1c-737a83d9b21f[39m
[32m[Nest] 28644  - [39m2026. 03. 24. 오전 2:35:14 [32m    LOG[39m [38;5;3m[CustomerOrdersController] [39m[32mUser d26831b8-20ef-4b10-8a1c-737a83d9b21f fetching orders (all branches)[39m
[32m[Nest] 28644  - [39m2026. 03. 24. 오전 2:35:14 [32m    LOG[39m [38;5;3m[CustomerOrdersService] [39m[32mFetching orders (all branches) by user d26831b8-20ef-4b10-8a1c-737a83d9b21f[39m
[32m[Nest] 28644  - [39m2026. 03. 24. 오전 2:35:14 [32m    LOG[39m [38;5;3m[CustomerOrdersController] [39m[32mUser d26831b8-20ef-4b10-8a1c-737a83d9b21f fetching orders (all branches)[39m
[32m[Nest] 28644  - [39m2026. 03. 24. 오전 2:35:14 [32m    LOG[39m [38;5;3m[CustomerOrdersService] [39m[32mFetching orders (all branches) by user d26831b8-20ef-4b10-8a1c-737a83d9b21f[39m
[32m[Nest] 28644  - [39m2026. 03. 24. 오전 2:35:14 [32m    LOG[39m [38;5;3m[CustomerOrdersController] [39m[32mUser d26831b8-20ef-4b10-8a1c-737a83d9b21f fetching orders (all branches)[39m
[32m[Nest] 28644  - [39m2026. 03. 24. 오전 2:35:14 [32m    LOG[39m [38;5;3m[CustomerOrdersService] [39m[32mFetching orders (all branches) by user d26831b8-20ef-4b10-8a1c-737a83d9b21f[39m
[32m[Nest] 28644  - [39m2026. 03. 24. 오전 2:35:14 [32m    LOG[39m [38;5;3m[CustomerOrdersService] [39m[32mFetched 8 orders[39m
[32m[Nest] 28644  - [39m2026. 03. 24. 오전 2:35:14 [32m    LOG[39m [38;5;3m[HTTP] [39m[32mGET /customer/orders?page=1&limit=20&dateStart=2026-03-24&dateEnd=2026-03-24 - 1491ms[39m
[32m[Nest] 28644  - [39m2026. 03. 24. 오전 2:35:14 [32m    LOG[39m [38;5;3m[CustomerOrdersController] [39m[32mUser d26831b8-20ef-4b10-8a1c-737a83d9b21f fetching orders (all branches)[39m
[32m[Nest] 28644  - [39m2026. 03. 24. 오전 2:35:14 [32m    LOG[39m [38;5;3m[CustomerOrdersService] [39m[32mFetching orders (all branches) by user d26831b8-20ef-4b10-8a1c-737a83d9b21f[39m
[32m[Nest] 28644  - [39m2026. 03. 24. 오전 2:35:15 [32m    LOG[39m [38;5;3m[CustomerOrdersService] [39m[32mFetched 0 orders[39m
[32m[Nest] 28644  - [39m2026. 03. 24. 오전 2:35:15 [32m    LOG[39m [38;5;3m[HTTP] [39m[32mGET /customer/orders?page=1&limit=1&dateStart=2026-03-24&dateEnd=2026-03-24&status=CONFIRMED - 508ms[39m
[32m[Nest] 28644  - [39m2026. 03. 24. 오전 2:35:15 [32m    LOG[39m [38;5;3m[CustomerOrdersController] [39m[32mUser d26831b8-20ef-4b10-8a1c-737a83d9b21f fetching orders (all branches)[39m
[32m[Nest] 28644  - [39m2026. 03. 24. 오전 2:35:15 [32m    LOG[39m [38;5;3m[CustomerOrdersService] [39m[32mFetching orders (all branches) by user d26831b8-20ef-4b10-8a1c-737a83d9b21f[39m
[32m[Nest] 28644  - [39m2026. 03. 24. 오전 2:35:15 [32m    LOG[39m [38;5;3m[CustomerOrdersService] [39m[32mFetched 0 orders[39m
[32m[Nest] 28644  - [39m2026. 03. 24. 오전 2:35:15 [32m    LOG[39m [38;5;3m[HTTP] [39m[32mGET /customer/orders?page=1&limit=1&dateStart=2026-03-24&dateEnd=2026-03-24&status=COMPLETED - 504ms[39m
[32m[Nest] 28644  - [39m2026. 03. 24. 오전 2:35:15 [32m    LOG[39m [38;5;3m[CustomerOrdersService] [39m[32mFetched 0 orders[39m
[32m[Nest] 28644  - [39m2026. 03. 24. 오전 2:35:15 [32m    LOG[39m [38;5;3m[HTTP] [39m[32mGET /customer/orders?page=1&limit=1&dateStart=2026-03-24&dateEnd=2026-03-24&status=PREPARING - 513ms[39m
[32m[Nest] 28644  - [39m2026. 03. 24. 오전 2:35:15 [32m    LOG[39m [38;5;3m[CustomerOrdersService] [39m[32mFetched 0 orders[39m
[32m[Nest] 28644  - [39m2026. 03. 24. 오전 2:35:15 [32m    LOG[39m [38;5;3m[HTTP] [39m[32mGET /customer/orders?page=1&limit=1&dateStart=2026-03-24&dateEnd=2026-03-24&status=READY - 519ms[39m
[32m[Nest] 28644  - [39m2026. 03. 24. 오전 2:35:15 [32m    LOG[39m [38;5;3m[CustomerOrdersService] [39m[32mFetched 0 orders[39m
[32m[Nest] 28644  - [39m2026. 03. 24. 오전 2:35:15 [32m    LOG[39m [38;5;3m[HTTP] [39m[32mGET /customer/orders?page=1&limit=1&dateStart=2026-03-24&dateEnd=2026-03-24&status=CANCELLED - 519ms[39m
[32m[Nest] 28644  - [39m2026. 03. 24. 오전 2:35:15 [32m    LOG[39m [38;5;3m[CustomerOrdersService] [39m[32mFetched 0 orders[39m
[32m[Nest] 28644  - [39m2026. 03. 24. 오전 2:35:15 [32m    LOG[39m [38;5;3m[HTTP] [39m[32mGET /customer/orders?page=1&limit=1&dateStart=2026-03-24&dateEnd=2026-03-24&status=REFUNDED - 479ms[39m
[33m[Nest] 28644  - [39m2026. 03. 24. 오전 2:35:15 [33m   WARN[39m [38;5;3m[CustomerOrdersService] [39m[33mFailed to load order payment methods for customer orders: column orders.payment_method does not exist[39m
[32m[Nest] 28644  - [39m2026. 03. 24. 오전 2:35:16 [32m    LOG[39m [38;5;3m[CustomerOrdersService] [39m[32mFetched 1 orders[39m
[32m[Nest] 28644  - [39m2026. 03. 24. 오전 2:35:16 [32m    LOG[39m [38;5;3m[HTTP] [39m[32mGET /customer/orders?page=1&limit=1&dateStart=2026-03-24&dateEnd=2026-03-24&status=CREATED - 1534ms[39m
[32m[Nest] 28644  - [39m2026. 03. 24. 오전 2:35:23 [32m    LOG[39m [38;5;3m[CustomerOrdersController] [39m[32mUser d26831b8-20ef-4b10-8a1c-737a83d9b21f fetching orders (all branches)[39m
[32m[Nest] 28644  - [39m2026. 03. 24. 오전 2:35:23 [32m    LOG[39m [38;5;3m[CustomerOrdersService] [39m[32mFetching orders (all branches) by user d26831b8-20ef-4b10-8a1c-737a83d9b21f[39m
[32m[Nest] 28644  - [39m2026. 03. 24. 오전 2:35:23 [32m    LOG[39m [38;5;3m[CustomerOrdersController] [39m[32mUser d26831b8-20ef-4b10-8a1c-737a83d9b21f fetching orders (all branches)[39m
[32m[Nest] 28644  - [39m2026. 03. 24. 오전 2:35:23 [32m    LOG[39m [38;5;3m[CustomerOrdersService] [39m[32mFetching orders (all branches) by user d26831b8-20ef-4b10-8a1c-737a83d9b21f[39m
[33m[Nest] 28644  - [39m2026. 03. 24. 오전 2:35:24 [33m   WARN[39m [38;5;3m[CustomerOrdersService] [39m[33mFailed to load order payment methods for customer orders: column orders.payment_method does not exist[39m
[33m[Nest] 28644  - [39m2026. 03. 24. 오전 2:35:24 [33m   WARN[39m [38;5;3m[CustomerOrdersService] [39m[33mFailed to load order payment methods for customer orders: column orders.payment_method does not exist[39m
[32m[Nest] 28644  - [39m2026. 03. 24. 오전 2:35:24 [32m    LOG[39m [38;5;3m[CustomerOrdersService] [39m[32mFetched 8 orders[39m
[32m[Nest] 28644  - [39m2026. 03. 24. 오전 2:35:24 [32m    LOG[39m [38;5;3m[HTTP] [39m[32mGET /customer/orders?page=1&limit=20&dateStart=2026-03-24&dateEnd=2026-03-24 - 1576ms[39m
[32m[Nest] 28644  - [39m2026. 03. 24. 오전 2:35:24 [32m    LOG[39m [38;5;3m[CustomerOrdersService] [39m[32mFetched 1 orders[39m
[32m[Nest] 28644  - [39m2026. 03. 24. 오전 2:35:24 [32m    LOG[39m [38;5;3m[HTTP] [39m[32mGET /customer/orders?page=1&limit=1&dateStart=2026-03-24&dateEnd=2026-03-24 - 1587ms[39m
[32m[Nest] 28644  - [39m2026. 03. 24. 오전 2:35:24 [32m    LOG[39m [38;5;3m[CustomerOrdersController] [39m[32mUser d26831b8-20ef-4b10-8a1c-737a83d9b21f fetching orders (all branches)[39m
[32m[Nest] 28644  - [39m2026. 03. 24. 오전 2:35:24 [32m    LOG[39m [38;5;3m[CustomerOrdersService] [39m[32mFetching orders (all branches) by user d26831b8-20ef-4b10-8a1c-737a83d9b21f[39m
[32m[Nest] 28644  - [39m2026. 03. 24. 오전 2:35:24 [32m    LOG[39m [38;5;3m[CustomerOrdersController] [39m[32mUser d26831b8-20ef-4b10-8a1c-737a83d9b21f fetching orders (all branches)[39m
[32m[Nest] 28644  - [39m2026. 03. 24. 오전 2:35:24 [32m    LOG[39m [38;5;3m[CustomerOrdersService] [39m[32mFetching orders (all branches) by user d26831b8-20ef-4b10-8a1c-737a83d9b21f[39m
[32m[Nest] 28644  - [39m2026. 03. 24. 오전 2:35:24 [32m    LOG[39m [38;5;3m[CustomerOrdersController] [39m[32mUser d26831b8-20ef-4b10-8a1c-737a83d9b21f fetching orders (all branches)[39m
[32m[Nest] 28644  - [39m2026. 03. 24. 오전 2:35:24 [32m    LOG[39m [38;5;3m[CustomerOrdersService] [39m[32mFetching orders (all branches) by user d26831b8-20ef-4b10-8a1c-737a83d9b21f[39m
[32m[Nest] 28644  - [39m2026. 03. 24. 오전 2:35:24 [32m    LOG[39m [38;5;3m[CustomerOrdersController] [39m[32mUser d26831b8-20ef-4b10-8a1c-737a83d9b21f fetching orders (all branches)[39m
[32m[Nest] 28644  - [39m2026. 03. 24. 오전 2:35:24 [32m    LOG[39m [38;5;3m[CustomerOrdersService] [39m[32mFetching orders (all branches) by user d26831b8-20ef-4b10-8a1c-737a83d9b21f[39m
[32m[Nest] 28644  - [39m2026. 03. 24. 오전 2:35:24 [32m    LOG[39m [38;5;3m[CustomerOrdersController] [39m[32mUser d26831b8-20ef-4b10-8a1c-737a83d9b21f fetching orders (all branches)[39m
[32m[Nest] 28644  - [39m2026. 03. 24. 오전 2:35:24 [32m    LOG[39m [38;5;3m[CustomerOrdersService] [39m[32mFetching orders (all branches) by user d26831b8-20ef-4b10-8a1c-737a83d9b21f[39m
[32m[Nest] 28644  - [39m2026. 03. 24. 오전 2:35:24 [32m    LOG[39m [38;5;3m[CustomerOrdersController] [39m[32mUser d26831b8-20ef-4b10-8a1c-737a83d9b21f fetching orders (all branches)[39m
[32m[Nest] 28644  - [39m2026. 03. 24. 오전 2:35:24 [32m    LOG[39m [38;5;3m[CustomerOrdersService] [39m[32mFetching orders (all branches) by user d26831b8-20ef-4b10-8a1c-737a83d9b21f[39m
[32m[Nest] 28644  - [39m2026. 03. 24. 오전 2:35:25 [32m    LOG[39m [38;5;3m[CustomerOrdersService] [39m[32mFetched 0 orders[39m
[32m[Nest] 28644  - [39m2026. 03. 24. 오전 2:35:25 [32m    LOG[39m [38;5;3m[HTTP] [39m[32mGET /customer/orders?page=1&limit=1&dateStart=2026-03-24&dateEnd=2026-03-24&status=PREPARING - 524ms[39m
[32m[Nest] 28644  - [39m2026. 03. 24. 오전 2:35:25 [32m    LOG[39m [38;5;3m[CustomerOrdersController] [39m[32mUser d26831b8-20ef-4b10-8a1c-737a83d9b21f fetching orders (all branches)[39m
[32m[Nest] 28644  - [39m2026. 03. 24. 오전 2:35:25 [32m    LOG[39m [38;5;3m[CustomerOrdersService] [39m[32mFetching orders (all branches) by user d26831b8-20ef-4b10-8a1c-737a83d9b21f[39m
[32m[Nest] 28644  - [39m2026. 03. 24. 오전 2:35:25 [32m    LOG[39m [38;5;3m[CustomerOrdersService] [39m[32mFetched 0 orders[39m
[32m[Nest] 28644  - [39m2026. 03. 24. 오전 2:35:25 [32m    LOG[39m [38;5;3m[HTTP] [39m[32mGET /customer/orders?page=1&limit=1&dateStart=2026-03-24&dateEnd=2026-03-24&status=CANCELLED - 534ms[39m
[32m[Nest] 28644  - [39m2026. 03. 24. 오전 2:35:25 [32m    LOG[39m [38;5;3m[CustomerOrdersService] [39m[32mFetched 0 orders[39m
[32m[Nest] 28644  - [39m2026. 03. 24. 오전 2:35:25 [32m    LOG[39m [38;5;3m[HTTP] [39m[32mGET /customer/orders?page=1&limit=1&dateStart=2026-03-24&dateEnd=2026-03-24&status=READY - 543ms[39m
[32m[Nest] 28644  - [39m2026. 03. 24. 오전 2:35:25 [32m    LOG[39m [38;5;3m[CustomerOrdersService] [39m[32mFetched 0 orders[39m
[32m[Nest] 28644  - [39m2026. 03. 24. 오전 2:35:25 [32m    LOG[39m [38;5;3m[HTTP] [39m[32mGET /customer/orders?page=1&limit=1&dateStart=2026-03-24&dateEnd=2026-03-24&status=COMPLETED - 540ms[39m
[32m[Nest] 28644  - [39m2026. 03. 24. 오전 2:35:25 [32m    LOG[39m [38;5;3m[CustomerOrdersService] [39m[32mFetched 0 orders[39m
[32m[Nest] 28644  - [39m2026. 03. 24. 오전 2:35:25 [32m    LOG[39m [38;5;3m[HTTP] [39m[32mGET /customer/orders?page=1&limit=1&dateStart=2026-03-24&dateEnd=2026-03-24&status=CONFIRMED - 557ms[39m
[32m[Nest] 28644  - [39m2026. 03. 24. 오전 2:35:25 [32m    LOG[39m [38;5;3m[CustomerOrdersService] [39m[32mFetched 0 orders[39m
[32m[Nest] 28644  - [39m2026. 03. 24. 오전 2:35:25 [32m    LOG[39m [38;5;3m[HTTP] [39m[32mGET /customer/orders?page=1&limit=1&dateStart=2026-03-24&dateEnd=2026-03-24&status=REFUNDED - 478ms[39m
[33m[Nest] 28644  - [39m2026. 03. 24. 오전 2:35:25 [33m   WARN[39m [38;5;3m[CustomerOrdersService] [39m[33mFailed to load order payment methods for customer orders: column orders.payment_method does not exist[39m
[32m[Nest] 28644  - [39m2026. 03. 24. 오전 2:35:26 [32m    LOG[39m [38;5;3m[CustomerOrdersService] [39m[32mFetched 1 orders[39m
[32m[Nest] 28644  - [39m2026. 03. 24. 오전 2:35:26 [32m    LOG[39m [38;5;3m[HTTP] [39m[32mGET /customer/orders?page=1&limit=1&dateStart=2026-03-24&dateEnd=2026-03-24&status=CREATED - 1525ms[39m
[33m[Nest] 28644  - [39m2026. 03. 24. 오전 2:35:30 [33m   WARN[39m [38;5;3m[DepositSyncService] [39m[33mShared deposit sheet mapping detected for "시트1" in spreadsheet "1MSwPe5z2ebuU1xNginda2Rt4d4sLrBXh9p5M4rNSKPI" across 2 branches. Deposit rows will be matched across those branches.[39m
[32m[Nest] 28644  - [39m2026. 03. 24. 오전 2:35:33 [32m    LOG[39m [38;5;3m[CustomerOrdersController] [39m[32mUser d26831b8-20ef-4b10-8a1c-737a83d9b21f fetching orders (all branches)[39m
[32m[Nest] 28644  - [39m2026. 03. 24. 오전 2:35:33 [32m    LOG[39m [38;5;3m[CustomerOrdersService] [39m[32mFetching orders (all branches) by user d26831b8-20ef-4b10-8a1c-737a83d9b21f[39m
[32m[Nest] 28644  - [39m2026. 03. 24. 오전 2:35:33 [32m    LOG[39m [38;5;3m[CustomerOrdersController] [39m[32mUser d26831b8-20ef-4b10-8a1c-737a83d9b21f fetching orders (all branches)[39m
[32m[Nest] 28644  - [39m2026. 03. 24. 오전 2:35:33 [32m    LOG[39m [38;5;3m[CustomerOrdersService] [39m[32mFetching orders (all branches) by user d26831b8-20ef-4b10-8a1c-737a83d9b21f[39m
[31m[Nest] 28644  - [39m2026. 03. 24. 오전 2:35:33 [31m  ERROR[39m [38;5;3m[DepositSyncService] [39m[31mFailed to auto-match deposit row 22[39m
[31m[Nest] 28644  - [39m2026. 03. 24. 오전 2:35:33 [31m  ERROR[39m [38;5;3m[DepositSyncService] [39mObject(4) {
  code: [32m'P0001'[39m,
  details: [1mnull[22m,
  hint: [1mnull[22m,
  message: [32m'Invalid order status transition: CREATED -> PREPARING'[39m
}
[33m[Nest] 28644  - [39m2026. 03. 24. 오전 2:35:34 [33m   WARN[39m [38;5;3m[CustomerOrdersService] [39m[33mFailed to load order payment methods for customer orders: column orders.payment_method does not exist[39m
[33m[Nest] 28644  - [39m2026. 03. 24. 오전 2:35:34 [33m   WARN[39m [38;5;3m[CustomerOrdersService] [39m[33mFailed to load order payment methods for customer orders: column orders.payment_method does not exist[39m
[32m[Nest] 28644  - [39m2026. 03. 24. 오전 2:35:34 [32m    LOG[39m [38;5;3m[CustomerGuard] [39m[32mCustomerGuard: User d26831b8-20ef-4b10-8a1c-737a83d9b21f authorized with 1 brand(s) and 0 branch(es)[39m
[32m[Nest] 28644  - [39m2026. 03. 24. 오전 2:35:34 [32m    LOG[39m [38;5;3m[InventoryController] [39m[32mUser d26831b8-20ef-4b10-8a1c-737a83d9b21f fetching low stock alerts for all branches[39m
[32m[Nest] 28644  - [39m2026. 03. 24. 오전 2:35:34 [32m    LOG[39m [38;5;3m[InventoryService] [39m[32mFetching low stock alerts for all branches by user d26831b8-20ef-4b10-8a1c-737a83d9b21f[39m
[32m[Nest] 28644  - [39m2026. 03. 24. 오전 2:35:34 [32m    LOG[39m [38;5;3m[CustomerOrdersService] [39m[32mFetched 1 orders[39m
[32m[Nest] 28644  - [39m2026. 03. 24. 오전 2:35:34 [32m    LOG[39m [38;5;3m[HTTP] [39m[32mGET /customer/orders?page=1&limit=1&dateStart=2026-03-24&dateEnd=2026-03-24 - 1506ms[39m
[32m[Nest] 28644  - [39m2026. 03. 24. 오전 2:35:34 [32m    LOG[39m [38;5;3m[CustomerOrdersController] [39m[32mUser d26831b8-20ef-4b10-8a1c-737a83d9b21f fetching orders (all branches)[39m
[32m[Nest] 28644  - [39m2026. 03. 24. 오전 2:35:34 [32m    LOG[39m [38;5;3m[CustomerOrdersService] [39m[32mFetching orders (all branches) by user d26831b8-20ef-4b10-8a1c-737a83d9b21f[39m
[32m[Nest] 28644  - [39m2026. 03. 24. 오전 2:35:34 [32m    LOG[39m [38;5;3m[CustomerOrdersController] [39m[32mUser d26831b8-20ef-4b10-8a1c-737a83d9b21f fetching orders (all branches)[39m
[32m[Nest] 28644  - [39m2026. 03. 24. 오전 2:35:34 [32m    LOG[39m [38;5;3m[CustomerOrdersService] [39m[32mFetching orders (all branches) by user d26831b8-20ef-4b10-8a1c-737a83d9b21f[39m
[32m[Nest] 28644  - [39m2026. 03. 24. 오전 2:35:34 [32m    LOG[39m [38;5;3m[CustomerOrdersController] [39m[32mUser d26831b8-20ef-4b10-8a1c-737a83d9b21f fetching orders (all branches)[39m
[32m[Nest] 28644  - [39m2026. 03. 24. 오전 2:35:34 [32m    LOG[39m [38;5;3m[CustomerOrdersService] [39m[32mFetching orders (all branches) by user d26831b8-20ef-4b10-8a1c-737a83d9b21f[39m
[32m[Nest] 28644  - [39m2026. 03. 24. 오전 2:35:34 [32m    LOG[39m [38;5;3m[CustomerOrdersController] [39m[32mUser d26831b8-20ef-4b10-8a1c-737a83d9b21f fetching orders (all branches)[39m
[32m[Nest] 28644  - [39m2026. 03. 24. 오전 2:35:34 [32m    LOG[39m [38;5;3m[CustomerOrdersService] [39m[32mFetching orders (all branches) by user d26831b8-20ef-4b10-8a1c-737a83d9b21f[39m
[32m[Nest] 28644  - [39m2026. 03. 24. 오전 2:35:34 [32m    LOG[39m [38;5;3m[CustomerOrdersService] [39m[32mFetched 8 orders[39m
[32m[Nest] 28644  - [39m2026. 03. 24. 오전 2:35:34 [32m    LOG[39m [38;5;3m[HTTP] [39m[32mGET /customer/orders?page=1&limit=20&dateStart=2026-03-24&dateEnd=2026-03-24 - 1571ms[39m
[32m[Nest] 28644  - [39m2026. 03. 24. 오전 2:35:34 [32m    LOG[39m [38;5;3m[CustomerOrdersController] [39m[32mUser d26831b8-20ef-4b10-8a1c-737a83d9b21f fetching orders (all branches)[39m
[32m[Nest] 28644  - [39m2026. 03. 24. 오전 2:35:34 [32m    LOG[39m [38;5;3m[CustomerOrdersService] [39m[32mFetching orders (all branches) by user d26831b8-20ef-4b10-8a1c-737a83d9b21f[39m
[32m[Nest] 28644  - [39m2026. 03. 24. 오전 2:35:34 [32m    LOG[39m [38;5;3m[InventoryService] [39m[32mFound 6 low stock items for all branches[39m
[32m[Nest] 28644  - [39m2026. 03. 24. 오전 2:35:34 [32m    LOG[39m [38;5;3m[HTTP] [39m[32mGET /customer/inventory/alerts - 334ms[39m
[32m[Nest] 28644  - [39m2026. 03. 24. 오전 2:35:34 [32m    LOG[39m [38;5;3m[CustomerOrdersController] [39m[32mUser d26831b8-20ef-4b10-8a1c-737a83d9b21f fetching orders (all branches)[39m
[32m[Nest] 28644  - [39m2026. 03. 24. 오전 2:35:34 [32m    LOG[39m [38;5;3m[CustomerOrdersService] [39m[32mFetching orders (all branches) by user d26831b8-20ef-4b10-8a1c-737a83d9b21f[39m
[32m[Nest] 28644  - [39m2026. 03. 24. 오전 2:35:35 [32m    LOG[39m [38;5;3m[CustomerOrdersService] [39m[32mFetched 0 orders[39m
[32m[Nest] 28644  - [39m2026. 03. 24. 오전 2:35:35 [32m    LOG[39m [38;5;3m[HTTP] [39m[32mGET /customer/orders?page=1&limit=1&dateStart=2026-03-24&dateEnd=2026-03-24&status=CONFIRMED - 500ms[39m
[32m[Nest] 28644  - [39m2026. 03. 24. 오전 2:35:35 [32m    LOG[39m [38;5;3m[CustomerOrdersController] [39m[32mUser d26831b8-20ef-4b10-8a1c-737a83d9b21f fetching orders (all branches)[39m
[32m[Nest] 28644  - [39m2026. 03. 24. 오전 2:35:35 [32m    LOG[39m [38;5;3m[CustomerOrdersService] [39m[32mFetching orders (all branches) by user d26831b8-20ef-4b10-8a1c-737a83d9b21f[39m
[32m[Nest] 28644  - [39m2026. 03. 24. 오전 2:35:35 [32m    LOG[39m [38;5;3m[CustomerOrdersService] [39m[32mFetched 0 orders[39m
[32m[Nest] 28644  - [39m2026. 03. 24. 오전 2:35:35 [32m    LOG[39m [38;5;3m[HTTP] [39m[32mGET /customer/orders?page=1&limit=1&dateStart=2026-03-24&dateEnd=2026-03-24&status=PREPARING - 516ms[39m
[32m[Nest] 28644  - [39m2026. 03. 24. 오전 2:35:35 [32m    LOG[39m [38;5;3m[CustomerOrdersController] [39m[32mUser d26831b8-20ef-4b10-8a1c-737a83d9b21f fetching orders (all branches)[39m
[32m[Nest] 28644  - [39m2026. 03. 24. 오전 2:35:35 [32m    LOG[39m [38;5;3m[CustomerOrdersService] [39m[32mFetching orders (all branches) by user d26831b8-20ef-4b10-8a1c-737a83d9b21f[39m
[32m[Nest] 28644  - [39m2026. 03. 24. 오전 2:35:35 [32m    LOG[39m [38;5;3m[CustomerOrdersService] [39m[32mFetched 0 orders[39m
[32m[Nest] 28644  - [39m2026. 03. 24. 오전 2:35:35 [32m    LOG[39m [38;5;3m[HTTP] [39m[32mGET /customer/orders?page=1&limit=1&dateStart=2026-03-24&dateEnd=2026-03-24&status=READY - 527ms[39m
[32m[Nest] 28644  - [39m2026. 03. 24. 오전 2:35:35 [32m    LOG[39m [38;5;3m[CustomerOrdersService] [39m[32mFetched 0 orders[39m
[32m[Nest] 28644  - [39m2026. 03. 24. 오전 2:35:35 [32m    LOG[39m [38;5;3m[HTTP] [39m[32mGET /customer/orders?page=1&limit=1&dateStart=2026-03-24&dateEnd=2026-03-24&status=COMPLETED - 506ms[39m
[32m[Nest] 28644  - [39m2026. 03. 24. 오전 2:35:35 [32m    LOG[39m [38;5;3m[CustomerOrdersService] [39m[32mFetched 0 orders[39m
[32m[Nest] 28644  - [39m2026. 03. 24. 오전 2:35:35 [32m    LOG[39m [38;5;3m[HTTP] [39m[32mGET /customer/orders?page=1&limit=1&dateStart=2026-03-24&dateEnd=2026-03-24&status=CANCELLED - 516ms[39m
[33m[Nest] 28644  - [39m2026. 03. 24. 오전 2:35:35 [33m   WARN[39m [38;5;3m[CustomerOrdersService] [39m[33mFailed to load order payment methods for customer orders: column orders.payment_method does not exist[39m
[32m[Nest] 28644  - [39m2026. 03. 24. 오전 2:35:35 [32m    LOG[39m [38;5;3m[CustomerOrdersService] [39m[32mFetched 0 orders[39m
[32m[Nest] 28644  - [39m2026. 03. 24. 오전 2:35:35 [32m    LOG[39m [38;5;3m[HTTP] [39m[32mGET /customer/orders?page=1&limit=1&dateStart=2026-03-24&dateEnd=2026-03-24&status=REFUNDED - 504ms[39m
[32m[Nest] 28644  - [39m2026. 03. 24. 오전 2:35:36 [32m    LOG[39m [38;5;3m[CustomerOrdersService] [39m[32mFetched 1 orders[39m
[32m[Nest] 28644  - [39m2026. 03. 24. 오전 2:35:36 [32m    LOG[39m [38;5;3m[HTTP] [39m[32mGET /customer/orders?page=1&limit=1&dateStart=2026-03-24&dateEnd=2026-03-24&status=CREATED - 1513ms[39m
[33m[Nest] 28644  - [39m2026. 03. 24. 오전 2:35:36 [33m   WARN[39m [38;5;3m[CustomerOrdersService] [39m[33mFailed to load order payment methods for customer orders: column orders.payment_method does not exist[39m
[32m[Nest] 28644  - [39m2026. 03. 24. 오전 2:35:36 [32m    LOG[39m [38;5;3m[CustomerOrdersService] [39m[32mFetched 12 orders[39m
[32m[Nest] 28644  - [39m2026. 03. 24. 오전 2:35:36 [32m    LOG[39m [38;5;3m[HTTP] [39m[32mGET /customer/orders?page=1&limit=20 - 1483ms[39m
[32m[Nest] 28644  - [39m2026. 03. 24. 오전 2:35:43 [32m    LOG[39m [38;5;3m[CustomerOrdersController] [39m[32mUser d26831b8-20ef-4b10-8a1c-737a83d9b21f fetching orders (all branches)[39m
[32m[Nest] 28644  - [39m2026. 03. 24. 오전 2:35:43 [32m    LOG[39m [38;5;3m[CustomerOrdersService] [39m[32mFetching orders (all branches) by user d26831b8-20ef-4b10-8a1c-737a83d9b21f[39m
[32m[Nest] 28644  - [39m2026. 03. 24. 오전 2:35:43 [32m    LOG[39m [38;5;3m[CustomerOrdersController] [39m[32mUser d26831b8-20ef-4b10-8a1c-737a83d9b21f fetching orders (all branches)[39m
[32m[Nest] 28644  - [39m2026. 03. 24. 오전 2:35:43 [32m    LOG[39m [38;5;3m[CustomerOrdersService] [39m[32mFetching orders (all branches) by user d26831b8-20ef-4b10-8a1c-737a83d9b21f[39m
[33m[Nest] 28644  - [39m2026. 03. 24. 오전 2:35:44 [33m   WARN[39m [38;5;3m[CustomerOrdersService] [39m[33mFailed to load order payment methods for customer orders: column orders.payment_method does not exist[39m
[33m[Nest] 28644  - [39m2026. 03. 24. 오전 2:35:44 [33m   WARN[39m [38;5;3m[CustomerOrdersService] [39m[33mFailed to load order payment methods for customer orders: column orders.payment_method does not exist[39m
[32m[Nest] 28644  - [39m2026. 03. 24. 오전 2:35:44 [32m    LOG[39m [38;5;3m[CustomerOrdersService] [39m[32mFetched 8 orders[39m
[32m[Nest] 28644  - [39m2026. 03. 24. 오전 2:35:44 [32m    LOG[39m [38;5;3m[HTTP] [39m[32mGET /customer/orders?page=1&limit=20&dateStart=2026-03-24&dateEnd=2026-03-24 - 1599ms[39m
[32m[Nest] 28644  - [39m2026. 03. 24. 오전 2:35:44 [32m    LOG[39m [38;5;3m[CustomerOrdersService] [39m[32mFetched 1 orders[39m
[32m[Nest] 28644  - [39m2026. 03. 24. 오전 2:35:44 [32m    LOG[39m [38;5;3m[HTTP] [39m[32mGET /customer/orders?page=1&limit=1&dateStart=2026-03-24&dateEnd=2026-03-24 - 1621ms[39m
[32m[Nest] 28644  - [39m2026. 03. 24. 오전 2:35:44 [32m    LOG[39m [38;5;3m[CustomerGuard] [39m[32mCustomerGuard: User d26831b8-20ef-4b10-8a1c-737a83d9b21f authorized with 1 brand(s) and 0 branch(es)[39m
[32m[Nest] 28644  - [39m2026. 03. 24. 오전 2:35:44 [32m    LOG[39m [38;5;3m[CustomerOrdersController] [39m[32mUser d26831b8-20ef-4b10-8a1c-737a83d9b21f fetching orders (all branches)[39m
[32m[Nest] 28644  - [39m2026. 03. 24. 오전 2:35:44 [32m    LOG[39m [38;5;3m[CustomerOrdersService] [39m[32mFetching orders (all branches) by user d26831b8-20ef-4b10-8a1c-737a83d9b21f[39m
[32m[Nest] 28644  - [39m2026. 03. 24. 오전 2:35:45 [32m    LOG[39m [38;5;3m[CustomerGuard] [39m[32mCustomerGuard: User d26831b8-20ef-4b10-8a1c-737a83d9b21f authorized with 1 brand(s) and 0 branch(es)[39m
[32m[Nest] 28644  - [39m2026. 03. 24. 오전 2:35:45 [32m    LOG[39m [38;5;3m[CustomerOrdersController] [39m[32mUser d26831b8-20ef-4b10-8a1c-737a83d9b21f fetching orders (all branches)[39m
[32m[Nest] 28644  - [39m2026. 03. 24. 오전 2:35:45 [32m    LOG[39m [38;5;3m[CustomerOrdersService] [39m[32mFetching orders (all branches) by user d26831b8-20ef-4b10-8a1c-737a83d9b21f[39m
[32m[Nest] 28644  - [39m2026. 03. 24. 오전 2:35:45 [32m    LOG[39m [38;5;3m[CustomerGuard] [39m[32mCustomerGuard: User d26831b8-20ef-4b10-8a1c-737a83d9b21f authorized with 1 brand(s) and 0 branch(es)[39m
[32m[Nest] 28644  - [39m2026. 03. 24. 오전 2:35:45 [32m    LOG[39m [38;5;3m[CustomerOrdersController] [39m[32mUser d26831b8-20ef-4b10-8a1c-737a83d9b21f fetching orders (all branches)[39m
[32m[Nest] 28644  - [39m2026. 03. 24. 오전 2:35:45 [32m    LOG[39m [38;5;3m[CustomerOrdersService] [39m[32mFetching orders (all branches) by user d26831b8-20ef-4b10-8a1c-737a83d9b21f[39m
[32m[Nest] 28644  - [39m2026. 03. 24. 오전 2:35:45 [32m    LOG[39m [38;5;3m[CustomerGuard] [39m[32mCustomerGuard: User d26831b8-20ef-4b10-8a1c-737a83d9b21f authorized with 1 brand(s) and 0 branch(es)[39m
[32m[Nest] 28644  - [39m2026. 03. 24. 오전 2:35:45 [32m    LOG[39m [38;5;3m[CustomerOrdersController] [39m[32mUser d26831b8-20ef-4b10-8a1c-737a83d9b21f fetching orders (all branches)[39m
[32m[Nest] 28644  - [39m2026. 03. 24. 오전 2:35:45 [32m    LOG[39m [38;5;3m[CustomerOrdersService] [39m[32mFetching orders (all branches) by user d26831b8-20ef-4b10-8a1c-737a83d9b21f[39m
[32m[Nest] 28644  - [39m2026. 03. 24. 오전 2:35:45 [32m    LOG[39m [38;5;3m[CustomerGuard] [39m[32mCustomerGuard: User d26831b8-20ef-4b10-8a1c-737a83d9b21f authorized with 1 brand(s) and 0 branch(es)[39m
[32m[Nest] 28644  - [39m2026. 03. 24. 오전 2:35:45 [32m    LOG[39m [38;5;3m[CustomerOrdersController] [39m[32mUser d26831b8-20ef-4b10-8a1c-737a83d9b21f fetching orders (all branches)[39m
[32m[Nest] 28644  - [39m2026. 03. 24. 오전 2:35:45 [32m    LOG[39m [38;5;3m[CustomerOrdersService] [39m[32mFetching orders (all branches) by user d26831b8-20ef-4b10-8a1c-737a83d9b21f[39m
[32m[Nest] 28644  - [39m2026. 03. 24. 오전 2:35:45 [32m    LOG[39m [38;5;3m[CustomerGuard] [39m[32mCustomerGuard: User d26831b8-20ef-4b10-8a1c-737a83d9b21f authorized with 1 brand(s) and 0 branch(es)[39m
[32m[Nest] 28644  - [39m2026. 03. 24. 오전 2:35:45 [32m    LOG[39m [38;5;3m[CustomerOrdersController] [39m[32mUser d26831b8-20ef-4b10-8a1c-737a83d9b21f fetching orders (all branches)[39m
[32m[Nest] 28644  - [39m2026. 03. 24. 오전 2:35:45 [32m    LOG[39m [38;5;3m[CustomerOrdersService] [39m[32mFetching orders (all branches) by user d26831b8-20ef-4b10-8a1c-737a83d9b21f[39m
[32m[Nest] 28644  - [39m2026. 03. 24. 오전 2:35:45 [32m    LOG[39m [38;5;3m[CustomerOrdersService] [39m[32mFetched 0 orders[39m
[32m[Nest] 28644  - [39m2026. 03. 24. 오전 2:35:45 [32m    LOG[39m [38;5;3m[HTTP] [39m[32mGET /customer/orders?page=1&limit=1&dateStart=2026-03-24&dateEnd=2026-03-24&status=PREPARING - 494ms[39m
[32m[Nest] 28644  - [39m2026. 03. 24. 오전 2:35:45 [32m    LOG[39m [38;5;3m[CustomerOrdersController] [39m[32mUser d26831b8-20ef-4b10-8a1c-737a83d9b21f fetching orders (all branches)[39m
[32m[Nest] 28644  - [39m2026. 03. 24. 오전 2:35:45 [32m    LOG[39m [38;5;3m[CustomerOrdersService] [39m[32mFetching orders (all branches) by user d26831b8-20ef-4b10-8a1c-737a83d9b21f[39m
[32m[Nest] 28644  - [39m2026. 03. 24. 오전 2:35:45 [32m    LOG[39m [38;5;3m[CustomerOrdersService] [39m[32mFetched 0 orders[39m
[32m[Nest] 28644  - [39m2026. 03. 24. 오전 2:35:45 [32m    LOG[39m [38;5;3m[HTTP] [39m[32mGET /customer/orders?page=1&limit=1&dateStart=2026-03-24&dateEnd=2026-03-24&status=CANCELLED - 510ms[39m
[32m[Nest] 28644  - [39m2026. 03. 24. 오전 2:35:45 [32m    LOG[39m [38;5;3m[CustomerOrdersService] [39m[32mFetched 0 orders[39m
[32m[Nest] 28644  - [39m2026. 03. 24. 오전 2:35:45 [32m    LOG[39m [38;5;3m[HTTP] [39m[32mGET /customer/orders?page=1&limit=1&dateStart=2026-03-24&dateEnd=2026-03-24&status=COMPLETED - 503ms[39m
[32m[Nest] 28644  - [39m2026. 03. 24. 오전 2:35:45 [32m    LOG[39m [38;5;3m[CustomerOrdersService] [39m[32mFetched 0 orders[39m
[32m[Nest] 28644  - [39m2026. 03. 24. 오전 2:35:45 [32m    LOG[39m [38;5;3m[HTTP] [39m[32mGET /customer/orders?page=1&limit=1&dateStart=2026-03-24&dateEnd=2026-03-24&status=READY - 509ms[39m
[32m[Nest] 28644  - [39m2026. 03. 24. 오전 2:35:45 [32m    LOG[39m [38;5;3m[CustomerOrdersService] [39m[32mFetched 0 orders[39m
[32m[Nest] 28644  - [39m2026. 03. 24. 오전 2:35:45 [32m    LOG[39m [38;5;3m[HTTP] [39m[32mGET /customer/orders?page=1&limit=1&dateStart=2026-03-24&dateEnd=2026-03-24&status=CONFIRMED - 496ms[39m
[33m[Nest] 28644  - [39m2026. 03. 24. 오전 2:35:45 [33m   WARN[39m [38;5;3m[CustomerOrdersService] [39m[33mFailed to load order payment methods for customer orders: column orders.payment_method does not exist[39m
[32m[Nest] 28644  - [39m2026. 03. 24. 오전 2:35:46 [32m    LOG[39m [38;5;3m[CustomerOrdersService] [39m[32mFetched 0 orders[39m
[32m[Nest] 28644  - [39m2026. 03. 24. 오전 2:35:46 [32m    LOG[39m [38;5;3m[HTTP] [39m[32mGET /customer/orders?page=1&limit=1&dateStart=2026-03-24&dateEnd=2026-03-24&status=REFUNDED - 507ms[39m
[32m[Nest] 28644  - [39m2026. 03. 24. 오전 2:35:46 [32m    LOG[39m [38;5;3m[CustomerOrdersService] [39m[32mFetched 1 orders[39m
[32m[Nest] 28644  - [39m2026. 03. 24. 오전 2:35:46 [32m    LOG[39m [38;5;3m[HTTP] [39m[32mGET /customer/orders?page=1&limit=1&dateStart=2026-03-24&dateEnd=2026-03-24&status=CREATED - 1515ms[39m
[32m[Nest] 28644  - [39m2026. 03. 24. 오전 2:35:53 [32m    LOG[39m [38;5;3m[CustomerOrdersController] [39m[32mUser d26831b8-20ef-4b10-8a1c-737a83d9b21f fetching orders (all branches)[39m
[32m[Nest] 28644  - [39m2026. 03. 24. 오전 2:35:53 [32m    LOG[39m [38;5;3m[CustomerOrdersService] [39m[32mFetching orders (all branches) by user d26831b8-20ef-4b10-8a1c-737a83d9b21f[39m
[32m[Nest] 28644  - [39m2026. 03. 24. 오전 2:35:53 [32m    LOG[39m [38;5;3m[CustomerOrdersController] [39m[32mUser d26831b8-20ef-4b10-8a1c-737a83d9b21f fetching orders (all branches)[39m
[32m[Nest] 28644  - [39m2026. 03. 24. 오전 2:35:53 [32m    LOG[39m [38;5;3m[CustomerOrdersService] [39m[32mFetching orders (all branches) by user d26831b8-20ef-4b10-8a1c-737a83d9b21f[39m
[33m[Nest] 28644  - [39m2026. 03. 24. 오전 2:35:54 [33m   WARN[39m [38;5;3m[CustomerOrdersService] [39m[33mFailed to load order payment methods for customer orders: column orders.payment_method does not exist[39m
[33m[Nest] 28644  - [39m2026. 03. 24. 오전 2:35:54 [33m   WARN[39m [38;5;3m[CustomerOrdersService] [39m[33mFailed to load order payment methods for customer orders: column orders.payment_method does not exist[39m
[32m[Nest] 28644  - [39m2026. 03. 24. 오전 2:35:54 [32m    LOG[39m [38;5;3m[CustomerOrdersService] [39m[32mFetched 8 orders[39m
[32m[Nest] 28644  - [39m2026. 03. 24. 오전 2:35:54 [32m    LOG[39m [38;5;3m[HTTP] [39m[32mGET /customer/orders?page=1&limit=20&dateStart=2026-03-24&dateEnd=2026-03-24 - 1556ms[39m
[32m[Nest] 28644  - [39m2026. 03. 24. 오전 2:35:54 [32m    LOG[39m [38;5;3m[CustomerOrdersService] [39m[32mFetched 1 orders[39m
[32m[Nest] 28644  - [39m2026. 03. 24. 오전 2:35:54 [32m    LOG[39m [38;5;3m[HTTP] [39m[32mGET /customer/orders?page=1&limit=1&dateStart=2026-03-24&dateEnd=2026-03-24 - 1561ms[39m
[32m[Nest] 28644  - [39m2026. 03. 24. 오전 2:35:54 [32m    LOG[39m [38;5;3m[CustomerOrdersController] [39m[32mUser d26831b8-20ef-4b10-8a1c-737a83d9b21f fetching orders (all branches)[39m
[32m[Nest] 28644  - [39m2026. 03. 24. 오전 2:35:54 [32m    LOG[39m [38;5;3m[CustomerOrdersService] [39m[32mFetching orders (all branches) by user d26831b8-20ef-4b10-8a1c-737a83d9b21f[39m
[32m[Nest] 28644  - [39m2026. 03. 24. 오전 2:35:54 [32m    LOG[39m [38;5;3m[CustomerOrdersController] [39m[32mUser d26831b8-20ef-4b10-8a1c-737a83d9b21f fetching orders (all branches)[39m
[32m[Nest] 28644  - [39m2026. 03. 24. 오전 2:35:54 [32m    LOG[39m [38;5;3m[CustomerOrdersService] [39m[32mFetching orders (all branches) by user d26831b8-20ef-4b10-8a1c-737a83d9b21f[39m
[32m[Nest] 28644  - [39m2026. 03. 24. 오전 2:35:54 [32m    LOG[39m [38;5;3m[CustomerOrdersController] [39m[32mUser d26831b8-20ef-4b10-8a1c-737a83d9b21f fetching orders (all branches)[39m
[32m[Nest] 28644  - [39m2026. 03. 24. 오전 2:35:54 [32m    LOG[39m [38;5;3m[CustomerOrdersService] [39m[32mFetching orders (all branches) by user d26831b8-20ef-4b10-8a1c-737a83d9b21f[39m
[32m[Nest] 28644  - [39m2026. 03. 24. 오전 2:35:54 [32m    LOG[39m [38;5;3m[CustomerOrdersController] [39m[32mUser d26831b8-20ef-4b10-8a1c-737a83d9b21f fetching orders (all branches)[39m
[32m[Nest] 28644  - [39m2026. 03. 24. 오전 2:35:54 [32m    LOG[39m [38;5;3m[CustomerOrdersService] [39m[32mFetching orders (all branches) by user d26831b8-20ef-4b10-8a1c-737a83d9b21f[39m
[32m[Nest] 28644  - [39m2026. 03. 24. 오전 2:35:54 [32m    LOG[39m [38;5;3m[CustomerOrdersController] [39m[32mUser d26831b8-20ef-4b10-8a1c-737a83d9b21f fetching orders (all branches)[39m
[32m[Nest] 28644  - [39m2026. 03. 24. 오전 2:35:54 [32m    LOG[39m [38;5;3m[CustomerOrdersService] [39m[32mFetching orders (all branches) by user d26831b8-20ef-4b10-8a1c-737a83d9b21f[39m
[32m[Nest] 28644  - [39m2026. 03. 24. 오전 2:35:54 [32m    LOG[39m [38;5;3m[CustomerOrdersController] [39m[32mUser d26831b8-20ef-4b10-8a1c-737a83d9b21f fetching orders (all branches)[39m
[32m[Nest] 28644  - [39m2026. 03. 24. 오전 2:35:54 [32m    LOG[39m [38;5;3m[CustomerOrdersService] [39m[32mFetching orders (all branches) by user d26831b8-20ef-4b10-8a1c-737a83d9b21f[39m
[32m[Nest] 28644  - [39m2026. 03. 24. 오전 2:35:55 [32m    LOG[39m [38;5;3m[CustomerOrdersService] [39m[32mFetched 0 orders[39m
[32m[Nest] 28644  - [39m2026. 03. 24. 오전 2:35:55 [32m    LOG[39m [38;5;3m[HTTP] [39m[32mGET /customer/orders?page=1&limit=1&dateStart=2026-03-24&dateEnd=2026-03-24&status=CONFIRMED - 509ms[39m
[32m[Nest] 28644  - [39m2026. 03. 24. 오전 2:35:55 [32m    LOG[39m [38;5;3m[CustomerOrdersController] [39m[32mUser d26831b8-20ef-4b10-8a1c-737a83d9b21f fetching orders (all branches)[39m
[32m[Nest] 28644  - [39m2026. 03. 24. 오전 2:35:55 [32m    LOG[39m [38;5;3m[CustomerOrdersService] [39m[32mFetching orders (all branches) by user d26831b8-20ef-4b10-8a1c-737a83d9b21f[39m
[32m[Nest] 28644  - [39m2026. 03. 24. 오전 2:35:55 [32m    LOG[39m [38;5;3m[CustomerOrdersService] [39m[32mFetched 0 orders[39m
[32m[Nest] 28644  - [39m2026. 03. 24. 오전 2:35:55 [32m    LOG[39m [38;5;3m[HTTP] [39m[32mGET /customer/orders?page=1&limit=1&dateStart=2026-03-24&dateEnd=2026-03-24&status=PREPARING - 513ms[39m
[32m[Nest] 28644  - [39m2026. 03. 24. 오전 2:35:55 [32m    LOG[39m [38;5;3m[CustomerOrdersService] [39m[32mFetched 0 orders[39m
[32m[Nest] 28644  - [39m2026. 03. 24. 오전 2:35:55 [32m    LOG[39m [38;5;3m[HTTP] [39m[32mGET /customer/orders?page=1&limit=1&dateStart=2026-03-24&dateEnd=2026-03-24&status=CANCELLED - 521ms[39m
[32m[Nest] 28644  - [39m2026. 03. 24. 오전 2:35:55 [32m    LOG[39m [38;5;3m[CustomerOrdersService] [39m[32mFetched 0 orders[39m
[32m[Nest] 28644  - [39m2026. 03. 24. 오전 2:35:55 [32m    LOG[39m [38;5;3m[HTTP] [39m[32mGET /customer/orders?page=1&limit=1&dateStart=2026-03-24&dateEnd=2026-03-24&status=COMPLETED - 530ms[39m
[32m[Nest] 28644  - [39m2026. 03. 24. 오전 2:35:55 [32m    LOG[39m [38;5;3m[CustomerOrdersService] [39m[32mFetched 0 orders[39m
[32m[Nest] 28644  - [39m2026. 03. 24. 오전 2:35:55 [32m    LOG[39m [38;5;3m[HTTP] [39m[32mGET /customer/orders?page=1&limit=1&dateStart=2026-03-24&dateEnd=2026-03-24&status=READY - 557ms[39m
[32m[Nest] 28644  - [39m2026. 03. 24. 오전 2:35:55 [32m    LOG[39m [38;5;3m[CustomerOrdersService] [39m[32mFetched 0 orders[39m
[32m[Nest] 28644  - [39m2026. 03. 24. 오전 2:35:55 [32m    LOG[39m [38;5;3m[HTTP] [39m[32mGET /customer/orders?page=1&limit=1&dateStart=2026-03-24&dateEnd=2026-03-24&status=REFUNDED - 499ms[39m
[33m[Nest] 28644  - [39m2026. 03. 24. 오전 2:35:55 [33m   WARN[39m [38;5;3m[CustomerOrdersService] [39m[33mFailed to load order payment methods for customer orders: column orders.payment_method does not exist[39m
[32m[Nest] 28644  - [39m2026. 03. 24. 오전 2:35:56 [32m    LOG[39m [38;5;3m[CustomerOrdersService] [39m[32mFetched 1 orders[39m
[32m[Nest] 28644  - [39m2026. 03. 24. 오전 2:35:56 [32m    LOG[39m [38;5;3m[HTTP] [39m[32mGET /customer/orders?page=1&limit=1&dateStart=2026-03-24&dateEnd=2026-03-24&status=CREATED - 1549ms[39m
[32m[Nest] 28644  - [39m2026. 03. 24. 오전 2:35:57 [32m    LOG[39m [38;5;3m[CustomerOrdersController] [39m[32mUser d26831b8-20ef-4b10-8a1c-737a83d9b21f fetching orders (all branches)[39m
[32m[Nest] 28644  - [39m2026. 03. 24. 오전 2:35:57 [32m    LOG[39m [38;5;3m[CustomerOrdersService] [39m[32mFetching orders (all branches) by user d26831b8-20ef-4b10-8a1c-737a83d9b21f[39m
[32m[Nest] 28644  - [39m2026. 03. 24. 오전 2:35:57 [32m    LOG[39m [38;5;3m[CustomerOrdersController] [39m[32mUser d26831b8-20ef-4b10-8a1c-737a83d9b21f fetching orders (all branches)[39m
[32m[Nest] 28644  - [39m2026. 03. 24. 오전 2:35:57 [32m    LOG[39m [38;5;3m[CustomerOrdersService] [39m[32mFetching orders (all branches) by user d26831b8-20ef-4b10-8a1c-737a83d9b21f[39m
[32m[Nest] 28644  - [39m2026. 03. 24. 오전 2:35:57 [32m    LOG[39m [38;5;3m[InventoryController] [39m[32mUser d26831b8-20ef-4b10-8a1c-737a83d9b21f fetching low stock alerts for all branches[39m
[32m[Nest] 28644  - [39m2026. 03. 24. 오전 2:35:57 [32m    LOG[39m [38;5;3m[InventoryService] [39m[32mFetching low stock alerts for all branches by user d26831b8-20ef-4b10-8a1c-737a83d9b21f[39m
[32m[Nest] 28644  - [39m2026. 03. 24. 오전 2:35:57 [32m    LOG[39m [38;5;3m[CustomerGuard] [39m[32mCustomerGuard: User d26831b8-20ef-4b10-8a1c-737a83d9b21f authorized with 1 brand(s) and 0 branch(es)[39m
[32m[Nest] 28644  - [39m2026. 03. 24. 오전 2:35:57 [32m    LOG[39m [38;5;3m[CustomerBranchesController] [39m[32mUser d26831b8-20ef-4b10-8a1c-737a83d9b21f fetching branches (all)[39m
[32m[Nest] 28644  - [39m2026. 03. 24. 오전 2:35:57 [32m    LOG[39m [38;5;3m[CustomerBranchesService] [39m[32mFetching all accessible branches for user d26831b8-20ef-4b10-8a1c-737a83d9b21f[39m
[32m[Nest] 28644  - [39m2026. 03. 24. 오전 2:35:58 [32m    LOG[39m [38;5;3m[CustomerBranchesService] [39m[32mFetched 3 accessible branches for user d26831b8-20ef-4b10-8a1c-737a83d9b21f[39m
[32m[Nest] 28644  - [39m2026. 03. 24. 오전 2:35:58 [32m    LOG[39m [38;5;3m[HTTP] [39m[32mGET /customer/branches - 167ms[39m
[32m[Nest] 28644  - [39m2026. 03. 24. 오전 2:35:58 [32m    LOG[39m [38;5;3m[InventoryService] [39m[32mFound 6 low stock items for all branches[39m
[32m[Nest] 28644  - [39m2026. 03. 24. 오전 2:35:58 [32m    LOG[39m [38;5;3m[HTTP] [39m[32mGET /customer/inventory/alerts - 348ms[39m
[32m[Nest] 28644  - [39m2026. 03. 24. 오전 2:35:58 [32m    LOG[39m [38;5;3m[CustomerOrdersController] [39m[32mUser d26831b8-20ef-4b10-8a1c-737a83d9b21f fetching orders (all branches)[39m
[32m[Nest] 28644  - [39m2026. 03. 24. 오전 2:35:58 [32m    LOG[39m [38;5;3m[CustomerOrdersService] [39m[32mFetching orders (all branches) by user d26831b8-20ef-4b10-8a1c-737a83d9b21f[39m
[32m[Nest] 28644  - [39m2026. 03. 24. 오전 2:35:58 [32m    LOG[39m [38;5;3m[CustomerGuard] [39m[32mCustomerGuard: User d26831b8-20ef-4b10-8a1c-737a83d9b21f authorized with 1 brand(s) and 0 branch(es)[39m
[32m[Nest] 28644  - [39m2026. 03. 24. 오전 2:35:58 [32m    LOG[39m [38;5;3m[CustomerBrandsService] [39m[32mFetching brands for user: d26831b8-20ef-4b10-8a1c-737a83d9b21f[39m
[32m[Nest] 28644  - [39m2026. 03. 24. 오전 2:35:58 [32m    LOG[39m [38;5;3m[HTTP] [39m[32mGET /me - 188ms[39m
[32m[Nest] 28644  - [39m2026. 03. 24. 오전 2:35:58 [32m    LOG[39m [38;5;3m[CustomerBrandsService] [39m[32mFetched 1 brands for user: d26831b8-20ef-4b10-8a1c-737a83d9b21f[39m
[32m[Nest] 28644  - [39m2026. 03. 24. 오전 2:35:58 [32m    LOG[39m [38;5;3m[HTTP] [39m[32mGET /customer/brands - 172ms[39m
[33m[Nest] 28644  - [39m2026. 03. 24. 오전 2:35:58 [33m   WARN[39m [38;5;3m[CustomerOrdersService] [39m[33mFailed to load order payment methods for customer orders: column orders.payment_method does not exist[39m
[33m[Nest] 28644  - [39m2026. 03. 24. 오전 2:35:58 [33m   WARN[39m [38;5;3m[CustomerOrdersService] [39m[33mFailed to load order payment methods for customer orders: column orders.payment_method does not exist[39m
[33m[Nest] 28644  - [39m2026. 03. 24. 오전 2:35:59 [33m   WARN[39m [38;5;3m[CustomerOrdersService] [39m[33mFailed to load order payment methods for customer orders: column orders.payment_method does not exist[39m
[32m[Nest] 28644  - [39m2026. 03. 24. 오전 2:35:59 [32m    LOG[39m [38;5;3m[CustomerOrdersService] [39m[32mFetched 1 orders[39m
[32m[Nest] 28644  - [39m2026. 03. 24. 오전 2:35:59 [32m    LOG[39m [38;5;3m[HTTP] [39m[32mGET /customer/orders?page=1&limit=1&dateStart=2026-03-24&dateEnd=2026-03-24 - 1497ms[39m
[32m[Nest] 28644  - [39m2026. 03. 24. 오전 2:35:59 [32m    LOG[39m [38;5;3m[CustomerOrdersController] [39m[32mUser d26831b8-20ef-4b10-8a1c-737a83d9b21f fetching orders (all branches)[39m
[32m[Nest] 28644  - [39m2026. 03. 24. 오전 2:35:59 [32m    LOG[39m [38;5;3m[CustomerOrdersService] [39m[32mFetching orders (all branches) by user d26831b8-20ef-4b10-8a1c-737a83d9b21f[39m
[32m[Nest] 28644  - [39m2026. 03. 24. 오전 2:35:59 [32m    LOG[39m [38;5;3m[CustomerOrdersController] [39m[32mUser d26831b8-20ef-4b10-8a1c-737a83d9b21f fetching orders (all branches)[39m
[32m[Nest] 28644  - [39m2026. 03. 24. 오전 2:35:59 [32m    LOG[39m [38;5;3m[CustomerOrdersService] [39m[32mFetching orders (all branches) by user d26831b8-20ef-4b10-8a1c-737a83d9b21f[39m
[32m[Nest] 28644  - [39m2026. 03. 24. 오전 2:35:59 [32m    LOG[39m [38;5;3m[CustomerOrdersController] [39m[32mUser d26831b8-20ef-4b10-8a1c-737a83d9b21f fetching orders (all branches)[39m
[32m[Nest] 28644  - [39m2026. 03. 24. 오전 2:35:59 [32m    LOG[39m [38;5;3m[CustomerOrdersService] [39m[32mFetching orders (all branches) by user d26831b8-20ef-4b10-8a1c-737a83d9b21f[39m
[32m[Nest] 28644  - [39m2026. 03. 24. 오전 2:35:59 [32m    LOG[39m [38;5;3m[CustomerOrdersController] [39m[32mUser d26831b8-20ef-4b10-8a1c-737a83d9b21f fetching orders (all branches)[39m
[32m[Nest] 28644  - [39m2026. 03. 24. 오전 2:35:59 [32m    LOG[39m [38;5;3m[CustomerOrdersService] [39m[32mFetching orders (all branches) by user d26831b8-20ef-4b10-8a1c-737a83d9b21f[39m
[32m[Nest] 28644  - [39m2026. 03. 24. 오전 2:35:59 [32m    LOG[39m [38;5;3m[CustomerOrdersService] [39m[32mFetched 8 orders[39m
[32m[Nest] 28644  - [39m2026. 03. 24. 오전 2:35:59 [32m    LOG[39m [38;5;3m[HTTP] [39m[32mGET /customer/orders?page=1&limit=20&dateStart=2026-03-24&dateEnd=2026-03-24 - 1577ms[39m
[32m[Nest] 28644  - [39m2026. 03. 24. 오전 2:35:59 [32m    LOG[39m [38;5;3m[CustomerOrdersController] [39m[32mUser d26831b8-20ef-4b10-8a1c-737a83d9b21f fetching orders (all branches)[39m
[32m[Nest] 28644  - [39m2026. 03. 24. 오전 2:35:59 [32m    LOG[39m [38;5;3m[CustomerOrdersService] [39m[32mFetching orders (all branches) by user d26831b8-20ef-4b10-8a1c-737a83d9b21f[39m
[32m[Nest] 28644  - [39m2026. 03. 24. 오전 2:35:59 [32m    LOG[39m [38;5;3m[CustomerOrdersService] [39m[32mFetched 12 orders[39m
[32m[Nest] 28644  - [39m2026. 03. 24. 오전 2:35:59 [32m    LOG[39m [38;5;3m[HTTP] [39m[32mGET /customer/orders?page=1&limit=20 - 1498ms[39m
[32m[Nest] 28644  - [39m2026. 03. 24. 오전 2:35:59 [32m    LOG[39m [38;5;3m[CustomerOrdersController] [39m[32mUser d26831b8-20ef-4b10-8a1c-737a83d9b21f fetching orders (all branches)[39m
[32m[Nest] 28644  - [39m2026. 03. 24. 오전 2:35:59 [32m    LOG[39m [38;5;3m[CustomerOrdersService] [39m[32mFetching orders (all branches) by user d26831b8-20ef-4b10-8a1c-737a83d9b21f[39m
[32m[Nest] 28644  - [39m2026. 03. 24. 오전 2:35:59 [32m    LOG[39m [38;5;3m[CustomerOrdersService] [39m[32mFetched 0 orders[39m
[32m[Nest] 28644  - [39m2026. 03. 24. 오전 2:35:59 [32m    LOG[39m [38;5;3m[HTTP] [39m[32mGET /customer/orders?page=1&limit=1&dateStart=2026-03-24&dateEnd=2026-03-24&status=CONFIRMED - 479ms[39m
[32m[Nest] 28644  - [39m2026. 03. 24. 오전 2:35:59 [32m    LOG[39m [38;5;3m[CustomerOrdersController] [39m[32mUser d26831b8-20ef-4b10-8a1c-737a83d9b21f fetching orders (all branches)[39m
[32m[Nest] 28644  - [39m2026. 03. 24. 오전 2:35:59 [32m    LOG[39m [38;5;3m[CustomerOrdersService] [39m[32mFetching orders (all branches) by user d26831b8-20ef-4b10-8a1c-737a83d9b21f[39m
[32m[Nest] 28644  - [39m2026. 03. 24. 오전 2:35:59 [32m    LOG[39m [38;5;3m[CustomerOrdersService] [39m[32mFetched 0 orders[39m
[32m[Nest] 28644  - [39m2026. 03. 24. 오전 2:35:59 [32m    LOG[39m [38;5;3m[HTTP] [39m[32mGET /customer/orders?page=1&limit=1&dateStart=2026-03-24&dateEnd=2026-03-24&status=PREPARING - 502ms[39m
[32m[Nest] 28644  - [39m2026. 03. 24. 오전 2:35:59 [32m    LOG[39m [38;5;3m[CustomerOrdersService] [39m[32mFetched 0 orders[39m
[32m[Nest] 28644  - [39m2026. 03. 24. 오전 2:35:59 [32m    LOG[39m [38;5;3m[HTTP] [39m[32mGET /customer/orders?page=1&limit=1&dateStart=2026-03-24&dateEnd=2026-03-24&status=READY - 522ms[39m
[32m[Nest] 28644  - [39m2026. 03. 24. 오전 2:35:59 [32m    LOG[39m [38;5;3m[CustomerOrdersService] [39m[32mFetched 0 orders[39m
[32m[Nest] 28644  - [39m2026. 03. 24. 오전 2:35:59 [32m    LOG[39m [38;5;3m[HTTP] [39m[32mGET /customer/orders?page=1&limit=1&dateStart=2026-03-24&dateEnd=2026-03-24&status=COMPLETED - 586ms[39m
[32m[Nest] 28644  - [39m2026. 03. 24. 오전 2:36:00 [32m    LOG[39m [38;5;3m[CustomerOrdersService] [39m[32mFetched 0 orders[39m
[32m[Nest] 28644  - [39m2026. 03. 24. 오전 2:36:00 [32m    LOG[39m [38;5;3m[HTTP] [39m[32mGET /customer/orders?page=1&limit=1&dateStart=2026-03-24&dateEnd=2026-03-24&status=CANCELLED - 504ms[39m
[32m[Nest] 28644  - [39m2026. 03. 24. 오전 2:36:00 [32m    LOG[39m [38;5;3m[CustomerOrdersService] [39m[32mFetched 0 orders[39m
[32m[Nest] 28644  - [39m2026. 03. 24. 오전 2:36:00 [32m    LOG[39m [38;5;3m[HTTP] [39m[32mGET /customer/orders?page=1&limit=1&dateStart=2026-03-24&dateEnd=2026-03-24&status=REFUNDED - 535ms[39m
[33m[Nest] 28644  - [39m2026. 03. 24. 오전 2:36:00 [33m   WARN[39m [38;5;3m[CustomerOrdersService] [39m[33mFailed to load order payment methods for customer orders: column orders.payment_method does not exist[39m
[32m[Nest] 28644  - [39m2026. 03. 24. 오전 2:36:00 [32m    LOG[39m [38;5;3m[CustomerOrdersService] [39m[32mFetched 1 orders[39m
[32m[Nest] 28644  - [39m2026. 03. 24. 오전 2:36:00 [32m    LOG[39m [38;5;3m[HTTP] [39m[32mGET /customer/orders?page=1&limit=1&dateStart=2026-03-24&dateEnd=2026-03-24&status=CREATED - 1538ms[39m
[32m[Nest] 28644  - [39m2026. 03. 24. 오전 2:36:03 [32m    LOG[39m [38;5;3m[CustomerBranchesController] [39m[32mUser d26831b8-20ef-4b10-8a1c-737a83d9b21f fetching branches (all)[39m
[32m[Nest] 28644  - [39m2026. 03. 24. 오전 2:36:03 [32m    LOG[39m [38;5;3m[CustomerBranchesService] [39m[32mFetching all accessible branches for user d26831b8-20ef-4b10-8a1c-737a83d9b21f[39m
[32m[Nest] 28644  - [39m2026. 03. 24. 오전 2:36:03 [32m    LOG[39m [38;5;3m[CustomerOrdersController] [39m[32mUser d26831b8-20ef-4b10-8a1c-737a83d9b21f fetching orders (all branches)[39m
[32m[Nest] 28644  - [39m2026. 03. 24. 오전 2:36:03 [32m    LOG[39m [38;5;3m[CustomerOrdersService] [39m[32mFetching orders (all branches) by user d26831b8-20ef-4b10-8a1c-737a83d9b21f[39m
[32m[Nest] 28644  - [39m2026. 03. 24. 오전 2:36:03 [32m    LOG[39m [38;5;3m[CustomerOrdersController] [39m[32mUser d26831b8-20ef-4b10-8a1c-737a83d9b21f fetching orders (all branches)[39m
[32m[Nest] 28644  - [39m2026. 03. 24. 오전 2:36:03 [32m    LOG[39m [38;5;3m[CustomerOrdersService] [39m[32mFetching orders (all branches) by user d26831b8-20ef-4b10-8a1c-737a83d9b21f[39m
[32m[Nest] 28644  - [39m2026. 03. 24. 오전 2:36:03 [32m    LOG[39m [38;5;3m[InventoryController] [39m[32mUser d26831b8-20ef-4b10-8a1c-737a83d9b21f fetching low stock alerts for all branches[39m
[32m[Nest] 28644  - [39m2026. 03. 24. 오전 2:36:03 [32m    LOG[39m [38;5;3m[InventoryService] [39m[32mFetching low stock alerts for all branches by user d26831b8-20ef-4b10-8a1c-737a83d9b21f[39m
[32m[Nest] 28644  - [39m2026. 03. 24. 오전 2:36:03 [32m    LOG[39m [38;5;3m[CustomerBranchesService] [39m[32mFetched 3 accessible branches for user d26831b8-20ef-4b10-8a1c-737a83d9b21f[39m
[32m[Nest] 28644  - [39m2026. 03. 24. 오전 2:36:03 [32m    LOG[39m [38;5;3m[HTTP] [39m[32mGET /customer/branches - 170ms[39m
[32m[Nest] 28644  - [39m2026. 03. 24. 오전 2:36:03 [32m    LOG[39m [38;5;3m[InventoryService] [39m[32mFound 6 low stock items for all branches[39m
[32m[Nest] 28644  - [39m2026. 03. 24. 오전 2:36:03 [32m    LOG[39m [38;5;3m[HTTP] [39m[32mGET /customer/inventory/alerts - 357ms[39m
[32m[Nest] 28644  - [39m2026. 03. 24. 오전 2:36:03 [32m    LOG[39m [38;5;3m[CustomerOrdersController] [39m[32mUser d26831b8-20ef-4b10-8a1c-737a83d9b21f fetching orders (all branches)[39m
[32m[Nest] 28644  - [39m2026. 03. 24. 오전 2:36:03 [32m    LOG[39m [38;5;3m[CustomerOrdersService] [39m[32mFetching orders (all branches) by user d26831b8-20ef-4b10-8a1c-737a83d9b21f[39m
[32m[Nest] 28644  - [39m2026. 03. 24. 오전 2:36:03 [32m    LOG[39m [38;5;3m[CustomerBrandsService] [39m[32mFetching brands for user: d26831b8-20ef-4b10-8a1c-737a83d9b21f[39m
[32m[Nest] 28644  - [39m2026. 03. 24. 오전 2:36:03 [32m    LOG[39m [38;5;3m[CustomerBrandsService] [39m[32mFetched 1 brands for user: d26831b8-20ef-4b10-8a1c-737a83d9b21f[39m
[32m[Nest] 28644  - [39m2026. 03. 24. 오전 2:36:03 [32m    LOG[39m [38;5;3m[HTTP] [39m[32mGET /customer/brands - 177ms[39m
[32m[Nest] 28644  - [39m2026. 03. 24. 오전 2:36:03 [32m    LOG[39m [38;5;3m[HTTP] [39m[32mGET /me - 205ms[39m
[33m[Nest] 28644  - [39m2026. 03. 24. 오전 2:36:04 [33m   WARN[39m [38;5;3m[CustomerOrdersService] [39m[33mFailed to load order payment methods for customer orders: column orders.payment_method does not exist[39m
[33m[Nest] 28644  - [39m2026. 03. 24. 오전 2:36:04 [33m   WARN[39m [38;5;3m[CustomerOrdersService] [39m[33mFailed to load order payment methods for customer orders: column orders.payment_method does not exist[39m
[33m[Nest] 28644  - [39m2026. 03. 24. 오전 2:36:04 [33m   WARN[39m [38;5;3m[CustomerOrdersService] [39m[33mFailed to load order payment methods for customer orders: column orders.payment_method does not exist[39m
[32m[Nest] 28644  - [39m2026. 03. 24. 오전 2:36:04 [32m    LOG[39m [38;5;3m[CustomerOrdersService] [39m[32mFetched 8 orders[39m
[32m[Nest] 28644  - [39m2026. 03. 24. 오전 2:36:04 [32m    LOG[39m [38;5;3m[HTTP] [39m[32mGET /customer/orders?page=1&limit=20&dateStart=2026-03-24&dateEnd=2026-03-24 - 1473ms[39m
[32m[Nest] 28644  - [39m2026. 03. 24. 오전 2:36:04 [32m    LOG[39m [38;5;3m[CustomerOrdersService] [39m[32mFetched 1 orders[39m
[32m[Nest] 28644  - [39m2026. 03. 24. 오전 2:36:04 [32m    LOG[39m [38;5;3m[HTTP] [39m[32mGET /customer/orders?page=1&limit=1&dateStart=2026-03-24&dateEnd=2026-03-24 - 1527ms[39m
[32m[Nest] 28644  - [39m2026. 03. 24. 오전 2:36:04 [32m    LOG[39m [38;5;3m[CustomerOrdersController] [39m[32mUser d26831b8-20ef-4b10-8a1c-737a83d9b21f fetching orders (all branches)[39m
[32m[Nest] 28644  - [39m2026. 03. 24. 오전 2:36:04 [32m    LOG[39m [38;5;3m[CustomerOrdersService] [39m[32mFetching orders (all branches) by user d26831b8-20ef-4b10-8a1c-737a83d9b21f[39m
[32m[Nest] 28644  - [39m2026. 03. 24. 오전 2:36:04 [32m    LOG[39m [38;5;3m[CustomerOrdersController] [39m[32mUser d26831b8-20ef-4b10-8a1c-737a83d9b21f fetching orders (all branches)[39m
[32m[Nest] 28644  - [39m2026. 03. 24. 오전 2:36:04 [32m    LOG[39m [38;5;3m[CustomerOrdersService] [39m[32mFetching orders (all branches) by user d26831b8-20ef-4b10-8a1c-737a83d9b21f[39m
[32m[Nest] 28644  - [39m2026. 03. 24. 오전 2:36:04 [32m    LOG[39m [38;5;3m[CustomerOrdersController] [39m[32mUser d26831b8-20ef-4b10-8a1c-737a83d9b21f fetching orders (all branches)[39m
[32m[Nest] 28644  - [39m2026. 03. 24. 오전 2:36:04 [32m    LOG[39m [38;5;3m[CustomerOrdersService] [39m[32mFetching orders (all branches) by user d26831b8-20ef-4b10-8a1c-737a83d9b21f[39m
[32m[Nest] 28644  - [39m2026. 03. 24. 오전 2:36:04 [32m    LOG[39m [38;5;3m[CustomerOrdersController] [39m[32mUser d26831b8-20ef-4b10-8a1c-737a83d9b21f fetching orders (all branches)[39m
[32m[Nest] 28644  - [39m2026. 03. 24. 오전 2:36:04 [32m    LOG[39m [38;5;3m[CustomerOrdersService] [39m[32mFetching orders (all branches) by user d26831b8-20ef-4b10-8a1c-737a83d9b21f[39m
[32m[Nest] 28644  - [39m2026. 03. 24. 오전 2:36:04 [32m    LOG[39m [38;5;3m[CustomerOrdersController] [39m[32mUser d26831b8-20ef-4b10-8a1c-737a83d9b21f fetching orders (all branches)[39m
[32m[Nest] 28644  - [39m2026. 03. 24. 오전 2:36:04 [32m    LOG[39m [38;5;3m[CustomerOrdersService] [39m[32mFetching orders (all branches) by user d26831b8-20ef-4b10-8a1c-737a83d9b21f[39m
[32m[Nest] 28644  - [39m2026. 03. 24. 오전 2:36:05 [32m    LOG[39m [38;5;3m[CustomerOrdersService] [39m[32mFetched 12 orders[39m
[32m[Nest] 28644  - [39m2026. 03. 24. 오전 2:36:05 [32m    LOG[39m [38;5;3m[HTTP] [39m[32mGET /customer/orders?page=1&limit=20 - 1503ms[39m
[32m[Nest] 28644  - [39m2026. 03. 24. 오전 2:36:05 [32m    LOG[39m [38;5;3m[CustomerOrdersController] [39m[32mUser d26831b8-20ef-4b10-8a1c-737a83d9b21f fetching orders (all branches)[39m
[32m[Nest] 28644  - [39m2026. 03. 24. 오전 2:36:05 [32m    LOG[39m [38;5;3m[CustomerOrdersService] [39m[32mFetching orders (all branches) by user d26831b8-20ef-4b10-8a1c-737a83d9b21f[39m
[32m[Nest] 28644  - [39m2026. 03. 24. 오전 2:36:05 [32m    LOG[39m [38;5;3m[CustomerOrdersService] [39m[32mFetched 0 orders[39m
[32m[Nest] 28644  - [39m2026. 03. 24. 오전 2:36:05 [32m    LOG[39m [38;5;3m[HTTP] [39m[32mGET /customer/orders?page=1&limit=1&dateStart=2026-03-24&dateEnd=2026-03-24&status=READY - 518ms[39m
[32m[Nest] 28644  - [39m2026. 03. 24. 오전 2:36:05 [32m    LOG[39m [38;5;3m[CustomerOrdersController] [39m[32mUser d26831b8-20ef-4b10-8a1c-737a83d9b21f fetching orders (all branches)[39m
[32m[Nest] 28644  - [39m2026. 03. 24. 오전 2:36:05 [32m    LOG[39m [38;5;3m[CustomerOrdersService] [39m[32mFetching orders (all branches) by user d26831b8-20ef-4b10-8a1c-737a83d9b21f[39m
[32m[Nest] 28644  - [39m2026. 03. 24. 오전 2:36:05 [32m    LOG[39m [38;5;3m[CustomerOrdersService] [39m[32mFetched 0 orders[39m
[32m[Nest] 28644  - [39m2026. 03. 24. 오전 2:36:05 [32m    LOG[39m [38;5;3m[HTTP] [39m[32mGET /customer/orders?page=1&limit=1&dateStart=2026-03-24&dateEnd=2026-03-24&status=CONFIRMED - 531ms[39m
[32m[Nest] 28644  - [39m2026. 03. 24. 오전 2:36:05 [32m    LOG[39m [38;5;3m[CustomerOrdersService] [39m[32mFetched 0 orders[39m
[32m[Nest] 28644  - [39m2026. 03. 24. 오전 2:36:05 [32m    LOG[39m [38;5;3m[HTTP] [39m[32mGET /customer/orders?page=1&limit=1&dateStart=2026-03-24&dateEnd=2026-03-24&status=PREPARING - 530ms[39m
[32m[Nest] 28644  - [39m2026. 03. 24. 오전 2:36:05 [32m    LOG[39m [38;5;3m[CustomerOrdersService] [39m[32mFetched 0 orders[39m
[32m[Nest] 28644  - [39m2026. 03. 24. 오전 2:36:05 [32m    LOG[39m [38;5;3m[HTTP] [39m[32mGET /customer/orders?page=1&limit=1&dateStart=2026-03-24&dateEnd=2026-03-24&status=COMPLETED - 541ms[39m
[32m[Nest] 28644  - [39m2026. 03. 24. 오전 2:36:05 [32m    LOG[39m [38;5;3m[CustomerOrdersService] [39m[32mFetched 0 orders[39m
[32m[Nest] 28644  - [39m2026. 03. 24. 오전 2:36:05 [32m    LOG[39m [38;5;3m[HTTP] [39m[32mGET /customer/orders?page=1&limit=1&dateStart=2026-03-24&dateEnd=2026-03-24&status=CANCELLED - 532ms[39m
[32m[Nest] 28644  - [39m2026. 03. 24. 오전 2:36:05 [32m    LOG[39m [38;5;3m[CustomerOrdersService] [39m[32mFetched 0 orders[39m
[32m[Nest] 28644  - [39m2026. 03. 24. 오전 2:36:05 [32m    LOG[39m [38;5;3m[HTTP] [39m[32mGET /customer/orders?page=1&limit=1&dateStart=2026-03-24&dateEnd=2026-03-24&status=REFUNDED - 483ms[39m
[33m[Nest] 28644  - [39m2026. 03. 24. 오전 2:36:05 [33m   WARN[39m [38;5;3m[CustomerOrdersService] [39m[33mFailed to load order payment methods for customer orders: column orders.payment_method does not exist[39m
[32m[Nest] 28644  - [39m2026. 03. 24. 오전 2:36:06 [32m    LOG[39m [38;5;3m[CustomerOrdersService] [39m[32mFetched 1 orders[39m
[32m[Nest] 28644  - [39m2026. 03. 24. 오전 2:36:06 [32m    LOG[39m [38;5;3m[HTTP] [39m[32mGET /customer/orders?page=1&limit=1&dateStart=2026-03-24&dateEnd=2026-03-24&status=CREATED - 1509ms[39m
[32m[Nest] 28644  - [39m2026. 03. 24. 오전 2:36:07 [32m    LOG[39m [38;5;3m[CustomerBranchesController] [39m[32mUser d26831b8-20ef-4b10-8a1c-737a83d9b21f fetching branches (all)[39m
[32m[Nest] 28644  - [39m2026. 03. 24. 오전 2:36:07 [32m    LOG[39m [38;5;3m[CustomerBranchesService] [39m[32mFetching all accessible branches for user d26831b8-20ef-4b10-8a1c-737a83d9b21f[39m
[32m[Nest] 28644  - [39m2026. 03. 24. 오전 2:36:07 [32m    LOG[39m [38;5;3m[CustomerOrdersController] [39m[32mUser d26831b8-20ef-4b10-8a1c-737a83d9b21f fetching orders (all branches)[39m
[32m[Nest] 28644  - [39m2026. 03. 24. 오전 2:36:07 [32m    LOG[39m [38;5;3m[CustomerOrdersService] [39m[32mFetching orders (all branches) by user d26831b8-20ef-4b10-8a1c-737a83d9b21f[39m
[32m[Nest] 28644  - [39m2026. 03. 24. 오전 2:36:07 [32m    LOG[39m [38;5;3m[CustomerOrdersController] [39m[32mUser d26831b8-20ef-4b10-8a1c-737a83d9b21f fetching orders (all branches)[39m
[32m[Nest] 28644  - [39m2026. 03. 24. 오전 2:36:07 [32m    LOG[39m [38;5;3m[CustomerOrdersService] [39m[32mFetching orders (all branches) by user d26831b8-20ef-4b10-8a1c-737a83d9b21f[39m
[32m[Nest] 28644  - [39m2026. 03. 24. 오전 2:36:07 [32m    LOG[39m [38;5;3m[CustomerBranchesService] [39m[32mFetched 3 accessible branches for user d26831b8-20ef-4b10-8a1c-737a83d9b21f[39m
[32m[Nest] 28644  - [39m2026. 03. 24. 오전 2:36:07 [32m    LOG[39m [38;5;3m[HTTP] [39m[32mGET /customer/branches - 167ms[39m
[32m[Nest] 28644  - [39m2026. 03. 24. 오전 2:36:07 [32m    LOG[39m [38;5;3m[CustomerGuard] [39m[32mCustomerGuard: User d26831b8-20ef-4b10-8a1c-737a83d9b21f authorized with 1 brand(s) and 0 branch(es)[39m
[32m[Nest] 28644  - [39m2026. 03. 24. 오전 2:36:07 [32m    LOG[39m [38;5;3m[InventoryController] [39m[32mUser d26831b8-20ef-4b10-8a1c-737a83d9b21f fetching low stock alerts for all branches[39m
[32m[Nest] 28644  - [39m2026. 03. 24. 오전 2:36:07 [32m    LOG[39m [38;5;3m[InventoryService] [39m[32mFetching low stock alerts for all branches by user d26831b8-20ef-4b10-8a1c-737a83d9b21f[39m
[32m[Nest] 28644  - [39m2026. 03. 24. 오전 2:36:07 [32m    LOG[39m [38;5;3m[CustomerBrandsService] [39m[32mFetching brands for user: d26831b8-20ef-4b10-8a1c-737a83d9b21f[39m
[32m[Nest] 28644  - [39m2026. 03. 24. 오전 2:36:07 [32m    LOG[39m [38;5;3m[InventoryService] [39m[32mFound 6 low stock items for all branches[39m
[32m[Nest] 28644  - [39m2026. 03. 24. 오전 2:36:07 [32m    LOG[39m [38;5;3m[HTTP] [39m[32mGET /customer/inventory/alerts - 354ms[39m
[32m[Nest] 28644  - [39m2026. 03. 24. 오전 2:36:07 [32m    LOG[39m [38;5;3m[CustomerOrdersController] [39m[32mUser d26831b8-20ef-4b10-8a1c-737a83d9b21f fetching orders (all branches)[39m
[32m[Nest] 28644  - [39m2026. 03. 24. 오전 2:36:07 [32m    LOG[39m [38;5;3m[CustomerOrdersService] [39m[32mFetching orders (all branches) by user d26831b8-20ef-4b10-8a1c-737a83d9b21f[39m
[32m[Nest] 28644  - [39m2026. 03. 24. 오전 2:36:07 [32m    LOG[39m [38;5;3m[HTTP] [39m[32mGET /me - 171ms[39m
[32m[Nest] 28644  - [39m2026. 03. 24. 오전 2:36:07 [32m    LOG[39m [38;5;3m[CustomerBrandsService] [39m[32mFetched 1 brands for user: d26831b8-20ef-4b10-8a1c-737a83d9b21f[39m
[32m[Nest] 28644  - [39m2026. 03. 24. 오전 2:36:07 [32m    LOG[39m [38;5;3m[HTTP] [39m[32mGET /customer/brands - 174ms[39m
[33m[Nest] 28644  - [39m2026. 03. 24. 오전 2:36:08 [33m   WARN[39m [38;5;3m[CustomerOrdersService] [39m[33mFailed to load order payment methods for customer orders: column orders.payment_method does not exist[39m
[33m[Nest] 28644  - [39m2026. 03. 24. 오전 2:36:08 [33m   WARN[39m [38;5;3m[CustomerOrdersService] [39m[33mFailed to load order payment methods for customer orders: column orders.payment_method does not exist[39m
[32m[Nest] 28644  - [39m2026. 03. 24. 오전 2:36:08 [32m    LOG[39m [38;5;3m[CustomerOrdersService] [39m[32mFetched 1 orders[39m
[32m[Nest] 28644  - [39m2026. 03. 24. 오전 2:36:08 [32m    LOG[39m [38;5;3m[HTTP] [39m[32mGET /customer/orders?page=1&limit=1&dateStart=2026-03-24&dateEnd=2026-03-24 - 1541ms[39m
[32m[Nest] 28644  - [39m2026. 03. 24. 오전 2:36:08 [32m    LOG[39m [38;5;3m[CustomerOrdersService] [39m[32mFetched 8 orders[39m
[32m[Nest] 28644  - [39m2026. 03. 24. 오전 2:36:08 [32m    LOG[39m [38;5;3m[HTTP] [39m[32mGET /customer/orders?page=1&limit=20&dateStart=2026-03-24&dateEnd=2026-03-24 - 1537ms[39m
[32m[Nest] 28644  - [39m2026. 03. 24. 오전 2:36:08 [32m    LOG[39m [38;5;3m[CustomerOrdersController] [39m[32mUser d26831b8-20ef-4b10-8a1c-737a83d9b21f fetching orders (all branches)[39m
[32m[Nest] 28644  - [39m2026. 03. 24. 오전 2:36:08 [32m    LOG[39m [38;5;3m[CustomerOrdersService] [39m[32mFetching orders (all branches) by user d26831b8-20ef-4b10-8a1c-737a83d9b21f[39m
[32m[Nest] 28644  - [39m2026. 03. 24. 오전 2:36:08 [32m    LOG[39m [38;5;3m[CustomerOrdersController] [39m[32mUser d26831b8-20ef-4b10-8a1c-737a83d9b21f fetching orders (all branches)[39m
[32m[Nest] 28644  - [39m2026. 03. 24. 오전 2:36:08 [32m    LOG[39m [38;5;3m[CustomerOrdersService] [39m[32mFetching orders (all branches) by user d26831b8-20ef-4b10-8a1c-737a83d9b21f[39m
[32m[Nest] 28644  - [39m2026. 03. 24. 오전 2:36:08 [32m    LOG[39m [38;5;3m[CustomerOrdersController] [39m[32mUser d26831b8-20ef-4b10-8a1c-737a83d9b21f fetching orders (all branches)[39m
[32m[Nest] 28644  - [39m2026. 03. 24. 오전 2:36:08 [32m    LOG[39m [38;5;3m[CustomerOrdersService] [39m[32mFetching orders (all branches) by user d26831b8-20ef-4b10-8a1c-737a83d9b21f[39m
[32m[Nest] 28644  - [39m2026. 03. 24. 오전 2:36:08 [32m    LOG[39m [38;5;3m[CustomerOrdersController] [39m[32mUser d26831b8-20ef-4b10-8a1c-737a83d9b21f fetching orders (all branches)[39m
[32m[Nest] 28644  - [39m2026. 03. 24. 오전 2:36:08 [32m    LOG[39m [38;5;3m[CustomerOrdersService] [39m[32mFetching orders (all branches) by user d26831b8-20ef-4b10-8a1c-737a83d9b21f[39m
[32m[Nest] 28644  - [39m2026. 03. 24. 오전 2:36:08 [32m    LOG[39m [38;5;3m[CustomerOrdersController] [39m[32mUser d26831b8-20ef-4b10-8a1c-737a83d9b21f fetching orders (all branches)[39m
[32m[Nest] 28644  - [39m2026. 03. 24. 오전 2:36:08 [32m    LOG[39m [38;5;3m[CustomerOrdersService] [39m[32mFetching orders (all branches) by user d26831b8-20ef-4b10-8a1c-737a83d9b21f[39m
[33m[Nest] 28644  - [39m2026. 03. 24. 오전 2:36:08 [33m   WARN[39m [38;5;3m[CustomerOrdersService] [39m[33mFailed to load order payment methods for customer orders: column orders.payment_method does not exist[39m
[32m[Nest] 28644  - [39m2026. 03. 24. 오전 2:36:09 [32m    LOG[39m [38;5;3m[CustomerOrdersService] [39m[32mFetched 0 orders[39m
[32m[Nest] 28644  - [39m2026. 03. 24. 오전 2:36:09 [32m    LOG[39m [38;5;3m[HTTP] [39m[32mGET /customer/orders?page=1&limit=1&dateStart=2026-03-24&dateEnd=2026-03-24&status=CONFIRMED - 481ms[39m
[32m[Nest] 28644  - [39m2026. 03. 24. 오전 2:36:09 [32m    LOG[39m [38;5;3m[CustomerOrdersController] [39m[32mUser d26831b8-20ef-4b10-8a1c-737a83d9b21f fetching orders (all branches)[39m
[32m[Nest] 28644  - [39m2026. 03. 24. 오전 2:36:09 [32m    LOG[39m [38;5;3m[CustomerOrdersService] [39m[32mFetching orders (all branches) by user d26831b8-20ef-4b10-8a1c-737a83d9b21f[39m
[32m[Nest] 28644  - [39m2026. 03. 24. 오전 2:36:09 [32m    LOG[39m [38;5;3m[CustomerOrdersService] [39m[32mFetched 0 orders[39m
[32m[Nest] 28644  - [39m2026. 03. 24. 오전 2:36:09 [32m    LOG[39m [38;5;3m[HTTP] [39m[32mGET /customer/orders?page=1&limit=1&dateStart=2026-03-24&dateEnd=2026-03-24&status=PREPARING - 517ms[39m
[32m[Nest] 28644  - [39m2026. 03. 24. 오전 2:36:09 [32m    LOG[39m [38;5;3m[CustomerOrdersService] [39m[32mFetched 0 orders[39m
[32m[Nest] 28644  - [39m2026. 03. 24. 오전 2:36:09 [32m    LOG[39m [38;5;3m[HTTP] [39m[32mGET /customer/orders?page=1&limit=1&dateStart=2026-03-24&dateEnd=2026-03-24&status=READY - 516ms[39m
[32m[Nest] 28644  - [39m2026. 03. 24. 오전 2:36:09 [32m    LOG[39m [38;5;3m[CustomerOrdersController] [39m[32mUser d26831b8-20ef-4b10-8a1c-737a83d9b21f fetching orders (all branches)[39m
[32m[Nest] 28644  - [39m2026. 03. 24. 오전 2:36:09 [32m    LOG[39m [38;5;3m[CustomerOrdersService] [39m[32mFetching orders (all branches) by user d26831b8-20ef-4b10-8a1c-737a83d9b21f[39m
[32m[Nest] 28644  - [39m2026. 03. 24. 오전 2:36:09 [32m    LOG[39m [38;5;3m[CustomerOrdersService] [39m[32mFetched 12 orders[39m
[32m[Nest] 28644  - [39m2026. 03. 24. 오전 2:36:09 [32m    LOG[39m [38;5;3m[HTTP] [39m[32mGET /customer/orders?page=1&limit=20 - 1582ms[39m
[32m[Nest] 28644  - [39m2026. 03. 24. 오전 2:36:09 [32m    LOG[39m [38;5;3m[CustomerOrdersService] [39m[32mFetched 0 orders[39m
[32m[Nest] 28644  - [39m2026. 03. 24. 오전 2:36:09 [32m    LOG[39m [38;5;3m[HTTP] [39m[32mGET /customer/orders?page=1&limit=1&dateStart=2026-03-24&dateEnd=2026-03-24&status=COMPLETED - 614ms[39m
[32m[Nest] 28644  - [39m2026. 03. 24. 오전 2:36:09 [32m    LOG[39m [38;5;3m[CustomerOrdersService] [39m[32mFetched 0 orders[39m
[32m[Nest] 28644  - [39m2026. 03. 24. 오전 2:36:09 [32m    LOG[39m [38;5;3m[HTTP] [39m[32mGET /customer/orders?page=1&limit=1&dateStart=2026-03-24&dateEnd=2026-03-24&status=CANCELLED - 479ms[39m
[33m[Nest] 28644  - [39m2026. 03. 24. 오전 2:36:09 [33m   WARN[39m [38;5;3m[CustomerOrdersService] [39m[33mFailed to load order payment methods for customer orders: column orders.payment_method does not exist[39m
[32m[Nest] 28644  - [39m2026. 03. 24. 오전 2:36:09 [32m    LOG[39m [38;5;3m[CustomerOrdersService] [39m[32mFetched 0 orders[39m
[32m[Nest] 28644  - [39m2026. 03. 24. 오전 2:36:09 [32m    LOG[39m [38;5;3m[HTTP] [39m[32mGET /customer/orders?page=1&limit=1&dateStart=2026-03-24&dateEnd=2026-03-24&status=REFUNDED - 537ms[39m
[32m[Nest] 28644  - [39m2026. 03. 24. 오전 2:36:10 [32m    LOG[39m [38;5;3m[CustomerOrdersService] [39m[32mFetched 1 orders[39m
[32m[Nest] 28644  - [39m2026. 03. 24. 오전 2:36:10 [32m    LOG[39m [38;5;3m[HTTP] [39m[32mGET /customer/orders?page=1&limit=1&dateStart=2026-03-24&dateEnd=2026-03-24&status=CREATED - 1575ms[39m
[32m[Nest] 28644  - [39m2026. 03. 24. 오전 2:36:11 [32m    LOG[39m [38;5;3m[CustomerBranchesController] [39m[32mUser d26831b8-20ef-4b10-8a1c-737a83d9b21f fetching branches (all)[39m
[32m[Nest] 28644  - [39m2026. 03. 24. 오전 2:36:11 [32m    LOG[39m [38;5;3m[CustomerBranchesService] [39m[32mFetching all accessible branches for user d26831b8-20ef-4b10-8a1c-737a83d9b21f[39m
[32m[Nest] 28644  - [39m2026. 03. 24. 오전 2:36:11 [32m    LOG[39m [38;5;3m[CustomerOrdersController] [39m[32mUser d26831b8-20ef-4b10-8a1c-737a83d9b21f fetching orders (all branches)[39m
[32m[Nest] 28644  - [39m2026. 03. 24. 오전 2:36:11 [32m    LOG[39m [38;5;3m[CustomerOrdersService] [39m[32mFetching orders (all branches) by user d26831b8-20ef-4b10-8a1c-737a83d9b21f[39m
[32m[Nest] 28644  - [39m2026. 03. 24. 오전 2:36:11 [32m    LOG[39m [38;5;3m[CustomerOrdersController] [39m[32mUser d26831b8-20ef-4b10-8a1c-737a83d9b21f fetching orders (all branches)[39m
[32m[Nest] 28644  - [39m2026. 03. 24. 오전 2:36:11 [32m    LOG[39m [38;5;3m[CustomerOrdersService] [39m[32mFetching orders (all branches) by user d26831b8-20ef-4b10-8a1c-737a83d9b21f[39m
[32m[Nest] 28644  - [39m2026. 03. 24. 오전 2:36:11 [32m    LOG[39m [38;5;3m[InventoryController] [39m[32mUser d26831b8-20ef-4b10-8a1c-737a83d9b21f fetching low stock alerts for all branches[39m
[32m[Nest] 28644  - [39m2026. 03. 24. 오전 2:36:11 [32m    LOG[39m [38;5;3m[InventoryService] [39m[32mFetching low stock alerts for all branches by user d26831b8-20ef-4b10-8a1c-737a83d9b21f[39m
[32m[Nest] 28644  - [39m2026. 03. 24. 오전 2:36:11 [32m    LOG[39m [38;5;3m[CustomerBranchesService] [39m[32mFetched 3 accessible branches for user d26831b8-20ef-4b10-8a1c-737a83d9b21f[39m
[32m[Nest] 28644  - [39m2026. 03. 24. 오전 2:36:11 [32m    LOG[39m [38;5;3m[HTTP] [39m[32mGET /customer/branches - 180ms[39m
[32m[Nest] 28644  - [39m2026. 03. 24. 오전 2:36:12 [32m    LOG[39m [38;5;3m[InventoryService] [39m[32mFound 6 low stock items for all branches[39m
[32m[Nest] 28644  - [39m2026. 03. 24. 오전 2:36:12 [32m    LOG[39m [38;5;3m[HTTP] [39m[32mGET /customer/inventory/alerts - 353ms[39m
[32m[Nest] 28644  - [39m2026. 03. 24. 오전 2:36:12 [32m    LOG[39m [38;5;3m[CustomerOrdersController] [39m[32mUser d26831b8-20ef-4b10-8a1c-737a83d9b21f fetching orders (all branches)[39m
[32m[Nest] 28644  - [39m2026. 03. 24. 오전 2:36:12 [32m    LOG[39m [38;5;3m[CustomerOrdersService] [39m[32mFetching orders (all branches) by user d26831b8-20ef-4b10-8a1c-737a83d9b21f[39m
[32m[Nest] 28644  - [39m2026. 03. 24. 오전 2:36:12 [32m    LOG[39m [38;5;3m[CustomerBrandsService] [39m[32mFetching brands for user: d26831b8-20ef-4b10-8a1c-737a83d9b21f[39m
[32m[Nest] 28644  - [39m2026. 03. 24. 오전 2:36:12 [32m    LOG[39m [38;5;3m[CustomerBrandsService] [39m[32mFetched 1 brands for user: d26831b8-20ef-4b10-8a1c-737a83d9b21f[39m
[32m[Nest] 28644  - [39m2026. 03. 24. 오전 2:36:12 [32m    LOG[39m [38;5;3m[HTTP] [39m[32mGET /customer/brands - 182ms[39m
[32m[Nest] 28644  - [39m2026. 03. 24. 오전 2:36:12 [32m    LOG[39m [38;5;3m[HTTP] [39m[32mGET /me - 189ms[39m
[33m[Nest] 28644  - [39m2026. 03. 24. 오전 2:36:12 [33m   WARN[39m [38;5;3m[CustomerOrdersService] [39m[33mFailed to load order payment methods for customer orders: column orders.payment_method does not exist[39m
[33m[Nest] 28644  - [39m2026. 03. 24. 오전 2:36:12 [33m   WARN[39m [38;5;3m[CustomerOrdersService] [39m[33mFailed to load order payment methods for customer orders: column orders.payment_method does not exist[39m
[33m[Nest] 28644  - [39m2026. 03. 24. 오전 2:36:13 [33m   WARN[39m [38;5;3m[CustomerOrdersService] [39m[33mFailed to load order payment methods for customer orders: column orders.payment_method does not exist[39m
[32m[Nest] 28644  - [39m2026. 03. 24. 오전 2:36:13 [32m    LOG[39m [38;5;3m[CustomerOrdersService] [39m[32mFetched 1 orders[39m
[32m[Nest] 28644  - [39m2026. 03. 24. 오전 2:36:13 [32m    LOG[39m [38;5;3m[HTTP] [39m[32mGET /customer/orders?page=1&limit=1&dateStart=2026-03-24&dateEnd=2026-03-24 - 1487ms[39m
[32m[Nest] 28644  - [39m2026. 03. 24. 오전 2:36:13 [32m    LOG[39m [38;5;3m[CustomerOrdersController] [39m[32mUser d26831b8-20ef-4b10-8a1c-737a83d9b21f fetching orders (all branches)[39m
[32m[Nest] 28644  - [39m2026. 03. 24. 오전 2:36:13 [32m    LOG[39m [38;5;3m[CustomerOrdersService] [39m[32mFetching orders (all branches) by user d26831b8-20ef-4b10-8a1c-737a83d9b21f[39m
[32m[Nest] 28644  - [39m2026. 03. 24. 오전 2:36:13 [32m    LOG[39m [38;5;3m[CustomerOrdersController] [39m[32mUser d26831b8-20ef-4b10-8a1c-737a83d9b21f fetching orders (all branches)[39m
[32m[Nest] 28644  - [39m2026. 03. 24. 오전 2:36:13 [32m    LOG[39m [38;5;3m[CustomerOrdersService] [39m[32mFetching orders (all branches) by user d26831b8-20ef-4b10-8a1c-737a83d9b21f[39m
[32m[Nest] 28644  - [39m2026. 03. 24. 오전 2:36:13 [32m    LOG[39m [38;5;3m[CustomerOrdersController] [39m[32mUser d26831b8-20ef-4b10-8a1c-737a83d9b21f fetching orders (all branches)[39m
[32m[Nest] 28644  - [39m2026. 03. 24. 오전 2:36:13 [32m    LOG[39m [38;5;3m[CustomerOrdersService] [39m[32mFetching orders (all branches) by user d26831b8-20ef-4b10-8a1c-737a83d9b21f[39m
[32m[Nest] 28644  - [39m2026. 03. 24. 오전 2:36:13 [32m    LOG[39m [38;5;3m[CustomerOrdersController] [39m[32mUser d26831b8-20ef-4b10-8a1c-737a83d9b21f fetching orders (all branches)[39m
[32m[Nest] 28644  - [39m2026. 03. 24. 오전 2:36:13 [32m    LOG[39m [38;5;3m[CustomerOrdersService] [39m[32mFetching orders (all branches) by user d26831b8-20ef-4b10-8a1c-737a83d9b21f[39m
[32m[Nest] 28644  - [39m2026. 03. 24. 오전 2:36:13 [32m    LOG[39m [38;5;3m[CustomerOrdersService] [39m[32mFetched 8 orders[39m
[32m[Nest] 28644  - [39m2026. 03. 24. 오전 2:36:13 [32m    LOG[39m [38;5;3m[HTTP] [39m[32mGET /customer/orders?page=1&limit=20&dateStart=2026-03-24&dateEnd=2026-03-24 - 1620ms[39m
[32m[Nest] 28644  - [39m2026. 03. 24. 오전 2:36:13 [32m    LOG[39m [38;5;3m[CustomerOrdersController] [39m[32mUser d26831b8-20ef-4b10-8a1c-737a83d9b21f fetching orders (all branches)[39m
[32m[Nest] 28644  - [39m2026. 03. 24. 오전 2:36:13 [32m    LOG[39m [38;5;3m[CustomerOrdersService] [39m[32mFetching orders (all branches) by user d26831b8-20ef-4b10-8a1c-737a83d9b21f[39m
[32m[Nest] 28644  - [39m2026. 03. 24. 오전 2:36:13 [32m    LOG[39m [38;5;3m[CustomerOrdersService] [39m[32mFetched 12 orders[39m
[32m[Nest] 28644  - [39m2026. 03. 24. 오전 2:36:13 [32m    LOG[39m [38;5;3m[HTTP] [39m[32mGET /customer/orders?page=1&limit=20 - 1612ms[39m
[32m[Nest] 28644  - [39m2026. 03. 24. 오전 2:36:13 [32m    LOG[39m [38;5;3m[CustomerOrdersController] [39m[32mUser d26831b8-20ef-4b10-8a1c-737a83d9b21f fetching orders (all branches)[39m
[32m[Nest] 28644  - [39m2026. 03. 24. 오전 2:36:13 [32m    LOG[39m [38;5;3m[CustomerOrdersService] [39m[32mFetching orders (all branches) by user d26831b8-20ef-4b10-8a1c-737a83d9b21f[39m
[32m[Nest] 28644  - [39m2026. 03. 24. 오전 2:36:13 [32m    LOG[39m [38;5;3m[CustomerOrdersService] [39m[32mFetched 0 orders[39m
[32m[Nest] 28644  - [39m2026. 03. 24. 오전 2:36:13 [32m    LOG[39m [38;5;3m[HTTP] [39m[32mGET /customer/orders?page=1&limit=1&dateStart=2026-03-24&dateEnd=2026-03-24&status=CONFIRMED - 586ms[39m
[32m[Nest] 28644  - [39m2026. 03. 24. 오전 2:36:13 [32m    LOG[39m [38;5;3m[CustomerOrdersService] [39m[32mFetched 0 orders[39m
[32m[Nest] 28644  - [39m2026. 03. 24. 오전 2:36:13 [32m    LOG[39m [38;5;3m[HTTP] [39m[32mGET /customer/orders?page=1&limit=1&dateStart=2026-03-24&dateEnd=2026-03-24&status=PREPARING - 585ms[39m
[32m[Nest] 28644  - [39m2026. 03. 24. 오전 2:36:13 [32m    LOG[39m [38;5;3m[CustomerOrdersController] [39m[32mUser d26831b8-20ef-4b10-8a1c-737a83d9b21f fetching orders (all branches)[39m
[32m[Nest] 28644  - [39m2026. 03. 24. 오전 2:36:13 [32m    LOG[39m [38;5;3m[CustomerOrdersService] [39m[32mFetching orders (all branches) by user d26831b8-20ef-4b10-8a1c-737a83d9b21f[39m
[32m[Nest] 28644  - [39m2026. 03. 24. 오전 2:36:13 [32m    LOG[39m [38;5;3m[CustomerOrdersService] [39m[32mFetched 0 orders[39m
[32m[Nest] 28644  - [39m2026. 03. 24. 오전 2:36:13 [32m    LOG[39m [38;5;3m[HTTP] [39m[32mGET /customer/orders?page=1&limit=1&dateStart=2026-03-24&dateEnd=2026-03-24&status=READY - 669ms[39m
[32m[Nest] 28644  - [39m2026. 03. 24. 오전 2:36:13 [32m    LOG[39m [38;5;3m[CustomerOrdersService] [39m[32mFetched 0 orders[39m
[32m[Nest] 28644  - [39m2026. 03. 24. 오전 2:36:13 [32m    LOG[39m [38;5;3m[HTTP] [39m[32mGET /customer/orders?page=1&limit=1&dateStart=2026-03-24&dateEnd=2026-03-24&status=CANCELLED - 511ms[39m
[32m[Nest] 28644  - [39m2026. 03. 24. 오전 2:36:14 [32m    LOG[39m [38;5;3m[CustomerOrdersService] [39m[32mFetched 0 orders[39m
[32m[Nest] 28644  - [39m2026. 03. 24. 오전 2:36:14 [32m    LOG[39m [38;5;3m[HTTP] [39m[32mGET /customer/orders?page=1&limit=1&dateStart=2026-03-24&dateEnd=2026-03-24&status=COMPLETED - 475ms[39m
[32m[Nest] 28644  - [39m2026. 03. 24. 오전 2:36:14 [32m    LOG[39m [38;5;3m[CustomerOrdersService] [39m[32mFetched 0 orders[39m
[32m[Nest] 28644  - [39m2026. 03. 24. 오전 2:36:14 [32m    LOG[39m [38;5;3m[HTTP] [39m[32mGET /customer/orders?page=1&limit=1&dateStart=2026-03-24&dateEnd=2026-03-24&status=REFUNDED - 507ms[39m
[33m[Nest] 28644  - [39m2026. 03. 24. 오전 2:36:14 [33m   WARN[39m [38;5;3m[CustomerOrdersService] [39m[33mFailed to load order payment methods for customer orders: column orders.payment_method does not exist[39m
[32m[Nest] 28644  - [39m2026. 03. 24. 오전 2:36:14 [32m    LOG[39m [38;5;3m[CustomerOrdersService] [39m[32mFetched 1 orders[39m
[32m[Nest] 28644  - [39m2026. 03. 24. 오전 2:36:14 [32m    LOG[39m [38;5;3m[HTTP] [39m[32mGET /customer/orders?page=1&limit=1&dateStart=2026-03-24&dateEnd=2026-03-24&status=CREATED - 1687ms[39m
[32m[Nest] 28644  - [39m2026. 03. 24. 오전 2:36:17 [32m    LOG[39m [38;5;3m[CustomerBranchesController] [39m[32mUser d26831b8-20ef-4b10-8a1c-737a83d9b21f fetching branches (all)[39m
[32m[Nest] 28644  - [39m2026. 03. 24. 오전 2:36:17 [32m    LOG[39m [38;5;3m[CustomerBranchesService] [39m[32mFetching all accessible branches for user d26831b8-20ef-4b10-8a1c-737a83d9b21f[39m
[32m[Nest] 28644  - [39m2026. 03. 24. 오전 2:36:17 [32m    LOG[39m [38;5;3m[InventoryController] [39m[32mUser d26831b8-20ef-4b10-8a1c-737a83d9b21f fetching low stock alerts for all branches[39m
[32m[Nest] 28644  - [39m2026. 03. 24. 오전 2:36:17 [32m    LOG[39m [38;5;3m[InventoryService] [39m[32mFetching low stock alerts for all branches by user d26831b8-20ef-4b10-8a1c-737a83d9b21f[39m
[32m[Nest] 28644  - [39m2026. 03. 24. 오전 2:36:18 [32m    LOG[39m [38;5;3m[CustomerBranchesService] [39m[32mFetched 3 accessible branches for user d26831b8-20ef-4b10-8a1c-737a83d9b21f[39m
[32m[Nest] 28644  - [39m2026. 03. 24. 오전 2:36:18 [32m    LOG[39m [38;5;3m[HTTP] [39m[32mGET /customer/branches - 168ms[39m
[32m[Nest] 28644  - [39m2026. 03. 24. 오전 2:36:18 [32m    LOG[39m [38;5;3m[CustomerGuard] [39m[32mCustomerGuard: User d26831b8-20ef-4b10-8a1c-737a83d9b21f authorized with 1 brand(s) and 0 branch(es)[39m
[32m[Nest] 28644  - [39m2026. 03. 24. 오전 2:36:18 [32m    LOG[39m [38;5;3m[CustomerOrdersController] [39m[32mUser d26831b8-20ef-4b10-8a1c-737a83d9b21f fetching orders (all branches)[39m
[32m[Nest] 28644  - [39m2026. 03. 24. 오전 2:36:18 [32m    LOG[39m [38;5;3m[CustomerOrdersService] [39m[32mFetching orders (all branches) by user d26831b8-20ef-4b10-8a1c-737a83d9b21f[39m
[32m[Nest] 28644  - [39m2026. 03. 24. 오전 2:36:18 [32m    LOG[39m [38;5;3m[CustomerGuard] [39m[32mCustomerGuard: User d26831b8-20ef-4b10-8a1c-737a83d9b21f authorized with 1 brand(s) and 0 branch(es)[39m
[32m[Nest] 28644  - [39m2026. 03. 24. 오전 2:36:18 [32m    LOG[39m [38;5;3m[CustomerOrdersController] [39m[32mUser d26831b8-20ef-4b10-8a1c-737a83d9b21f fetching orders (all branches)[39m
[32m[Nest] 28644  - [39m2026. 03. 24. 오전 2:36:18 [32m    LOG[39m [38;5;3m[CustomerOrdersService] [39m[32mFetching orders (all branches) by user d26831b8-20ef-4b10-8a1c-737a83d9b21f[39m
[32m[Nest] 28644  - [39m2026. 03. 24. 오전 2:36:18 [32m    LOG[39m [38;5;3m[InventoryService] [39m[32mFound 6 low stock items for all branches[39m
[32m[Nest] 28644  - [39m2026. 03. 24. 오전 2:36:18 [32m    LOG[39m [38;5;3m[HTTP] [39m[32mGET /customer/inventory/alerts - 360ms[39m
[32m[Nest] 28644  - [39m2026. 03. 24. 오전 2:36:18 [32m    LOG[39m [38;5;3m[CustomerOrdersController] [39m[32mUser d26831b8-20ef-4b10-8a1c-737a83d9b21f fetching orders (all branches)[39m
[32m[Nest] 28644  - [39m2026. 03. 24. 오전 2:36:18 [32m    LOG[39m [38;5;3m[CustomerOrdersService] [39m[32mFetching orders (all branches) by user d26831b8-20ef-4b10-8a1c-737a83d9b21f[39m
[32m[Nest] 28644  - [39m2026. 03. 24. 오전 2:36:18 [32m    LOG[39m [38;5;3m[CustomerBrandsService] [39m[32mFetching brands for user: d26831b8-20ef-4b10-8a1c-737a83d9b21f[39m
[32m[Nest] 28644  - [39m2026. 03. 24. 오전 2:36:18 [32m    LOG[39m [38;5;3m[CustomerBrandsService] [39m[32mFetched 1 brands for user: d26831b8-20ef-4b10-8a1c-737a83d9b21f[39m
[32m[Nest] 28644  - [39m2026. 03. 24. 오전 2:36:18 [32m    LOG[39m [38;5;3m[HTTP] [39m[32mGET /customer/brands - 181ms[39m
[32m[Nest] 28644  - [39m2026. 03. 24. 오전 2:36:18 [32m    LOG[39m [38;5;3m[HTTP] [39m[32mGET /me - 204ms[39m
[33m[Nest] 28644  - [39m2026. 03. 24. 오전 2:36:19 [33m   WARN[39m [38;5;3m[CustomerOrdersService] [39m[33mFailed to load order payment methods for customer orders: column orders.payment_method does not exist[39m
[33m[Nest] 28644  - [39m2026. 03. 24. 오전 2:36:19 [33m   WARN[39m [38;5;3m[CustomerOrdersService] [39m[33mFailed to load order payment methods for customer orders: column orders.payment_method does not exist[39m
[33m[Nest] 28644  - [39m2026. 03. 24. 오전 2:36:19 [33m   WARN[39m [38;5;3m[CustomerOrdersService] [39m[33mFailed to load order payment methods for customer orders: column orders.payment_method does not exist[39m
[32m[Nest] 28644  - [39m2026. 03. 24. 오전 2:36:19 [32m    LOG[39m [38;5;3m[CustomerOrdersService] [39m[32mFetched 1 orders[39m
[32m[Nest] 28644  - [39m2026. 03. 24. 오전 2:36:19 [32m    LOG[39m [38;5;3m[HTTP] [39m[32mGET /customer/orders?page=1&limit=1&dateStart=2026-03-24&dateEnd=2026-03-24 - 1483ms[39m
[32m[Nest] 28644  - [39m2026. 03. 24. 오전 2:36:19 [32m    LOG[39m [38;5;3m[CustomerOrdersController] [39m[32mUser d26831b8-20ef-4b10-8a1c-737a83d9b21f fetching orders (all branches)[39m
[32m[Nest] 28644  - [39m2026. 03. 24. 오전 2:36:19 [32m    LOG[39m [38;5;3m[CustomerOrdersService] [39m[32mFetching orders (all branches) by user d26831b8-20ef-4b10-8a1c-737a83d9b21f[39m
[32m[Nest] 28644  - [39m2026. 03. 24. 오전 2:36:19 [32m    LOG[39m [38;5;3m[CustomerOrdersController] [39m[32mUser d26831b8-20ef-4b10-8a1c-737a83d9b21f fetching orders (all branches)[39m
[32m[Nest] 28644  - [39m2026. 03. 24. 오전 2:36:19 [32m    LOG[39m [38;5;3m[CustomerOrdersService] [39m[32mFetching orders (all branches) by user d26831b8-20ef-4b10-8a1c-737a83d9b21f[39m
[32m[Nest] 28644  - [39m2026. 03. 24. 오전 2:36:19 [32m    LOG[39m [38;5;3m[CustomerOrdersController] [39m[32mUser d26831b8-20ef-4b10-8a1c-737a83d9b21f fetching orders (all branches)[39m
[32m[Nest] 28644  - [39m2026. 03. 24. 오전 2:36:19 [32m    LOG[39m [38;5;3m[CustomerOrdersService] [39m[32mFetching orders (all branches) by user d26831b8-20ef-4b10-8a1c-737a83d9b21f[39m
[32m[Nest] 28644  - [39m2026. 03. 24. 오전 2:36:19 [32m    LOG[39m [38;5;3m[CustomerOrdersController] [39m[32mUser d26831b8-20ef-4b10-8a1c-737a83d9b21f fetching orders (all branches)[39m
[32m[Nest] 28644  - [39m2026. 03. 24. 오전 2:36:19 [32m    LOG[39m [38;5;3m[CustomerOrdersService] [39m[32mFetching orders (all branches) by user d26831b8-20ef-4b10-8a1c-737a83d9b21f[39m
[32m[Nest] 28644  - [39m2026. 03. 24. 오전 2:36:19 [32m    LOG[39m [38;5;3m[CustomerOrdersService] [39m[32mFetched 8 orders[39m
[32m[Nest] 28644  - [39m2026. 03. 24. 오전 2:36:19 [32m    LOG[39m [38;5;3m[HTTP] [39m[32mGET /customer/orders?page=1&limit=20&dateStart=2026-03-24&dateEnd=2026-03-24 - 1502ms[39m
[32m[Nest] 28644  - [39m2026. 03. 24. 오전 2:36:19 [32m    LOG[39m [38;5;3m[CustomerOrdersController] [39m[32mUser d26831b8-20ef-4b10-8a1c-737a83d9b21f fetching orders (all branches)[39m
[32m[Nest] 28644  - [39m2026. 03. 24. 오전 2:36:19 [32m    LOG[39m [38;5;3m[CustomerOrdersService] [39m[32mFetching orders (all branches) by user d26831b8-20ef-4b10-8a1c-737a83d9b21f[39m
[32m[Nest] 28644  - [39m2026. 03. 24. 오전 2:36:19 [32m    LOG[39m [38;5;3m[CustomerOrdersService] [39m[32mFetched 12 orders[39m
[32m[Nest] 28644  - [39m2026. 03. 24. 오전 2:36:19 [32m    LOG[39m [38;5;3m[HTTP] [39m[32mGET /customer/orders?page=1&limit=20 - 1486ms[39m
[32m[Nest] 28644  - [39m2026. 03. 24. 오전 2:36:19 [32m    LOG[39m [38;5;3m[CustomerOrdersController] [39m[32mUser d26831b8-20ef-4b10-8a1c-737a83d9b21f fetching orders (all branches)[39m
[32m[Nest] 28644  - [39m2026. 03. 24. 오전 2:36:19 [32m    LOG[39m [38;5;3m[CustomerOrdersService] [39m[32mFetching orders (all branches) by user d26831b8-20ef-4b10-8a1c-737a83d9b21f[39m
[32m[Nest] 28644  - [39m2026. 03. 24. 오전 2:36:20 [32m    LOG[39m [38;5;3m[CustomerOrdersService] [39m[32mFetched 0 orders[39m
[32m[Nest] 28644  - [39m2026. 03. 24. 오전 2:36:20 [32m    LOG[39m [38;5;3m[HTTP] [39m[32mGET /customer/orders?page=1&limit=1&dateStart=2026-03-24&dateEnd=2026-03-24&status=PREPARING - 488ms[39m
[32m[Nest] 28644  - [39m2026. 03. 24. 오전 2:36:20 [32m    LOG[39m [38;5;3m[CustomerOrdersController] [39m[32mUser d26831b8-20ef-4b10-8a1c-737a83d9b21f fetching orders (all branches)[39m
[32m[Nest] 28644  - [39m2026. 03. 24. 오전 2:36:20 [32m    LOG[39m [38;5;3m[CustomerOrdersService] [39m[32mFetching orders (all branches) by user d26831b8-20ef-4b10-8a1c-737a83d9b21f[39m
[32m[Nest] 28644  - [39m2026. 03. 24. 오전 2:36:20 [32m    LOG[39m [38;5;3m[CustomerOrdersService] [39m[32mFetched 0 orders[39m
[32m[Nest] 28644  - [39m2026. 03. 24. 오전 2:36:20 [32m    LOG[39m [38;5;3m[HTTP] [39m[32mGET /customer/orders?page=1&limit=1&dateStart=2026-03-24&dateEnd=2026-03-24&status=CONFIRMED - 521ms[39m
[32m[Nest] 28644  - [39m2026. 03. 24. 오전 2:36:20 [32m    LOG[39m [38;5;3m[CustomerOrdersService] [39m[32mFetched 0 orders[39m
[32m[Nest] 28644  - [39m2026. 03. 24. 오전 2:36:20 [32m    LOG[39m [38;5;3m[HTTP] [39m[32mGET /customer/orders?page=1&limit=1&dateStart=2026-03-24&dateEnd=2026-03-24&status=READY - 520ms[39m
[32m[Nest] 28644  - [39m2026. 03. 24. 오전 2:36:20 [32m    LOG[39m [38;5;3m[CustomerOrdersService] [39m[32mFetched 0 orders[39m
[32m[Nest] 28644  - [39m2026. 03. 24. 오전 2:36:20 [32m    LOG[39m [38;5;3m[HTTP] [39m[32mGET /customer/orders?page=1&limit=1&dateStart=2026-03-24&dateEnd=2026-03-24&status=COMPLETED - 524ms[39m
[32m[Nest] 28644  - [39m2026. 03. 24. 오전 2:36:20 [32m    LOG[39m [38;5;3m[CustomerOrdersService] [39m[32mFetched 0 orders[39m
[32m[Nest] 28644  - [39m2026. 03. 24. 오전 2:36:20 [32m    LOG[39m [38;5;3m[HTTP] [39m[32mGET /customer/orders?page=1&limit=1&dateStart=2026-03-24&dateEnd=2026-03-24&status=CANCELLED - 505ms[39m
[32m[Nest] 28644  - [39m2026. 03. 24. 오전 2:36:20 [32m    LOG[39m [38;5;3m[CustomerOrdersService] [39m[32mFetched 0 orders[39m
[32m[Nest] 28644  - [39m2026. 03. 24. 오전 2:36:20 [32m    LOG[39m [38;5;3m[HTTP] [39m[32mGET /customer/orders?page=1&limit=1&dateStart=2026-03-24&dateEnd=2026-03-24&status=REFUNDED - 509ms[39m
[33m[Nest] 28644  - [39m2026. 03. 24. 오전 2:36:20 [33m   WARN[39m [38;5;3m[CustomerOrdersService] [39m[33mFailed to load order payment methods for customer orders: column orders.payment_method does not exist[39m
[32m[Nest] 28644  - [39m2026. 03. 24. 오전 2:36:21 [32m    LOG[39m [38;5;3m[CustomerOrdersService] [39m[32mFetched 1 orders[39m
[32m[Nest] 28644  - [39m2026. 03. 24. 오전 2:36:21 [32m    LOG[39m [38;5;3m[HTTP] [39m[32mGET /customer/orders?page=1&limit=1&dateStart=2026-03-24&dateEnd=2026-03-24&status=CREATED - 1516ms[39m
[32m[Nest] 28644  - [39m2026. 03. 24. 오전 2:36:28 [32m    LOG[39m [38;5;3m[CustomerOrdersController] [39m[32mUser d26831b8-20ef-4b10-8a1c-737a83d9b21f fetching orders (all branches)[39m
[32m[Nest] 28644  - [39m2026. 03. 24. 오전 2:36:28 [32m    LOG[39m [38;5;3m[CustomerOrdersService] [39m[32mFetching orders (all branches) by user d26831b8-20ef-4b10-8a1c-737a83d9b21f[39m
[32m[Nest] 28644  - [39m2026. 03. 24. 오전 2:36:28 [32m    LOG[39m [38;5;3m[CustomerOrdersController] [39m[32mUser d26831b8-20ef-4b10-8a1c-737a83d9b21f fetching orders (all branches)[39m
[32m[Nest] 28644  - [39m2026. 03. 24. 오전 2:36:28 [32m    LOG[39m [38;5;3m[CustomerOrdersService] [39m[32mFetching orders (all branches) by user d26831b8-20ef-4b10-8a1c-737a83d9b21f[39m
[33m[Nest] 28644  - [39m2026. 03. 24. 오전 2:36:29 [33m   WARN[39m [38;5;3m[CustomerOrdersService] [39m[33mFailed to load order payment methods for customer orders: column orders.payment_method does not exist[39m
[33m[Nest] 28644  - [39m2026. 03. 24. 오전 2:36:29 [33m   WARN[39m [38;5;3m[CustomerOrdersService] [39m[33mFailed to load order payment methods for customer orders: column orders.payment_method does not exist[39m
[32m[Nest] 28644  - [39m2026. 03. 24. 오전 2:36:29 [32m    LOG[39m [38;5;3m[CustomerOrdersService] [39m[32mFetched 8 orders[39m
[32m[Nest] 28644  - [39m2026. 03. 24. 오전 2:36:29 [32m    LOG[39m [38;5;3m[HTTP] [39m[32mGET /customer/orders?page=1&limit=20&dateStart=2026-03-24&dateEnd=2026-03-24 - 1570ms[39m
[32m[Nest] 28644  - [39m2026. 03. 24. 오전 2:36:29 [32m    LOG[39m [38;5;3m[CustomerOrdersService] [39m[32mFetched 1 orders[39m
[32m[Nest] 28644  - [39m2026. 03. 24. 오전 2:36:29 [32m    LOG[39m [38;5;3m[HTTP] [39m[32mGET /customer/orders?page=1&limit=1&dateStart=2026-03-24&dateEnd=2026-03-24 - 1585ms[39m
[32m[Nest] 28644  - [39m2026. 03. 24. 오전 2:36:29 [32m    LOG[39m [38;5;3m[CustomerOrdersController] [39m[32mUser d26831b8-20ef-4b10-8a1c-737a83d9b21f fetching orders (all branches)[39m
[32m[Nest] 28644  - [39m2026. 03. 24. 오전 2:36:29 [32m    LOG[39m [38;5;3m[CustomerOrdersService] [39m[32mFetching orders (all branches) by user d26831b8-20ef-4b10-8a1c-737a83d9b21f[39m
[32m[Nest] 28644  - [39m2026. 03. 24. 오전 2:36:29 [32m    LOG[39m [38;5;3m[CustomerOrdersController] [39m[32mUser d26831b8-20ef-4b10-8a1c-737a83d9b21f fetching orders (all branches)[39m
[32m[Nest] 28644  - [39m2026. 03. 24. 오전 2:36:29 [32m    LOG[39m [38;5;3m[CustomerOrdersService] [39m[32mFetching orders (all branches) by user d26831b8-20ef-4b10-8a1c-737a83d9b21f[39m
[32m[Nest] 28644  - [39m2026. 03. 24. 오전 2:36:29 [32m    LOG[39m [38;5;3m[CustomerOrdersController] [39m[32mUser d26831b8-20ef-4b10-8a1c-737a83d9b21f fetching orders (all branches)[39m
[32m[Nest] 28644  - [39m2026. 03. 24. 오전 2:36:29 [32m    LOG[39m [38;5;3m[CustomerOrdersService] [39m[32mFetching orders (all branches) by user d26831b8-20ef-4b10-8a1c-737a83d9b21f[39m
[32m[Nest] 28644  - [39m2026. 03. 24. 오전 2:36:29 [32m    LOG[39m [38;5;3m[CustomerOrdersController] [39m[32mUser d26831b8-20ef-4b10-8a1c-737a83d9b21f fetching orders (all branches)[39m
[32m[Nest] 28644  - [39m2026. 03. 24. 오전 2:36:29 [32m    LOG[39m [38;5;3m[CustomerOrdersService] [39m[32mFetching orders (all branches) by user d26831b8-20ef-4b10-8a1c-737a83d9b21f[39m
[32m[Nest] 28644  - [39m2026. 03. 24. 오전 2:36:29 [32m    LOG[39m [38;5;3m[CustomerOrdersController] [39m[32mUser d26831b8-20ef-4b10-8a1c-737a83d9b21f fetching orders (all branches)[39m
[32m[Nest] 28644  - [39m2026. 03. 24. 오전 2:36:29 [32m    LOG[39m [38;5;3m[CustomerOrdersService] [39m[32mFetching orders (all branches) by user d26831b8-20ef-4b10-8a1c-737a83d9b21f[39m
[32m[Nest] 28644  - [39m2026. 03. 24. 오전 2:36:29 [32m    LOG[39m [38;5;3m[CustomerOrdersController] [39m[32mUser d26831b8-20ef-4b10-8a1c-737a83d9b21f fetching orders (all branches)[39m
[32m[Nest] 28644  - [39m2026. 03. 24. 오전 2:36:29 [32m    LOG[39m [38;5;3m[CustomerOrdersService] [39m[32mFetching orders (all branches) by user d26831b8-20ef-4b10-8a1c-737a83d9b21f[39m
[32m[Nest] 28644  - [39m2026. 03. 24. 오전 2:36:30 [32m    LOG[39m [38;5;3m[CustomerOrdersService] [39m[32mFetched 0 orders[39m
[32m[Nest] 28644  - [39m2026. 03. 24. 오전 2:36:30 [32m    LOG[39m [38;5;3m[HTTP] [39m[32mGET /customer/orders?page=1&limit=1&dateStart=2026-03-24&dateEnd=2026-03-24&status=PREPARING - 510ms[39m
[32m[Nest] 28644  - [39m2026. 03. 24. 오전 2:36:30 [32m    LOG[39m [38;5;3m[CustomerOrdersService] [39m[32mFetched 0 orders[39m
[32m[Nest] 28644  - [39m2026. 03. 24. 오전 2:36:30 [32m    LOG[39m [38;5;3m[HTTP] [39m[32mGET /customer/orders?page=1&limit=1&dateStart=2026-03-24&dateEnd=2026-03-24&status=CONFIRMED - 513ms[39m
[32m[Nest] 28644  - [39m2026. 03. 24. 오전 2:36:30 [32m    LOG[39m [38;5;3m[CustomerOrdersController] [39m[32mUser d26831b8-20ef-4b10-8a1c-737a83d9b21f fetching orders (all branches)[39m
[32m[Nest] 28644  - [39m2026. 03. 24. 오전 2:36:30 [32m    LOG[39m [38;5;3m[CustomerOrdersService] [39m[32mFetching orders (all branches) by user d26831b8-20ef-4b10-8a1c-737a83d9b21f[39m
[32m[Nest] 28644  - [39m2026. 03. 24. 오전 2:36:30 [32m    LOG[39m [38;5;3m[CustomerOrdersService] [39m[32mFetched 0 orders[39m
[32m[Nest] 28644  - [39m2026. 03. 24. 오전 2:36:30 [32m    LOG[39m [38;5;3m[HTTP] [39m[32mGET /customer/orders?page=1&limit=1&dateStart=2026-03-24&dateEnd=2026-03-24&status=READY - 538ms[39m
[32m[Nest] 28644  - [39m2026. 03. 24. 오전 2:36:30 [32m    LOG[39m [38;5;3m[CustomerOrdersService] [39m[32mFetched 0 orders[39m
[32m[Nest] 28644  - [39m2026. 03. 24. 오전 2:36:30 [32m    LOG[39m [38;5;3m[HTTP] [39m[32mGET /customer/orders?page=1&limit=1&dateStart=2026-03-24&dateEnd=2026-03-24&status=CANCELLED - 544ms[39m
[32m[Nest] 28644  - [39m2026. 03. 24. 오전 2:36:30 [32m    LOG[39m [38;5;3m[CustomerOrdersService] [39m[32mFetched 0 orders[39m
[32m[Nest] 28644  - [39m2026. 03. 24. 오전 2:36:30 [32m    LOG[39m [38;5;3m[HTTP] [39m[32mGET /customer/orders?page=1&limit=1&dateStart=2026-03-24&dateEnd=2026-03-24&status=COMPLETED - 565ms[39m
[33m[Nest] 28644  - [39m2026. 03. 24. 오전 2:36:30 [33m   WARN[39m [38;5;3m[DepositSyncService] [39m[33mShared deposit sheet mapping detected for "시트1" in spreadsheet "1MSwPe5z2ebuU1xNginda2Rt4d4sLrBXh9p5M4rNSKPI" across 2 branches. Deposit rows will be matched across those branches.[39m
[33m[Nest] 28644  - [39m2026. 03. 24. 오전 2:36:30 [33m   WARN[39m [38;5;3m[CustomerOrdersService] [39m[33mFailed to load order payment methods for customer orders: column orders.payment_method does not exist[39m
[32m[Nest] 28644  - [39m2026. 03. 24. 오전 2:36:30 [32m    LOG[39m [38;5;3m[CustomerOrdersService] [39m[32mFetched 0 orders[39m
[32m[Nest] 28644  - [39m2026. 03. 24. 오전 2:36:30 [32m    LOG[39m [38;5;3m[HTTP] [39m[32mGET /customer/orders?page=1&limit=1&dateStart=2026-03-24&dateEnd=2026-03-24&status=REFUNDED - 715ms[39m
[32m[Nest] 28644  - [39m2026. 03. 24. 오전 2:36:31 [32m    LOG[39m [38;5;3m[CustomerOrdersService] [39m[32mFetched 1 orders[39m
[32m[Nest] 28644  - [39m2026. 03. 24. 오전 2:36:31 [32m    LOG[39m [38;5;3m[HTTP] [39m[32mGET /customer/orders?page=1&limit=1&dateStart=2026-03-24&dateEnd=2026-03-24&status=CREATED - 1694ms[39m
[31m[Nest] 28644  - [39m2026. 03. 24. 오전 2:36:33 [31m  ERROR[39m [38;5;3m[DepositSyncService] [39m[31mFailed to auto-match deposit row 22[39m
[31m[Nest] 28644  - [39m2026. 03. 24. 오전 2:36:33 [31m  ERROR[39m [38;5;3m[DepositSyncService] [39mObject(4) {
  code: [32m'P0001'[39m,
  details: [1mnull[22m,
  hint: [1mnull[22m,
  message: [32m'Invalid order status transition: CREATED -> PREPARING'[39m
}
[32m[Nest] 28644  - [39m2026. 03. 24. 오전 2:36:34 [32m    LOG[39m [38;5;3m[CustomerOrdersController] [39m[32mUser d26831b8-20ef-4b10-8a1c-737a83d9b21f fetching orders (all branches)[39m
[32m[Nest] 28644  - [39m2026. 03. 24. 오전 2:36:34 [32m    LOG[39m [38;5;3m[CustomerOrdersService] [39m[32mFetching orders (all branches) by user d26831b8-20ef-4b10-8a1c-737a83d9b21f[39m
[32m[Nest] 28644  - [39m2026. 03. 24. 오전 2:36:34 [32m    LOG[39m [38;5;3m[CustomerOrdersController] [39m[32mUser d26831b8-20ef-4b10-8a1c-737a83d9b21f fetching orders (all branches)[39m
[32m[Nest] 28644  - [39m2026. 03. 24. 오전 2:36:34 [32m    LOG[39m [38;5;3m[CustomerOrdersService] [39m[32mFetching orders (all branches) by user d26831b8-20ef-4b10-8a1c-737a83d9b21f[39m
[32m[Nest] 28644  - [39m2026. 03. 24. 오전 2:36:34 [32m    LOG[39m [38;5;3m[InventoryController] [39m[32mUser d26831b8-20ef-4b10-8a1c-737a83d9b21f fetching low stock alerts for all branches[39m
[32m[Nest] 28644  - [39m2026. 03. 24. 오전 2:36:34 [32m    LOG[39m [38;5;3m[InventoryService] [39m[32mFetching low stock alerts for all branches by user d26831b8-20ef-4b10-8a1c-737a83d9b21f[39m
[32m[Nest] 28644  - [39m2026. 03. 24. 오전 2:36:34 [32m    LOG[39m [38;5;3m[CustomerGuard] [39m[32mCustomerGuard: User d26831b8-20ef-4b10-8a1c-737a83d9b21f authorized with 1 brand(s) and 0 branch(es)[39m
[32m[Nest] 28644  - [39m2026. 03. 24. 오전 2:36:34 [32m    LOG[39m [38;5;3m[CustomerBranchesController] [39m[32mUser d26831b8-20ef-4b10-8a1c-737a83d9b21f fetching branches (all)[39m
[32m[Nest] 28644  - [39m2026. 03. 24. 오전 2:36:34 [32m    LOG[39m [38;5;3m[CustomerBranchesService] [39m[32mFetching all accessible branches for user d26831b8-20ef-4b10-8a1c-737a83d9b21f[39m
[32m[Nest] 28644  - [39m2026. 03. 24. 오전 2:36:34 [32m    LOG[39m [38;5;3m[InventoryService] [39m[32mFound 6 low stock items for all branches[39m
[32m[Nest] 28644  - [39m2026. 03. 24. 오전 2:36:34 [32m    LOG[39m [38;5;3m[HTTP] [39m[32mGET /customer/inventory/alerts - 356ms[39m
[32m[Nest] 28644  - [39m2026. 03. 24. 오전 2:36:34 [32m    LOG[39m [38;5;3m[CustomerOrdersController] [39m[32mUser d26831b8-20ef-4b10-8a1c-737a83d9b21f fetching orders (all branches)[39m
[32m[Nest] 28644  - [39m2026. 03. 24. 오전 2:36:34 [32m    LOG[39m [38;5;3m[CustomerOrdersService] [39m[32mFetching orders (all branches) by user d26831b8-20ef-4b10-8a1c-737a83d9b21f[39m
[32m[Nest] 28644  - [39m2026. 03. 24. 오전 2:36:34 [32m    LOG[39m [38;5;3m[CustomerBranchesService] [39m[32mFetched 3 accessible branches for user d26831b8-20ef-4b10-8a1c-737a83d9b21f[39m
[32m[Nest] 28644  - [39m2026. 03. 24. 오전 2:36:34 [32m    LOG[39m [38;5;3m[HTTP] [39m[32mGET /customer/branches - 173ms[39m
[32m[Nest] 28644  - [39m2026. 03. 24. 오전 2:36:35 [32m    LOG[39m [38;5;3m[HTTP] [39m[32mGET /me - 197ms[39m
[32m[Nest] 28644  - [39m2026. 03. 24. 오전 2:36:35 [32m    LOG[39m [38;5;3m[CustomerGuard] [39m[32mCustomerGuard: User d26831b8-20ef-4b10-8a1c-737a83d9b21f authorized with 1 brand(s) and 0 branch(es)[39m
[32m[Nest] 28644  - [39m2026. 03. 24. 오전 2:36:35 [32m    LOG[39m [38;5;3m[CustomerBrandsService] [39m[32mFetching brands for user: d26831b8-20ef-4b10-8a1c-737a83d9b21f[39m
[32m[Nest] 28644  - [39m2026. 03. 24. 오전 2:36:35 [32m    LOG[39m [38;5;3m[CustomerBrandsService] [39m[32mFetched 1 brands for user: d26831b8-20ef-4b10-8a1c-737a83d9b21f[39m
[32m[Nest] 28644  - [39m2026. 03. 24. 오전 2:36:35 [32m    LOG[39m [38;5;3m[HTTP] [39m[32mGET /customer/brands - 171ms[39m
[33m[Nest] 28644  - [39m2026. 03. 24. 오전 2:36:35 [33m   WARN[39m [38;5;3m[CustomerOrdersService] [39m[33mFailed to load order payment methods for customer orders: column orders.payment_method does not exist[39m
[33m[Nest] 28644  - [39m2026. 03. 24. 오전 2:36:35 [33m   WARN[39m [38;5;3m[CustomerOrdersService] [39m[33mFailed to load order payment methods for customer orders: column orders.payment_method does not exist[39m
[33m[Nest] 28644  - [39m2026. 03. 24. 오전 2:36:35 [33m   WARN[39m [38;5;3m[CustomerOrdersService] [39m[33mFailed to load order payment methods for customer orders: column orders.payment_method does not exist[39m
[32m[Nest] 28644  - [39m2026. 03. 24. 오전 2:36:35 [32m    LOG[39m [38;5;3m[CustomerOrdersService] [39m[32mFetched 1 orders[39m
[32m[Nest] 28644  - [39m2026. 03. 24. 오전 2:36:35 [32m    LOG[39m [38;5;3m[HTTP] [39m[32mGET /customer/orders?page=1&limit=1&dateStart=2026-03-24&dateEnd=2026-03-24 - 1494ms[39m
[32m[Nest] 28644  - [39m2026. 03. 24. 오전 2:36:35 [32m    LOG[39m [38;5;3m[CustomerOrdersController] [39m[32mUser d26831b8-20ef-4b10-8a1c-737a83d9b21f fetching orders (all branches)[39m
[32m[Nest] 28644  - [39m2026. 03. 24. 오전 2:36:35 [32m    LOG[39m [38;5;3m[CustomerOrdersService] [39m[32mFetching orders (all branches) by user d26831b8-20ef-4b10-8a1c-737a83d9b21f[39m
[32m[Nest] 28644  - [39m2026. 03. 24. 오전 2:36:35 [32m    LOG[39m [38;5;3m[CustomerOrdersController] [39m[32mUser d26831b8-20ef-4b10-8a1c-737a83d9b21f fetching orders (all branches)[39m
[32m[Nest] 28644  - [39m2026. 03. 24. 오전 2:36:35 [32m    LOG[39m [38;5;3m[CustomerOrdersService] [39m[32mFetching orders (all branches) by user d26831b8-20ef-4b10-8a1c-737a83d9b21f[39m
[32m[Nest] 28644  - [39m2026. 03. 24. 오전 2:36:35 [32m    LOG[39m [38;5;3m[CustomerOrdersController] [39m[32mUser d26831b8-20ef-4b10-8a1c-737a83d9b21f fetching orders (all branches)[39m
[32m[Nest] 28644  - [39m2026. 03. 24. 오전 2:36:35 [32m    LOG[39m [38;5;3m[CustomerOrdersService] [39m[32mFetching orders (all branches) by user d26831b8-20ef-4b10-8a1c-737a83d9b21f[39m
[32m[Nest] 28644  - [39m2026. 03. 24. 오전 2:36:35 [32m    LOG[39m [38;5;3m[CustomerOrdersController] [39m[32mUser d26831b8-20ef-4b10-8a1c-737a83d9b21f fetching orders (all branches)[39m
[32m[Nest] 28644  - [39m2026. 03. 24. 오전 2:36:35 [32m    LOG[39m [38;5;3m[CustomerOrdersService] [39m[32mFetching orders (all branches) by user d26831b8-20ef-4b10-8a1c-737a83d9b21f[39m
[32m[Nest] 28644  - [39m2026. 03. 24. 오전 2:36:35 [32m    LOG[39m [38;5;3m[CustomerOrdersService] [39m[32mFetched 8 orders[39m
[32m[Nest] 28644  - [39m2026. 03. 24. 오전 2:36:35 [32m    LOG[39m [38;5;3m[HTTP] [39m[32mGET /customer/orders?page=1&limit=20&dateStart=2026-03-24&dateEnd=2026-03-24 - 1521ms[39m
[32m[Nest] 28644  - [39m2026. 03. 24. 오전 2:36:35 [32m    LOG[39m [38;5;3m[CustomerOrdersController] [39m[32mUser d26831b8-20ef-4b10-8a1c-737a83d9b21f fetching orders (all branches)[39m
[32m[Nest] 28644  - [39m2026. 03. 24. 오전 2:36:35 [32m    LOG[39m [38;5;3m[CustomerOrdersService] [39m[32mFetching orders (all branches) by user d26831b8-20ef-4b10-8a1c-737a83d9b21f[39m
[32m[Nest] 28644  - [39m2026. 03. 24. 오전 2:36:36 [32m    LOG[39m [38;5;3m[CustomerOrdersService] [39m[32mFetched 12 orders[39m
[32m[Nest] 28644  - [39m2026. 03. 24. 오전 2:36:36 [32m    LOG[39m [38;5;3m[HTTP] [39m[32mGET /customer/orders?page=1&limit=20 - 1505ms[39m
[32m[Nest] 28644  - [39m2026. 03. 24. 오전 2:36:36 [32m    LOG[39m [38;5;3m[CustomerOrdersController] [39m[32mUser d26831b8-20ef-4b10-8a1c-737a83d9b21f fetching orders (all branches)[39m
[32m[Nest] 28644  - [39m2026. 03. 24. 오전 2:36:36 [32m    LOG[39m [38;5;3m[CustomerOrdersService] [39m[32mFetching orders (all branches) by user d26831b8-20ef-4b10-8a1c-737a83d9b21f[39m
[32m[Nest] 28644  - [39m2026. 03. 24. 오전 2:36:36 [32m    LOG[39m [38;5;3m[CustomerOrdersService] [39m[32mFetched 0 orders[39m
[32m[Nest] 28644  - [39m2026. 03. 24. 오전 2:36:36 [32m    LOG[39m [38;5;3m[HTTP] [39m[32mGET /customer/orders?page=1&limit=1&dateStart=2026-03-24&dateEnd=2026-03-24&status=PREPARING - 484ms[39m
[32m[Nest] 28644  - [39m2026. 03. 24. 오전 2:36:36 [32m    LOG[39m [38;5;3m[CustomerOrdersController] [39m[32mUser d26831b8-20ef-4b10-8a1c-737a83d9b21f fetching orders (all branches)[39m
[32m[Nest] 28644  - [39m2026. 03. 24. 오전 2:36:36 [32m    LOG[39m [38;5;3m[CustomerOrdersService] [39m[32mFetching orders (all branches) by user d26831b8-20ef-4b10-8a1c-737a83d9b21f[39m
[32m[Nest] 28644  - [39m2026. 03. 24. 오전 2:36:36 [32m    LOG[39m [38;5;3m[CustomerOrdersService] [39m[32mFetched 0 orders[39m
[32m[Nest] 28644  - [39m2026. 03. 24. 오전 2:36:36 [32m    LOG[39m [38;5;3m[HTTP] [39m[32mGET /customer/orders?page=1&limit=1&dateStart=2026-03-24&dateEnd=2026-03-24&status=CONFIRMED - 522ms[39m
[32m[Nest] 28644  - [39m2026. 03. 24. 오전 2:36:36 [32m    LOG[39m [38;5;3m[CustomerOrdersService] [39m[32mFetched 0 orders[39m
[32m[Nest] 28644  - [39m2026. 03. 24. 오전 2:36:36 [32m    LOG[39m [38;5;3m[HTTP] [39m[32mGET /customer/orders?page=1&limit=1&dateStart=2026-03-24&dateEnd=2026-03-24&status=READY - 531ms[39m
[32m[Nest] 28644  - [39m2026. 03. 24. 오전 2:36:36 [32m    LOG[39m [38;5;3m[CustomerOrdersService] [39m[32mFetched 0 orders[39m
[32m[Nest] 28644  - [39m2026. 03. 24. 오전 2:36:36 [32m    LOG[39m [38;5;3m[HTTP] [39m[32mGET /customer/orders?page=1&limit=1&dateStart=2026-03-24&dateEnd=2026-03-24&status=COMPLETED - 509ms[39m
[32m[Nest] 28644  - [39m2026. 03. 24. 오전 2:36:37 [32m    LOG[39m [38;5;3m[CustomerOrdersService] [39m[32mFetched 0 orders[39m
[32m[Nest] 28644  - [39m2026. 03. 24. 오전 2:36:37 [32m    LOG[39m [38;5;3m[HTTP] [39m[32mGET /customer/orders?page=1&limit=1&dateStart=2026-03-24&dateEnd=2026-03-24&status=CANCELLED - 872ms[39m
[32m[Nest] 28644  - [39m2026. 03. 24. 오전 2:36:37 [32m    LOG[39m [38;5;3m[CustomerOrdersService] [39m[32mFetched 0 orders[39m
[32m[Nest] 28644  - [39m2026. 03. 24. 오전 2:36:37 [32m    LOG[39m [38;5;3m[HTTP] [39m[32mGET /customer/orders?page=1&limit=1&dateStart=2026-03-24&dateEnd=2026-03-24&status=REFUNDED - 772ms[39m
[33m[Nest] 28644  - [39m2026. 03. 24. 오전 2:36:37 [33m   WARN[39m [38;5;3m[CustomerOrdersService] [39m[33mFailed to load order payment methods for customer orders: column orders.payment_method does not exist[39m
[32m[Nest] 28644  - [39m2026. 03. 24. 오전 2:36:37 [32m    LOG[39m [38;5;3m[CustomerOrdersService] [39m[32mFetched 1 orders[39m
[32m[Nest] 28644  - [39m2026. 03. 24. 오전 2:36:37 [32m    LOG[39m [38;5;3m[HTTP] [39m[32mGET /customer/orders?page=1&limit=1&dateStart=2026-03-24&dateEnd=2026-03-24&status=CREATED - 2116ms[39m
[33m[Nest] 28644  - [39m2026. 03. 24. 오전 2:36:37 [33m   WARN[39m [38;5;3m[HTTP] [39m[33mSlow request detected: GET /customer/orders?page=1&limit=1&dateStart=2026-03-24&dateEnd=2026-03-24&status=CREATED - 2116ms[39m
[32m[Nest] 28644  - [39m2026. 03. 24. 오전 2:36:44 [32m    LOG[39m [38;5;3m[CustomerOrdersController] [39m[32mUser d26831b8-20ef-4b10-8a1c-737a83d9b21f fetching orders (all branches)[39m
[32m[Nest] 28644  - [39m2026. 03. 24. 오전 2:36:44 [32m    LOG[39m [38;5;3m[CustomerOrdersService] [39m[32mFetching orders (all branches) by user d26831b8-20ef-4b10-8a1c-737a83d9b21f[39m
[32m[Nest] 28644  - [39m2026. 03. 24. 오전 2:36:44 [32m    LOG[39m [38;5;3m[CustomerOrdersController] [39m[32mUser d26831b8-20ef-4b10-8a1c-737a83d9b21f fetching orders (all branches)[39m
[32m[Nest] 28644  - [39m2026. 03. 24. 오전 2:36:44 [32m    LOG[39m [38;5;3m[CustomerOrdersService] [39m[32mFetching orders (all branches) by user d26831b8-20ef-4b10-8a1c-737a83d9b21f[39m
[33m[Nest] 28644  - [39m2026. 03. 24. 오전 2:36:45 [33m   WARN[39m [38;5;3m[CustomerOrdersService] [39m[33mFailed to load order payment methods for customer orders: column orders.payment_method does not exist[39m
[33m[Nest] 28644  - [39m2026. 03. 24. 오전 2:36:45 [33m   WARN[39m [38;5;3m[CustomerOrdersService] [39m[33mFailed to load order payment methods for customer orders: column orders.payment_method does not exist[39m
[32m[Nest] 28644  - [39m2026. 03. 24. 오전 2:36:45 [32m    LOG[39m [38;5;3m[CustomerOrdersService] [39m[32mFetched 1 orders[39m
[32m[Nest] 28644  - [39m2026. 03. 24. 오전 2:36:45 [32m    LOG[39m [38;5;3m[HTTP] [39m[32mGET /customer/orders?page=1&limit=1&dateStart=2026-03-24&dateEnd=2026-03-24 - 1529ms[39m
[32m[Nest] 28644  - [39m2026. 03. 24. 오전 2:36:45 [32m    LOG[39m [38;5;3m[CustomerOrdersController] [39m[32mUser d26831b8-20ef-4b10-8a1c-737a83d9b21f fetching orders (all branches)[39m
[32m[Nest] 28644  - [39m2026. 03. 24. 오전 2:36:45 [32m    LOG[39m [38;5;3m[CustomerOrdersService] [39m[32mFetching orders (all branches) by user d26831b8-20ef-4b10-8a1c-737a83d9b21f[39m
[32m[Nest] 28644  - [39m2026. 03. 24. 오전 2:36:45 [32m    LOG[39m [38;5;3m[CustomerOrdersController] [39m[32mUser d26831b8-20ef-4b10-8a1c-737a83d9b21f fetching orders (all branches)[39m
[32m[Nest] 28644  - [39m2026. 03. 24. 오전 2:36:45 [32m    LOG[39m [38;5;3m[CustomerOrdersService] [39m[32mFetching orders (all branches) by user d26831b8-20ef-4b10-8a1c-737a83d9b21f[39m
[32m[Nest] 28644  - [39m2026. 03. 24. 오전 2:36:45 [32m    LOG[39m [38;5;3m[CustomerOrdersController] [39m[32mUser d26831b8-20ef-4b10-8a1c-737a83d9b21f fetching orders (all branches)[39m
[32m[Nest] 28644  - [39m2026. 03. 24. 오전 2:36:45 [32m    LOG[39m [38;5;3m[CustomerOrdersService] [39m[32mFetching orders (all branches) by user d26831b8-20ef-4b10-8a1c-737a83d9b21f[39m
[32m[Nest] 28644  - [39m2026. 03. 24. 오전 2:36:45 [32m    LOG[39m [38;5;3m[CustomerOrdersController] [39m[32mUser d26831b8-20ef-4b10-8a1c-737a83d9b21f fetching orders (all branches)[39m
[32m[Nest] 28644  - [39m2026. 03. 24. 오전 2:36:45 [32m    LOG[39m [38;5;3m[CustomerOrdersService] [39m[32mFetching orders (all branches) by user d26831b8-20ef-4b10-8a1c-737a83d9b21f[39m
[32m[Nest] 28644  - [39m2026. 03. 24. 오전 2:36:45 [32m    LOG[39m [38;5;3m[CustomerOrdersController] [39m[32mUser d26831b8-20ef-4b10-8a1c-737a83d9b21f fetching orders (all branches)[39m
[32m[Nest] 28644  - [39m2026. 03. 24. 오전 2:36:45 [32m    LOG[39m [38;5;3m[CustomerOrdersService] [39m[32mFetching orders (all branches) by user d26831b8-20ef-4b10-8a1c-737a83d9b21f[39m
[32m[Nest] 28644  - [39m2026. 03. 24. 오전 2:36:45 [32m    LOG[39m [38;5;3m[CustomerOrdersService] [39m[32mFetched 8 orders[39m
[32m[Nest] 28644  - [39m2026. 03. 24. 오전 2:36:45 [32m    LOG[39m [38;5;3m[HTTP] [39m[32mGET /customer/orders?page=1&limit=20&dateStart=2026-03-24&dateEnd=2026-03-24 - 1572ms[39m
[32m[Nest] 28644  - [39m2026. 03. 24. 오전 2:36:45 [32m    LOG[39m [38;5;3m[CustomerOrdersController] [39m[32mUser d26831b8-20ef-4b10-8a1c-737a83d9b21f fetching orders (all branches)[39m
[32m[Nest] 28644  - [39m2026. 03. 24. 오전 2:36:45 [32m    LOG[39m [38;5;3m[CustomerOrdersService] [39m[32mFetching orders (all branches) by user d26831b8-20ef-4b10-8a1c-737a83d9b21f[39m
[32m[Nest] 28644  - [39m2026. 03. 24. 오전 2:36:46 [32m    LOG[39m [38;5;3m[CustomerOrdersService] [39m[32mFetched 0 orders[39m
[32m[Nest] 28644  - [39m2026. 03. 24. 오전 2:36:46 [32m    LOG[39m [38;5;3m[HTTP] [39m[32mGET /customer/orders?page=1&limit=1&dateStart=2026-03-24&dateEnd=2026-03-24&status=CONFIRMED - 534ms[39m
[32m[Nest] 28644  - [39m2026. 03. 24. 오전 2:36:46 [32m    LOG[39m [38;5;3m[CustomerOrdersService] [39m[32mFetched 0 orders[39m
[32m[Nest] 28644  - [39m2026. 03. 24. 오전 2:36:46 [32m    LOG[39m [38;5;3m[HTTP] [39m[32mGET /customer/orders?page=1&limit=1&dateStart=2026-03-24&dateEnd=2026-03-24&status=PREPARING - 535ms[39m
[32m[Nest] 28644  - [39m2026. 03. 24. 오전 2:36:46 [32m    LOG[39m [38;5;3m[CustomerOrdersController] [39m[32mUser d26831b8-20ef-4b10-8a1c-737a83d9b21f fetching orders (all branches)[39m
[32m[Nest] 28644  - [39m2026. 03. 24. 오전 2:36:46 [32m    LOG[39m [38;5;3m[CustomerOrdersService] [39m[32mFetching orders (all branches) by user d26831b8-20ef-4b10-8a1c-737a83d9b21f[39m
[32m[Nest] 28644  - [39m2026. 03. 24. 오전 2:36:46 [32m    LOG[39m [38;5;3m[CustomerOrdersService] [39m[32mFetched 0 orders[39m
[32m[Nest] 28644  - [39m2026. 03. 24. 오전 2:36:46 [32m    LOG[39m [38;5;3m[HTTP] [39m[32mGET /customer/orders?page=1&limit=1&dateStart=2026-03-24&dateEnd=2026-03-24&status=READY - 533ms[39m
[32m[Nest] 28644  - [39m2026. 03. 24. 오전 2:36:46 [32m    LOG[39m [38;5;3m[CustomerOrdersService] [39m[32mFetched 0 orders[39m
[32m[Nest] 28644  - [39m2026. 03. 24. 오전 2:36:46 [32m    LOG[39m [38;5;3m[HTTP] [39m[32mGET /customer/orders?page=1&limit=1&dateStart=2026-03-24&dateEnd=2026-03-24&status=CANCELLED - 506ms[39m
[32m[Nest] 28644  - [39m2026. 03. 24. 오전 2:36:46 [32m    LOG[39m [38;5;3m[CustomerOrdersService] [39m[32mFetched 0 orders[39m
[32m[Nest] 28644  - [39m2026. 03. 24. 오전 2:36:46 [32m    LOG[39m [38;5;3m[HTTP] [39m[32mGET /customer/orders?page=1&limit=1&dateStart=2026-03-24&dateEnd=2026-03-24&status=COMPLETED - 539ms[39m
[33m[Nest] 28644  - [39m2026. 03. 24. 오전 2:36:46 [33m   WARN[39m [38;5;3m[CustomerOrdersService] [39m[33mFailed to load order payment methods for customer orders: column orders.payment_method does not exist[39m
[32m[Nest] 28644  - [39m2026. 03. 24. 오전 2:36:46 [32m    LOG[39m [38;5;3m[CustomerOrdersService] [39m[32mFetched 0 orders[39m
[32m[Nest] 28644  - [39m2026. 03. 24. 오전 2:36:46 [32m    LOG[39m [38;5;3m[HTTP] [39m[32mGET /customer/orders?page=1&limit=1&dateStart=2026-03-24&dateEnd=2026-03-24&status=REFUNDED - 499ms[39m
[32m[Nest] 28644  - [39m2026. 03. 24. 오전 2:36:47 [32m    LOG[39m [38;5;3m[CustomerOrdersService] [39m[32mFetched 1 orders[39m
[32m[Nest] 28644  - [39m2026. 03. 24. 오전 2:36:47 [32m    LOG[39m [38;5;3m[HTTP] [39m[32mGET /customer/orders?page=1&limit=1&dateStart=2026-03-24&dateEnd=2026-03-24&status=CREATED - 1537ms[39m
[32m[Nest] 28644  - [39m2026. 03. 24. 오전 2:36:54 [32m    LOG[39m [38;5;3m[CustomerGuard] [39m[32mCustomerGuard: User d26831b8-20ef-4b10-8a1c-737a83d9b21f authorized with 1 brand(s) and 0 branch(es)[39m
[32m[Nest] 28644  - [39m2026. 03. 24. 오전 2:36:54 [32m    LOG[39m [38;5;3m[CustomerOrdersController] [39m[32mUser d26831b8-20ef-4b10-8a1c-737a83d9b21f fetching orders (all branches)[39m
[32m[Nest] 28644  - [39m2026. 03. 24. 오전 2:36:54 [32m    LOG[39m [38;5;3m[CustomerOrdersService] [39m[32mFetching orders (all branches) by user d26831b8-20ef-4b10-8a1c-737a83d9b21f[39m
[32m[Nest] 28644  - [39m2026. 03. 24. 오전 2:36:54 [32m    LOG[39m [38;5;3m[CustomerGuard] [39m[32mCustomerGuard: User d26831b8-20ef-4b10-8a1c-737a83d9b21f authorized with 1 brand(s) and 0 branch(es)[39m
[32m[Nest] 28644  - [39m2026. 03. 24. 오전 2:36:54 [32m    LOG[39m [38;5;3m[CustomerOrdersController] [39m[32mUser d26831b8-20ef-4b10-8a1c-737a83d9b21f fetching orders (all branches)[39m
[32m[Nest] 28644  - [39m2026. 03. 24. 오전 2:36:54 [32m    LOG[39m [38;5;3m[CustomerOrdersService] [39m[32mFetching orders (all branches) by user d26831b8-20ef-4b10-8a1c-737a83d9b21f[39m
[33m[Nest] 28644  - [39m2026. 03. 24. 오전 2:36:55 [33m   WARN[39m [38;5;3m[CustomerOrdersService] [39m[33mFailed to load order payment methods for customer orders: column orders.payment_method does not exist[39m
[33m[Nest] 28644  - [39m2026. 03. 24. 오전 2:36:55 [33m   WARN[39m [38;5;3m[CustomerOrdersService] [39m[33mFailed to load order payment methods for customer orders: column orders.payment_method does not exist[39m
[32m[Nest] 28644  - [39m2026. 03. 24. 오전 2:36:56 [32m    LOG[39m [38;5;3m[CustomerOrdersService] [39m[32mFetched 8 orders[39m
[32m[Nest] 28644  - [39m2026. 03. 24. 오전 2:36:56 [32m    LOG[39m [38;5;3m[HTTP] [39m[32mGET /customer/orders?page=1&limit=20&dateStart=2026-03-24&dateEnd=2026-03-24 - 1496ms[39m
[32m[Nest] 28644  - [39m2026. 03. 24. 오전 2:36:56 [32m    LOG[39m [38;5;3m[CustomerOrdersService] [39m[32mFetched 1 orders[39m
[32m[Nest] 28644  - [39m2026. 03. 24. 오전 2:36:56 [32m    LOG[39m [38;5;3m[HTTP] [39m[32mGET /customer/orders?page=1&limit=1&dateStart=2026-03-24&dateEnd=2026-03-24 - 1493ms[39m
[32m[Nest] 28644  - [39m2026. 03. 24. 오전 2:36:56 [32m    LOG[39m [38;5;3m[CustomerOrdersController] [39m[32mUser d26831b8-20ef-4b10-8a1c-737a83d9b21f fetching orders (all branches)[39m
[32m[Nest] 28644  - [39m2026. 03. 24. 오전 2:36:56 [32m    LOG[39m [38;5;3m[CustomerOrdersService] [39m[32mFetching orders (all branches) by user d26831b8-20ef-4b10-8a1c-737a83d9b21f[39m
[32m[Nest] 28644  - [39m2026. 03. 24. 오전 2:36:56 [32m    LOG[39m [38;5;3m[CustomerOrdersController] [39m[32mUser d26831b8-20ef-4b10-8a1c-737a83d9b21f fetching orders (all branches)[39m
[32m[Nest] 28644  - [39m2026. 03. 24. 오전 2:36:56 [32m    LOG[39m [38;5;3m[CustomerOrdersService] [39m[32mFetching orders (all branches) by user d26831b8-20ef-4b10-8a1c-737a83d9b21f[39m
[32m[Nest] 28644  - [39m2026. 03. 24. 오전 2:36:56 [32m    LOG[39m [38;5;3m[CustomerOrdersController] [39m[32mUser d26831b8-20ef-4b10-8a1c-737a83d9b21f fetching orders (all branches)[39m
[32m[Nest] 28644  - [39m2026. 03. 24. 오전 2:36:56 [32m    LOG[39m [38;5;3m[CustomerOrdersService] [39m[32mFetching orders (all branches) by user d26831b8-20ef-4b10-8a1c-737a83d9b21f[39m
[32m[Nest] 28644  - [39m2026. 03. 24. 오전 2:36:56 [32m    LOG[39m [38;5;3m[CustomerOrdersController] [39m[32mUser d26831b8-20ef-4b10-8a1c-737a83d9b21f fetching orders (all branches)[39m
[32m[Nest] 28644  - [39m2026. 03. 24. 오전 2:36:56 [32m    LOG[39m [38;5;3m[CustomerOrdersService] [39m[32mFetching orders (all branches) by user d26831b8-20ef-4b10-8a1c-737a83d9b21f[39m
[32m[Nest] 28644  - [39m2026. 03. 24. 오전 2:36:56 [32m    LOG[39m [38;5;3m[CustomerOrdersController] [39m[32mUser d26831b8-20ef-4b10-8a1c-737a83d9b21f fetching orders (all branches)[39m
[32m[Nest] 28644  - [39m2026. 03. 24. 오전 2:36:56 [32m    LOG[39m [38;5;3m[CustomerOrdersService] [39m[32mFetching orders (all branches) by user d26831b8-20ef-4b10-8a1c-737a83d9b21f[39m
[32m[Nest] 28644  - [39m2026. 03. 24. 오전 2:36:56 [32m    LOG[39m [38;5;3m[CustomerOrdersController] [39m[32mUser d26831b8-20ef-4b10-8a1c-737a83d9b21f fetching orders (all branches)[39m
[32m[Nest] 28644  - [39m2026. 03. 24. 오전 2:36:56 [32m    LOG[39m [38;5;3m[CustomerOrdersService] [39m[32mFetching orders (all branches) by user d26831b8-20ef-4b10-8a1c-737a83d9b21f[39m
[32m[Nest] 28644  - [39m2026. 03. 24. 오전 2:36:56 [32m    LOG[39m [38;5;3m[CustomerOrdersService] [39m[32mFetched 0 orders[39m
[32m[Nest] 28644  - [39m2026. 03. 24. 오전 2:36:56 [32m    LOG[39m [38;5;3m[HTTP] [39m[32mGET /customer/orders?page=1&limit=1&dateStart=2026-03-24&dateEnd=2026-03-24&status=READY - 516ms[39m
[32m[Nest] 28644  - [39m2026. 03. 24. 오전 2:36:56 [32m    LOG[39m [38;5;3m[CustomerOrdersController] [39m[32mUser d26831b8-20ef-4b10-8a1c-737a83d9b21f fetching orders (all branches)[39m
[32m[Nest] 28644  - [39m2026. 03. 24. 오전 2:36:56 [32m    LOG[39m [38;5;3m[CustomerOrdersService] [39m[32mFetching orders (all branches) by user d26831b8-20ef-4b10-8a1c-737a83d9b21f[39m
[32m[Nest] 28644  - [39m2026. 03. 24. 오전 2:36:56 [32m    LOG[39m [38;5;3m[CustomerOrdersService] [39m[32mFetched 0 orders[39m
[32m[Nest] 28644  - [39m2026. 03. 24. 오전 2:36:56 [32m    LOG[39m [38;5;3m[HTTP] [39m[32mGET /customer/orders?page=1&limit=1&dateStart=2026-03-24&dateEnd=2026-03-24&status=PREPARING - 531ms[39m
[32m[Nest] 28644  - [39m2026. 03. 24. 오전 2:36:56 [32m    LOG[39m [38;5;3m[CustomerOrdersService] [39m[32mFetched 0 orders[39m
[32m[Nest] 28644  - [39m2026. 03. 24. 오전 2:36:56 [32m    LOG[39m [38;5;3m[HTTP] [39m[32mGET /customer/orders?page=1&limit=1&dateStart=2026-03-24&dateEnd=2026-03-24&status=CONFIRMED - 542ms[39m
[32m[Nest] 28644  - [39m2026. 03. 24. 오전 2:36:56 [32m    LOG[39m [38;5;3m[CustomerOrdersService] [39m[32mFetched 0 orders[39m
[32m[Nest] 28644  - [39m2026. 03. 24. 오전 2:36:56 [32m    LOG[39m [38;5;3m[HTTP] [39m[32mGET /customer/orders?page=1&limit=1&dateStart=2026-03-24&dateEnd=2026-03-24&status=CANCELLED - 530ms[39m
[32m[Nest] 28644  - [39m2026. 03. 24. 오전 2:36:56 [32m    LOG[39m [38;5;3m[CustomerOrdersService] [39m[32mFetched 0 orders[39m
[32m[Nest] 28644  - [39m2026. 03. 24. 오전 2:36:56 [32m    LOG[39m [38;5;3m[HTTP] [39m[32mGET /customer/orders?page=1&limit=1&dateStart=2026-03-24&dateEnd=2026-03-24&status=COMPLETED - 534ms[39m
[33m[Nest] 28644  - [39m2026. 03. 24. 오전 2:36:57 [33m   WARN[39m [38;5;3m[CustomerOrdersService] [39m[33mFailed to load order payment methods for customer orders: column orders.payment_method does not exist[39m
[32m[Nest] 28644  - [39m2026. 03. 24. 오전 2:36:57 [32m    LOG[39m [38;5;3m[CustomerOrdersService] [39m[32mFetched 0 orders[39m
[32m[Nest] 28644  - [39m2026. 03. 24. 오전 2:36:57 [32m    LOG[39m [38;5;3m[HTTP] [39m[32mGET /customer/orders?page=1&limit=1&dateStart=2026-03-24&dateEnd=2026-03-24&status=REFUNDED - 590ms[39m
[32m[Nest] 28644  - [39m2026. 03. 24. 오전 2:36:57 [32m    LOG[39m [38;5;3m[CustomerOrdersService] [39m[32mFetched 1 orders[39m
[32m[Nest] 28644  - [39m2026. 03. 24. 오전 2:36:57 [32m    LOG[39m [38;5;3m[HTTP] [39m[32mGET /customer/orders?page=1&limit=1&dateStart=2026-03-24&dateEnd=2026-03-24&status=CREATED - 1652ms[39m
[32m[Nest] 28644  - [39m2026. 03. 24. 오전 2:37:04 [32m    LOG[39m [38;5;3m[CustomerOrdersController] [39m[32mUser d26831b8-20ef-4b10-8a1c-737a83d9b21f fetching orders (all branches)[39m
[32m[Nest] 28644  - [39m2026. 03. 24. 오전 2:37:04 [32m    LOG[39m [38;5;3m[CustomerOrdersService] [39m[32mFetching orders (all branches) by user d26831b8-20ef-4b10-8a1c-737a83d9b21f[39m
[32m[Nest] 28644  - [39m2026. 03. 24. 오전 2:37:04 [32m    LOG[39m [38;5;3m[CustomerOrdersController] [39m[32mUser d26831b8-20ef-4b10-8a1c-737a83d9b21f fetching orders (all branches)[39m
[32m[Nest] 28644  - [39m2026. 03. 24. 오전 2:37:04 [32m    LOG[39m [38;5;3m[CustomerOrdersService] [39m[32mFetching orders (all branches) by user d26831b8-20ef-4b10-8a1c-737a83d9b21f[39m
[32m[Nest] 28644  - [39m2026. 03. 24. 오전 2:37:05 [32m    LOG[39m [38;5;3m[CustomerGuard] [39m[32mCustomerGuard: User d26831b8-20ef-4b10-8a1c-737a83d9b21f authorized with 1 brand(s) and 0 branch(es)[39m
[32m[Nest] 28644  - [39m2026. 03. 24. 오전 2:37:05 [32m    LOG[39m [38;5;3m[CustomerBranchesController] [39m[32mUser d26831b8-20ef-4b10-8a1c-737a83d9b21f fetching branches (all)[39m
[32m[Nest] 28644  - [39m2026. 03. 24. 오전 2:37:05 [32m    LOG[39m [38;5;3m[CustomerBranchesService] [39m[32mFetching all accessible branches for user d26831b8-20ef-4b10-8a1c-737a83d9b21f[39m
[32m[Nest] 28644  - [39m2026. 03. 24. 오전 2:37:05 [32m    LOG[39m [38;5;3m[CustomerGuard] [39m[32mCustomerGuard: User d26831b8-20ef-4b10-8a1c-737a83d9b21f authorized with 1 brand(s) and 0 branch(es)[39m
[32m[Nest] 28644  - [39m2026. 03. 24. 오전 2:37:05 [32m    LOG[39m [38;5;3m[InventoryController] [39m[32mUser d26831b8-20ef-4b10-8a1c-737a83d9b21f fetching low stock alerts for all branches[39m
[32m[Nest] 28644  - [39m2026. 03. 24. 오전 2:37:05 [32m    LOG[39m [38;5;3m[InventoryService] [39m[32mFetching low stock alerts for all branches by user d26831b8-20ef-4b10-8a1c-737a83d9b21f[39m
[32m[Nest] 28644  - [39m2026. 03. 24. 오전 2:37:05 [32m    LOG[39m [38;5;3m[CustomerBranchesService] [39m[32mFetched 3 accessible branches for user d26831b8-20ef-4b10-8a1c-737a83d9b21f[39m
[32m[Nest] 28644  - [39m2026. 03. 24. 오전 2:37:05 [32m    LOG[39m [38;5;3m[HTTP] [39m[32mGET /customer/branches - 168ms[39m
[32m[Nest] 28644  - [39m2026. 03. 24. 오전 2:37:05 [32m    LOG[39m [38;5;3m[InventoryService] [39m[32mFound 6 low stock items for all branches[39m
[32m[Nest] 28644  - [39m2026. 03. 24. 오전 2:37:05 [32m    LOG[39m [38;5;3m[HTTP] [39m[32mGET /customer/inventory/alerts - 355ms[39m
[32m[Nest] 28644  - [39m2026. 03. 24. 오전 2:37:05 [32m    LOG[39m [38;5;3m[CustomerOrdersController] [39m[32mUser d26831b8-20ef-4b10-8a1c-737a83d9b21f fetching orders (all branches)[39m
[32m[Nest] 28644  - [39m2026. 03. 24. 오전 2:37:05 [32m    LOG[39m [38;5;3m[CustomerOrdersService] [39m[32mFetching orders (all branches) by user d26831b8-20ef-4b10-8a1c-737a83d9b21f[39m
[32m[Nest] 28644  - [39m2026. 03. 24. 오전 2:37:05 [32m    LOG[39m [38;5;3m[CustomerGuard] [39m[32mCustomerGuard: User d26831b8-20ef-4b10-8a1c-737a83d9b21f authorized with 1 brand(s) and 0 branch(es)[39m
[32m[Nest] 28644  - [39m2026. 03. 24. 오전 2:37:05 [32m    LOG[39m [38;5;3m[CustomerBrandsService] [39m[32mFetching brands for user: d26831b8-20ef-4b10-8a1c-737a83d9b21f[39m
[32m[Nest] 28644  - [39m2026. 03. 24. 오전 2:37:05 [32m    LOG[39m [38;5;3m[HTTP] [39m[32mGET /me - 197ms[39m
[32m[Nest] 28644  - [39m2026. 03. 24. 오전 2:37:05 [32m    LOG[39m [38;5;3m[CustomerBrandsService] [39m[32mFetched 1 brands for user: d26831b8-20ef-4b10-8a1c-737a83d9b21f[39m
[32m[Nest] 28644  - [39m2026. 03. 24. 오전 2:37:05 [32m    LOG[39m [38;5;3m[HTTP] [39m[32mGET /customer/brands - 164ms[39m
[33m[Nest] 28644  - [39m2026. 03. 24. 오전 2:37:05 [33m   WARN[39m [38;5;3m[CustomerOrdersService] [39m[33mFailed to load order payment methods for customer orders: column orders.payment_method does not exist[39m
[33m[Nest] 28644  - [39m2026. 03. 24. 오전 2:37:05 [33m   WARN[39m [38;5;3m[CustomerOrdersService] [39m[33mFailed to load order payment methods for customer orders: column orders.payment_method does not exist[39m
[32m[Nest] 28644  - [39m2026. 03. 24. 오전 2:37:06 [32m    LOG[39m [38;5;3m[CustomerOrdersService] [39m[32mFetched 8 orders[39m
[32m[Nest] 28644  - [39m2026. 03. 24. 오전 2:37:06 [32m    LOG[39m [38;5;3m[HTTP] [39m[32mGET /customer/orders?page=1&limit=20&dateStart=2026-03-24&dateEnd=2026-03-24 - 1533ms[39m
[32m[Nest] 28644  - [39m2026. 03. 24. 오전 2:37:06 [32m    LOG[39m [38;5;3m[CustomerOrdersService] [39m[32mFetched 1 orders[39m
[32m[Nest] 28644  - [39m2026. 03. 24. 오전 2:37:06 [32m    LOG[39m [38;5;3m[HTTP] [39m[32mGET /customer/orders?page=1&limit=1&dateStart=2026-03-24&dateEnd=2026-03-24 - 1561ms[39m
[33m[Nest] 28644  - [39m2026. 03. 24. 오전 2:37:06 [33m   WARN[39m [38;5;3m[CustomerOrdersService] [39m[33mFailed to load order payment methods for customer orders: column orders.payment_method does not exist[39m
[32m[Nest] 28644  - [39m2026. 03. 24. 오전 2:37:06 [32m    LOG[39m [38;5;3m[CustomerOrdersController] [39m[32mUser d26831b8-20ef-4b10-8a1c-737a83d9b21f fetching orders (all branches)[39m
[32m[Nest] 28644  - [39m2026. 03. 24. 오전 2:37:06 [32m    LOG[39m [38;5;3m[CustomerOrdersService] [39m[32mFetching orders (all branches) by user d26831b8-20ef-4b10-8a1c-737a83d9b21f[39m
[32m[Nest] 28644  - [39m2026. 03. 24. 오전 2:37:06 [32m    LOG[39m [38;5;3m[CustomerOrdersController] [39m[32mUser d26831b8-20ef-4b10-8a1c-737a83d9b21f fetching orders (all branches)[39m
[32m[Nest] 28644  - [39m2026. 03. 24. 오전 2:37:06 [32m    LOG[39m [38;5;3m[CustomerOrdersService] [39m[32mFetching orders (all branches) by user d26831b8-20ef-4b10-8a1c-737a83d9b21f[39m
[32m[Nest] 28644  - [39m2026. 03. 24. 오전 2:37:06 [32m    LOG[39m [38;5;3m[CustomerOrdersController] [39m[32mUser d26831b8-20ef-4b10-8a1c-737a83d9b21f fetching orders (all branches)[39m
[32m[Nest] 28644  - [39m2026. 03. 24. 오전 2:37:06 [32m    LOG[39m [38;5;3m[CustomerOrdersService] [39m[32mFetching orders (all branches) by user d26831b8-20ef-4b10-8a1c-737a83d9b21f[39m
[32m[Nest] 28644  - [39m2026. 03. 24. 오전 2:37:06 [32m    LOG[39m [38;5;3m[CustomerOrdersController] [39m[32mUser d26831b8-20ef-4b10-8a1c-737a83d9b21f fetching orders (all branches)[39m
[32m[Nest] 28644  - [39m2026. 03. 24. 오전 2:37:06 [32m    LOG[39m [38;5;3m[CustomerOrdersService] [39m[32mFetching orders (all branches) by user d26831b8-20ef-4b10-8a1c-737a83d9b21f[39m
[32m[Nest] 28644  - [39m2026. 03. 24. 오전 2:37:06 [32m    LOG[39m [38;5;3m[CustomerOrdersController] [39m[32mUser d26831b8-20ef-4b10-8a1c-737a83d9b21f fetching orders (all branches)[39m
[32m[Nest] 28644  - [39m2026. 03. 24. 오전 2:37:06 [32m    LOG[39m [38;5;3m[CustomerOrdersService] [39m[32mFetching orders (all branches) by user d26831b8-20ef-4b10-8a1c-737a83d9b21f[39m
[32m[Nest] 28644  - [39m2026. 03. 24. 오전 2:37:06 [32m    LOG[39m [38;5;3m[CustomerOrdersService] [39m[32mFetched 12 orders[39m
[32m[Nest] 28644  - [39m2026. 03. 24. 오전 2:37:06 [32m    LOG[39m [38;5;3m[HTTP] [39m[32mGET /customer/orders?page=1&limit=20 - 1443ms[39m
[32m[Nest] 28644  - [39m2026. 03. 24. 오전 2:37:06 [32m    LOG[39m [38;5;3m[CustomerOrdersController] [39m[32mUser d26831b8-20ef-4b10-8a1c-737a83d9b21f fetching orders (all branches)[39m
[32m[Nest] 28644  - [39m2026. 03. 24. 오전 2:37:06 [32m    LOG[39m [38;5;3m[CustomerOrdersService] [39m[32mFetching orders (all branches) by user d26831b8-20ef-4b10-8a1c-737a83d9b21f[39m
[32m[Nest] 28644  - [39m2026. 03. 24. 오전 2:37:06 [32m    LOG[39m [38;5;3m[CustomerOrdersService] [39m[32mFetched 0 orders[39m
[32m[Nest] 28644  - [39m2026. 03. 24. 오전 2:37:06 [32m    LOG[39m [38;5;3m[HTTP] [39m[32mGET /customer/orders?page=1&limit=1&dateStart=2026-03-24&dateEnd=2026-03-24&status=COMPLETED - 508ms[39m
[32m[Nest] 28644  - [39m2026. 03. 24. 오전 2:37:07 [32m    LOG[39m [38;5;3m[CustomerOrdersController] [39m[32mUser d26831b8-20ef-4b10-8a1c-737a83d9b21f fetching orders (all branches)[39m
[32m[Nest] 28644  - [39m2026. 03. 24. 오전 2:37:07 [32m    LOG[39m [38;5;3m[CustomerOrdersService] [39m[32mFetching orders (all branches) by user d26831b8-20ef-4b10-8a1c-737a83d9b21f[39m
[32m[Nest] 28644  - [39m2026. 03. 24. 오전 2:37:07 [32m    LOG[39m [38;5;3m[CustomerOrdersService] [39m[32mFetched 0 orders[39m
[32m[Nest] 28644  - [39m2026. 03. 24. 오전 2:37:07 [32m    LOG[39m [38;5;3m[HTTP] [39m[32mGET /customer/orders?page=1&limit=1&dateStart=2026-03-24&dateEnd=2026-03-24&status=CONFIRMED - 523ms[39m
[32m[Nest] 28644  - [39m2026. 03. 24. 오전 2:37:07 [32m    LOG[39m [38;5;3m[CustomerOrdersService] [39m[32mFetched 0 orders[39m
[32m[Nest] 28644  - [39m2026. 03. 24. 오전 2:37:07 [32m    LOG[39m [38;5;3m[HTTP] [39m[32mGET /customer/orders?page=1&limit=1&dateStart=2026-03-24&dateEnd=2026-03-24&status=PREPARING - 527ms[39m
[32m[Nest] 28644  - [39m2026. 03. 24. 오전 2:37:07 [32m    LOG[39m [38;5;3m[CustomerOrdersService] [39m[32mFetched 0 orders[39m
[32m[Nest] 28644  - [39m2026. 03. 24. 오전 2:37:07 [32m    LOG[39m [38;5;3m[HTTP] [39m[32mGET /customer/orders?page=1&limit=1&dateStart=2026-03-24&dateEnd=2026-03-24&status=READY - 527ms[39m
[32m[Nest] 28644  - [39m2026. 03. 24. 오전 2:37:07 [32m    LOG[39m [38;5;3m[CustomerOrdersService] [39m[32mFetched 0 orders[39m
[32m[Nest] 28644  - [39m2026. 03. 24. 오전 2:37:07 [32m    LOG[39m [38;5;3m[HTTP] [39m[32mGET /customer/orders?page=1&limit=1&dateStart=2026-03-24&dateEnd=2026-03-24&status=CANCELLED - 478ms[39m
[32m[Nest] 28644  - [39m2026. 03. 24. 오전 2:37:07 [32m    LOG[39m [38;5;3m[CustomerOrdersService] [39m[32mFetched 0 orders[39m
[32m[Nest] 28644  - [39m2026. 03. 24. 오전 2:37:07 [32m    LOG[39m [38;5;3m[HTTP] [39m[32mGET /customer/orders?page=1&limit=1&dateStart=2026-03-24&dateEnd=2026-03-24&status=REFUNDED - 495ms[39m
[33m[Nest] 28644  - [39m2026. 03. 24. 오전 2:37:07 [33m   WARN[39m [38;5;3m[CustomerOrdersService] [39m[33mFailed to load order payment methods for customer orders: column orders.payment_method does not exist[39m
[32m[Nest] 28644  - [39m2026. 03. 24. 오전 2:37:08 [32m    LOG[39m [38;5;3m[CustomerOrdersService] [39m[32mFetched 1 orders[39m
[32m[Nest] 28644  - [39m2026. 03. 24. 오전 2:37:08 [32m    LOG[39m [38;5;3m[HTTP] [39m[32mGET /customer/orders?page=1&limit=1&dateStart=2026-03-24&dateEnd=2026-03-24&status=CREATED - 1532ms[39m
[32m[Nest] 28644  - [39m2026. 03. 24. 오전 2:37:08 [32m    LOG[39m [38;5;3m[CustomerBranchesController] [39m[32mUser d26831b8-20ef-4b10-8a1c-737a83d9b21f fetching branches (all)[39m
[32m[Nest] 28644  - [39m2026. 03. 24. 오전 2:37:08 [32m    LOG[39m [38;5;3m[CustomerBranchesService] [39m[32mFetching all accessible branches for user d26831b8-20ef-4b10-8a1c-737a83d9b21f[39m
[32m[Nest] 28644  - [39m2026. 03. 24. 오전 2:37:08 [32m    LOG[39m [38;5;3m[CustomerBranchesService] [39m[32mFetched 3 accessible branches for user d26831b8-20ef-4b10-8a1c-737a83d9b21f[39m
[32m[Nest] 28644  - [39m2026. 03. 24. 오전 2:37:08 [32m    LOG[39m [38;5;3m[HTTP] [39m[32mGET /customer/branches - 172ms[39m
[32m[Nest] 28644  - [39m2026. 03. 24. 오전 2:37:08 [32m    LOG[39m [38;5;3m[CustomerBrandsService] [39m[32mFetching brands for user: d26831b8-20ef-4b10-8a1c-737a83d9b21f[39m
[32m[Nest] 28644  - [39m2026. 03. 24. 오전 2:37:09 [32m    LOG[39m [38;5;3m[CustomerBrandsService] [39m[32mFetched 1 brands for user: d26831b8-20ef-4b10-8a1c-737a83d9b21f[39m
[32m[Nest] 28644  - [39m2026. 03. 24. 오전 2:37:09 [32m    LOG[39m [38;5;3m[HTTP] [39m[32mGET /customer/brands - 167ms[39m
[32m[Nest] 28644  - [39m2026. 03. 24. 오전 2:37:14 [32m    LOG[39m [38;5;3m[HTTP] [39m[32mGET /public/branches/051d7e95-8a82-44d3-aa8d-d4c6aa698cf2/categories - 185ms[39m
[32m[Nest] 28644  - [39m2026. 03. 24. 오전 2:37:14 [32m    LOG[39m [38;5;3m[HTTP] [39m[32mGET /public/brands/minamfruits/branches/bundang1 - 545ms[39m
[32m[Nest] 28644  - [39m2026. 03. 24. 오전 2:37:14 [32m    LOG[39m [38;5;3m[HTTP] [39m[32mGET /public/branches/051d7e95-8a82-44d3-aa8d-d4c6aa698cf2/products - 552ms[39m
[32m[Nest] 28644  - [39m2026. 03. 24. 오전 2:37:17 [32m    LOG[39m [38;5;3m[CustomerOrdersController] [39m[32mUser d26831b8-20ef-4b10-8a1c-737a83d9b21f fetching orders (all branches)[39m
[32m[Nest] 28644  - [39m2026. 03. 24. 오전 2:37:17 [32m    LOG[39m [38;5;3m[CustomerOrdersService] [39m[32mFetching orders (all branches) by user d26831b8-20ef-4b10-8a1c-737a83d9b21f[39m
[32m[Nest] 28644  - [39m2026. 03. 24. 오전 2:37:18 [32m    LOG[39m [38;5;3m[HTTP] [39m[32mGET /public/branches/051d7e95-8a82-44d3-aa8d-d4c6aa698cf2 - 516ms[39m
[33m[Nest] 28644  - [39m2026. 03. 24. 오전 2:37:18 [33m   WARN[39m [38;5;3m[CustomerOrdersService] [39m[33mFailed to load order payment methods for customer orders: column orders.payment_method does not exist[39m
[32m[Nest] 28644  - [39m2026. 03. 24. 오전 2:37:19 [32m    LOG[39m [38;5;3m[CustomerOrdersService] [39m[32mFetched 1 orders[39m
[32m[Nest] 28644  - [39m2026. 03. 24. 오전 2:37:19 [32m    LOG[39m [38;5;3m[HTTP] [39m[32mGET /customer/orders?page=1&limit=1 - 1435ms[39m
[32m[Nest] 28644  - [39m2026. 03. 24. 오전 2:37:19 [32m    LOG[39m [38;5;3m[CustomerOrdersController] [39m[32mUser d26831b8-20ef-4b10-8a1c-737a83d9b21f fetching order eb47f08e-34bc-4a5c-b3f3-1748bcf6d26e[39m
[32m[Nest] 28644  - [39m2026. 03. 24. 오전 2:37:19 [32m    LOG[39m [38;5;3m[CustomerOrdersService] [39m[32mFetching order eb47f08e-34bc-4a5c-b3f3-1748bcf6d26e by user d26831b8-20ef-4b10-8a1c-737a83d9b21f[39m
[33m[Nest] 28644  - [39m2026. 03. 24. 오전 2:37:20 [33m   WARN[39m [38;5;3m[CustomerOrdersService] [39m[33mFailed to load order payment methods for customer orders: column orders.payment_method does not exist[39m
[32m[Nest] 28644  - [39m2026. 03. 24. 오전 2:37:20 [32m    LOG[39m [38;5;3m[HTTP] [39m[32mGET /customer/orders/eb47f08e-34bc-4a5c-b3f3-1748bcf6d26e - 1148ms[39m
[32m[Nest] 28644  - [39m2026. 03. 24. 오전 2:37:25 [32m    LOG[39m [38;5;3m[PublicOrderService] [39m[32m[METRIC] order.create.start {"branchId":"051d7e95-8a82-44d3-aa8d-d4c6aa698cf2","totalAmount":32000,"paymentMethod":"TRANSFER","fulfillmentType":"DINE_IN","channelId":"b1e5b9c5-6ef5-440a-bfc3-66ae78b79df3"}[39m
[33m[Nest] 28644  - [39m2026. 03. 24. 오전 2:37:29 [33m   WARN[39m [38;5;3m[PublicOrderService] [39m[33mInventory RPC unavailable. Skip reservation for order 2a0a45c8-14c6-4dbf-893c-b25fbd2b33af: Could not find the function public.reserve_inventory_for_order(branch_id, items, order_id, order_no) in the schema cache[39m
[32m[Nest] 28644  - [39m2026. 03. 24. 오전 2:37:29 [32m    LOG[39m [38;5;3m[PublicOrderService] [39m[32m[METRIC] order.create.success {"branchId":"051d7e95-8a82-44d3-aa8d-d4c6aa698cf2","orderId":"2a0a45c8-14c6-4dbf-893c-b25fbd2b33af","totalAmount":32000}[39m
[32m[Nest] 28644  - [39m2026. 03. 24. 오전 2:37:29 [32m    LOG[39m [38;5;3m[NotificationsService] [39m[32mSending order completion KakaoTalk for order: 2a0a45c8-14c6-4dbf-893c-b25fbd2b33af[39m
[32m[Nest] 28644  - [39m2026. 03. 24. 오전 2:37:29 [32m    LOG[39m [38;5;3m[HTTP] [39m[32mPOST /me/orders - 4184ms[39m
[33m[Nest] 28644  - [39m2026. 03. 24. 오전 2:37:29 [33m   WARN[39m [38;5;3m[HTTP] [39m[33mSlow request detected: POST /me/orders - 4184ms[39m
[31m[Nest] 28644  - [39m2026. 03. 24. 오전 2:37:29 [31m  ERROR[39m [38;5;3m[NotificationsService] [39m[31mFailed to send KAKAO_TALK to 01047225906 (attempt 1/3): KakaoTalk API error: 402 {"errors":[{"type":"group","value":"G4V202603240237296BGCEUOVXXUWFSR","detail":"보유 잔액이 부족하여 발송에 실패하였습니다.\n[차감금액: 13, 보유잔액: 0, 보유포인트: 1]"}],"errorCode":"NotEnoughBalance","errorMessage":"보유 잔액이 부족하여 발송에 실패하였습니다.\n[차감금액: 13, 보유잔액: 0, 보유포인트: 1]"}[39m
Error: KakaoTalk API error: 402 {"errors":[{"type":"group","value":"G4V202603240237296BGCEUOVXXUWFSR","detail":"보유 잔액이 부족하여 발송에 실패하였습니다.\n[차감금액: 13, 보유잔액: 0, 보유포인트: 1]"}],"errorCode":"NotEnoughBalance","errorMessage":"보유 잔액이 부족하여 발송에 실패하였습니다.\n[차감금액: 13, 보유잔액: 0, 보유포인트: 1]"}
    at NotificationsService.deliverKakaoTalk (C:\dev\order_friends\src\modules\notifications\notifications.service.ts:724:13)
    at process.processTicksAndRejections (node:internal/process/task_queues:103:5)
    at async NotificationsService.sendWithRetry (C:\dev\order_friends\src\modules\notifications\notifications.service.ts:754:9)
[31m[Nest] 28644  - [39m2026. 03. 24. 오전 2:37:30 [31m  ERROR[39m [38;5;3m[NotificationsService] [39m[31mFailed to send KAKAO_TALK to 01047225906 (attempt 2/3): KakaoTalk API error: 402 {"errors":[{"type":"group","value":"G4V20260324023729FJPII8MKRBU4N0Y","detail":"보유 잔액이 부족하여 발송에 실패하였습니다.\n[차감금액: 13, 보유잔액: 0, 보유포인트: 1]"}],"errorCode":"NotEnoughBalance","errorMessage":"보유 잔액이 부족하여 발송에 실패하였습니다.\n[차감금액: 13, 보유잔액: 0, 보유포인트: 1]"}[39m
Error: KakaoTalk API error: 402 {"errors":[{"type":"group","value":"G4V20260324023729FJPII8MKRBU4N0Y","detail":"보유 잔액이 부족하여 발송에 실패하였습니다.\n[차감금액: 13, 보유잔액: 0, 보유포인트: 1]"}],"errorCode":"NotEnoughBalance","errorMessage":"보유 잔액이 부족하여 발송에 실패하였습니다.\n[차감금액: 13, 보유잔액: 0, 보유포인트: 1]"}
    at NotificationsService.deliverKakaoTalk (C:\dev\order_friends\src\modules\notifications\notifications.service.ts:724:13)
    at process.processTicksAndRejections (node:internal/process/task_queues:103:5)
    at async NotificationsService.sendWithRetry (C:\dev\order_friends\src\modules\notifications\notifications.service.ts:754:9)
[33m[Nest] 28644  - [39m2026. 03. 24. 오전 2:37:30 [33m   WARN[39m [38;5;3m[DepositSyncService] [39m[33mShared deposit sheet mapping detected for "시트1" in spreadsheet "1MSwPe5z2ebuU1xNginda2Rt4d4sLrBXh9p5M4rNSKPI" across 2 branches. Deposit rows will be matched across those branches.[39m
[31m[Nest] 28644  - [39m2026. 03. 24. 오전 2:37:30 [31m  ERROR[39m [38;5;3m[NotificationsService] [39m[31mFailed to send KAKAO_TALK to 01047225906 (attempt 3/3): KakaoTalk API error: 402 {"errors":[{"type":"group","value":"G4V202603240237306Z8EO2AD3NEFF5N","detail":"보유 잔액이 부족하여 발송에 실패하였습니다.\n[차감금액: 13, 보유잔액: 0, 보유포인트: 1]"}],"errorCode":"NotEnoughBalance","errorMessage":"보유 잔액이 부족하여 발송에 실패하였습니다.\n[차감금액: 13, 보유잔액: 0, 보유포인트: 1]"}[39m
Error: KakaoTalk API error: 402 {"errors":[{"type":"group","value":"G4V202603240237306Z8EO2AD3NEFF5N","detail":"보유 잔액이 부족하여 발송에 실패하였습니다.\n[차감금액: 13, 보유잔액: 0, 보유포인트: 1]"}],"errorCode":"NotEnoughBalance","errorMessage":"보유 잔액이 부족하여 발송에 실패하였습니다.\n[차감금액: 13, 보유잔액: 0, 보유포인트: 1]"}
    at NotificationsService.deliverKakaoTalk (C:\dev\order_friends\src\modules\notifications\notifications.service.ts:724:13)
    at process.processTicksAndRejections (node:internal/process/task_queues:103:5)
    at async NotificationsService.sendWithRetry (C:\dev\order_friends\src\modules\notifications\notifications.service.ts:754:9)
[33m[Nest] 28644  - [39m2026. 03. 24. 오전 2:37:30 [33m   WARN[39m [38;5;3m[PublicOrderService] [39m[33mFailed to send order completion KakaoTalk for order 2a0a45c8-14c6-4dbf-893c-b25fbd2b33af: KakaoTalk API error: 402 {"errors":[{"type":"group","value":"G4V202603240237306Z8EO2AD3NEFF5N","detail":"보유 잔액이 부족하여 발송에 실패하였습니다.\n[차감금액: 13, 보유잔액: 0, 보유포인트: 1]"}],"errorCode":"NotEnoughBalance","errorMessage":"보유 잔액이 부족하여 발송에 실패하였습니다.\n[차감금액: 13, 보유잔액: 0, 보유포인트: 1]"}[39m
[32m[Nest] 28644  - [39m2026. 03. 24. 오전 2:37:30 [32m    LOG[39m [38;5;3m[HTTP] [39m[32mGET /public/brands/minamfruits/branches/bundang1 - 524ms[39m
[32m[Nest] 28644  - [39m2026. 03. 24. 오전 2:37:30 [32m    LOG[39m [38;5;3m[HTTP] [39m[32mGET /public/branch/051d7e95-8a82-44d3-aa8d-d4c6aa698cf2/stamp-info?phone=01047225906 - 190ms[39m
[32m[Nest] 28644  - [39m2026. 03. 24. 오전 2:37:32 [32m    LOG[39m [38;5;3m[CustomerBranchesController] [39m[32mUser d26831b8-20ef-4b10-8a1c-737a83d9b21f fetching branches (all)[39m
[32m[Nest] 28644  - [39m2026. 03. 24. 오전 2:37:32 [32m    LOG[39m [38;5;3m[CustomerBranchesService] [39m[32mFetching all accessible branches for user d26831b8-20ef-4b10-8a1c-737a83d9b21f[39m
[32m[Nest] 28644  - [39m2026. 03. 24. 오전 2:37:33 [32m    LOG[39m [38;5;3m[CustomerBranchesService] [39m[32mFetched 3 accessible branches for user d26831b8-20ef-4b10-8a1c-737a83d9b21f[39m
[32m[Nest] 28644  - [39m2026. 03. 24. 오전 2:37:33 [32m    LOG[39m [38;5;3m[HTTP] [39m[32mGET /customer/branches - 170ms[39m
[32m[Nest] 28644  - [39m2026. 03. 24. 오전 2:37:33 [32m    LOG[39m [38;5;3m[CustomerGuard] [39m[32mCustomerGuard: User d26831b8-20ef-4b10-8a1c-737a83d9b21f authorized with 1 brand(s) and 0 branch(es)[39m
[32m[Nest] 28644  - [39m2026. 03. 24. 오전 2:37:33 [32m    LOG[39m [38;5;3m[CustomerOrdersController] [39m[32mUser d26831b8-20ef-4b10-8a1c-737a83d9b21f fetching orders (all branches)[39m
[32m[Nest] 28644  - [39m2026. 03. 24. 오전 2:37:33 [32m    LOG[39m [38;5;3m[CustomerOrdersService] [39m[32mFetching orders (all branches) by user d26831b8-20ef-4b10-8a1c-737a83d9b21f[39m
[32m[Nest] 28644  - [39m2026. 03. 24. 오전 2:37:33 [32m    LOG[39m [38;5;3m[CustomerGuard] [39m[32mCustomerGuard: User d26831b8-20ef-4b10-8a1c-737a83d9b21f authorized with 1 brand(s) and 0 branch(es)[39m
[32m[Nest] 28644  - [39m2026. 03. 24. 오전 2:37:33 [32m    LOG[39m [38;5;3m[CustomerOrdersController] [39m[32mUser d26831b8-20ef-4b10-8a1c-737a83d9b21f fetching orders (all branches)[39m
[32m[Nest] 28644  - [39m2026. 03. 24. 오전 2:37:33 [32m    LOG[39m [38;5;3m[CustomerOrdersService] [39m[32mFetching orders (all branches) by user d26831b8-20ef-4b10-8a1c-737a83d9b21f[39m
[32m[Nest] 28644  - [39m2026. 03. 24. 오전 2:37:33 [32m    LOG[39m [38;5;3m[CustomerBrandsService] [39m[32mFetching brands for user: d26831b8-20ef-4b10-8a1c-737a83d9b21f[39m
[32m[Nest] 28644  - [39m2026. 03. 24. 오전 2:37:33 [32m    LOG[39m [38;5;3m[CustomerBrandsService] [39m[32mFetched 1 brands for user: d26831b8-20ef-4b10-8a1c-737a83d9b21f[39m
[32m[Nest] 28644  - [39m2026. 03. 24. 오전 2:37:33 [32m    LOG[39m [38;5;3m[HTTP] [39m[32mGET /customer/brands - 164ms[39m
[31m[Nest] 28644  - [39m2026. 03. 24. 오전 2:37:33 [31m  ERROR[39m [38;5;3m[DepositSyncService] [39m[31mFailed to auto-match deposit row 22[39m
[31m[Nest] 28644  - [39m2026. 03. 24. 오전 2:37:33 [31m  ERROR[39m [38;5;3m[DepositSyncService] [39mObject(4) {
  code: [32m'P0001'[39m,
  details: [1mnull[22m,
  hint: [1mnull[22m,
  message: [32m'Invalid order status transition: CREATED -> PREPARING'[39m
}
[33m[Nest] 28644  - [39m2026. 03. 24. 오전 2:37:34 [33m   WARN[39m [38;5;3m[CustomerOrdersService] [39m[33mFailed to load order payment methods for customer orders: column orders.payment_method does not exist[39m
[33m[Nest] 28644  - [39m2026. 03. 24. 오전 2:37:34 [33m   WARN[39m [38;5;3m[CustomerOrdersService] [39m[33mFailed to load order payment methods for customer orders: column orders.payment_method does not exist[39m
[32m[Nest] 28644  - [39m2026. 03. 24. 오전 2:37:34 [32m    LOG[39m [38;5;3m[CustomerOrdersService] [39m[32mFetched 1 orders[39m
[32m[Nest] 28644  - [39m2026. 03. 24. 오전 2:37:34 [32m    LOG[39m [38;5;3m[HTTP] [39m[32mGET /customer/orders?page=1&limit=1&dateStart=2026-03-24&dateEnd=2026-03-24 - 1500ms[39m
[32m[Nest] 28644  - [39m2026. 03. 24. 오전 2:37:34 [32m    LOG[39m [38;5;3m[CustomerOrdersController] [39m[32mUser d26831b8-20ef-4b10-8a1c-737a83d9b21f fetching orders (all branches)[39m
[32m[Nest] 28644  - [39m2026. 03. 24. 오전 2:37:34 [32m    LOG[39m [38;5;3m[CustomerOrdersService] [39m[32mFetching orders (all branches) by user d26831b8-20ef-4b10-8a1c-737a83d9b21f[39m
[32m[Nest] 28644  - [39m2026. 03. 24. 오전 2:37:34 [32m    LOG[39m [38;5;3m[CustomerOrdersController] [39m[32mUser d26831b8-20ef-4b10-8a1c-737a83d9b21f fetching orders (all branches)[39m
[32m[Nest] 28644  - [39m2026. 03. 24. 오전 2:37:34 [32m    LOG[39m [38;5;3m[CustomerOrdersService] [39m[32mFetching orders (all branches) by user d26831b8-20ef-4b10-8a1c-737a83d9b21f[39m
[32m[Nest] 28644  - [39m2026. 03. 24. 오전 2:37:34 [32m    LOG[39m [38;5;3m[CustomerOrdersController] [39m[32mUser d26831b8-20ef-4b10-8a1c-737a83d9b21f fetching orders (all branches)[39m
[32m[Nest] 28644  - [39m2026. 03. 24. 오전 2:37:34 [32m    LOG[39m [38;5;3m[CustomerOrdersService] [39m[32mFetching orders (all branches) by user d26831b8-20ef-4b10-8a1c-737a83d9b21f[39m
[32m[Nest] 28644  - [39m2026. 03. 24. 오전 2:37:34 [32m    LOG[39m [38;5;3m[CustomerOrdersController] [39m[32mUser d26831b8-20ef-4b10-8a1c-737a83d9b21f fetching orders (all branches)[39m
[32m[Nest] 28644  - [39m2026. 03. 24. 오전 2:37:34 [32m    LOG[39m [38;5;3m[CustomerOrdersService] [39m[32mFetching orders (all branches) by user d26831b8-20ef-4b10-8a1c-737a83d9b21f[39m
[32m[Nest] 28644  - [39m2026. 03. 24. 오전 2:37:34 [32m    LOG[39m [38;5;3m[CustomerOrdersController] [39m[32mUser d26831b8-20ef-4b10-8a1c-737a83d9b21f fetching orders (all branches)[39m
[32m[Nest] 28644  - [39m2026. 03. 24. 오전 2:37:34 [32m    LOG[39m [38;5;3m[CustomerOrdersService] [39m[32mFetching orders (all branches) by user d26831b8-20ef-4b10-8a1c-737a83d9b21f[39m
[32m[Nest] 28644  - [39m2026. 03. 24. 오전 2:37:34 [32m    LOG[39m [38;5;3m[CustomerOrdersService] [39m[32mFetched 9 orders[39m
[32m[Nest] 28644  - [39m2026. 03. 24. 오전 2:37:34 [32m    LOG[39m [38;5;3m[HTTP] [39m[32mGET /customer/orders?page=1&limit=20&dateStart=2026-03-24&dateEnd=2026-03-24 - 1545ms[39m
[32m[Nest] 28644  - [39m2026. 03. 24. 오전 2:37:34 [32m    LOG[39m [38;5;3m[CustomerOrdersController] [39m[32mUser d26831b8-20ef-4b10-8a1c-737a83d9b21f fetching orders (all branches)[39m
[32m[Nest] 28644  - [39m2026. 03. 24. 오전 2:37:34 [32m    LOG[39m [38;5;3m[CustomerOrdersService] [39m[32mFetching orders (all branches) by user d26831b8-20ef-4b10-8a1c-737a83d9b21f[39m
[32m[Nest] 28644  - [39m2026. 03. 24. 오전 2:37:35 [32m    LOG[39m [38;5;3m[CustomerOrdersService] [39m[32mFetched 0 orders[39m
[32m[Nest] 28644  - [39m2026. 03. 24. 오전 2:37:35 [32m    LOG[39m [38;5;3m[HTTP] [39m[32mGET /customer/orders?page=1&limit=1&dateStart=2026-03-24&dateEnd=2026-03-24&status=PREPARING - 518ms[39m
[32m[Nest] 28644  - [39m2026. 03. 24. 오전 2:37:35 [32m    LOG[39m [38;5;3m[CustomerOrdersController] [39m[32mUser d26831b8-20ef-4b10-8a1c-737a83d9b21f fetching orders (all branches)[39m
[32m[Nest] 28644  - [39m2026. 03. 24. 오전 2:37:35 [32m    LOG[39m [38;5;3m[CustomerOrdersService] [39m[32mFetching orders (all branches) by user d26831b8-20ef-4b10-8a1c-737a83d9b21f[39m
[32m[Nest] 28644  - [39m2026. 03. 24. 오전 2:37:35 [32m    LOG[39m [38;5;3m[CustomerOrdersService] [39m[32mFetched 0 orders[39m
[32m[Nest] 28644  - [39m2026. 03. 24. 오전 2:37:35 [32m    LOG[39m [38;5;3m[HTTP] [39m[32mGET /customer/orders?page=1&limit=1&dateStart=2026-03-24&dateEnd=2026-03-24&status=CONFIRMED - 578ms[39m
[32m[Nest] 28644  - [39m2026. 03. 24. 오전 2:37:35 [32m    LOG[39m [38;5;3m[CustomerOrdersService] [39m[32mFetched 0 orders[39m
[32m[Nest] 28644  - [39m2026. 03. 24. 오전 2:37:35 [32m    LOG[39m [38;5;3m[HTTP] [39m[32mGET /customer/orders?page=1&limit=1&dateStart=2026-03-24&dateEnd=2026-03-24&status=COMPLETED - 578ms[39m
[32m[Nest] 28644  - [39m2026. 03. 24. 오전 2:37:35 [32m    LOG[39m [38;5;3m[CustomerOrdersService] [39m[32mFetched 0 orders[39m
[32m[Nest] 28644  - [39m2026. 03. 24. 오전 2:37:35 [32m    LOG[39m [38;5;3m[HTTP] [39m[32mGET /customer/orders?page=1&limit=1&dateStart=2026-03-24&dateEnd=2026-03-24&status=READY - 582ms[39m
[32m[Nest] 28644  - [39m2026. 03. 24. 오전 2:37:35 [32m    LOG[39m [38;5;3m[CustomerOrdersService] [39m[32mFetched 0 orders[39m
[32m[Nest] 28644  - [39m2026. 03. 24. 오전 2:37:35 [32m    LOG[39m [38;5;3m[HTTP] [39m[32mGET /customer/orders?page=1&limit=1&dateStart=2026-03-24&dateEnd=2026-03-24&status=CANCELLED - 563ms[39m
[33m[Nest] 28644  - [39m2026. 03. 24. 오전 2:37:35 [33m   WARN[39m [38;5;3m[CustomerOrdersService] [39m[33mFailed to load order payment methods for customer orders: column orders.payment_method does not exist[39m
[32m[Nest] 28644  - [39m2026. 03. 24. 오전 2:37:35 [32m    LOG[39m [38;5;3m[CustomerOrdersService] [39m[32mFetched 0 orders[39m
[32m[Nest] 28644  - [39m2026. 03. 24. 오전 2:37:35 [32m    LOG[39m [38;5;3m[HTTP] [39m[32mGET /customer/orders?page=1&limit=1&dateStart=2026-03-24&dateEnd=2026-03-24&status=REFUNDED - 507ms[39m
[32m[Nest] 28644  - [39m2026. 03. 24. 오전 2:37:36 [32m    LOG[39m [38;5;3m[CustomerOrdersService] [39m[32mFetched 1 orders[39m
[32m[Nest] 28644  - [39m2026. 03. 24. 오전 2:37:36 [32m    LOG[39m [38;5;3m[HTTP] [39m[32mGET /customer/orders?page=1&limit=1&dateStart=2026-03-24&dateEnd=2026-03-24&status=CREATED - 1520ms[39m
[32m[Nest] 28644  - [39m2026. 03. 24. 오전 2:37:42 [32m    LOG[39m [38;5;3m[CustomerOrdersController] [39m[32mUser d26831b8-20ef-4b10-8a1c-737a83d9b21f fetching orders (all branches)[39m
[32m[Nest] 28644  - [39m2026. 03. 24. 오전 2:37:42 [32m    LOG[39m [38;5;3m[CustomerOrdersService] [39m[32mFetching orders (all branches) by user d26831b8-20ef-4b10-8a1c-737a83d9b21f[39m
[32m[Nest] 28644  - [39m2026. 03. 24. 오전 2:37:42 [32m    LOG[39m [38;5;3m[CustomerOrdersController] [39m[32mUser d26831b8-20ef-4b10-8a1c-737a83d9b21f fetching orders (all branches)[39m
[32m[Nest] 28644  - [39m2026. 03. 24. 오전 2:37:42 [32m    LOG[39m [38;5;3m[CustomerOrdersService] [39m[32mFetching orders (all branches) by user d26831b8-20ef-4b10-8a1c-737a83d9b21f[39m
[33m[Nest] 28644  - [39m2026. 03. 24. 오전 2:37:44 [33m   WARN[39m [38;5;3m[CustomerOrdersService] [39m[33mFailed to load order payment methods for customer orders: column orders.payment_method does not exist[39m
[33m[Nest] 28644  - [39m2026. 03. 24. 오전 2:37:44 [33m   WARN[39m [38;5;3m[CustomerOrdersService] [39m[33mFailed to load order payment methods for customer orders: column orders.payment_method does not exist[39m
[32m[Nest] 28644  - [39m2026. 03. 24. 오전 2:37:44 [32m    LOG[39m [38;5;3m[CustomerOrdersService] [39m[32mFetched 1 orders[39m
[32m[Nest] 28644  - [39m2026. 03. 24. 오전 2:37:44 [32m    LOG[39m [38;5;3m[HTTP] [39m[32mGET /customer/orders?page=1&limit=1&dateStart=2026-03-24&dateEnd=2026-03-24 - 1663ms[39m
[32m[Nest] 28644  - [39m2026. 03. 24. 오전 2:37:44 [32m    LOG[39m [38;5;3m[CustomerOrdersController] [39m[32mUser d26831b8-20ef-4b10-8a1c-737a83d9b21f fetching orders (all branches)[39m
[32m[Nest] 28644  - [39m2026. 03. 24. 오전 2:37:44 [32m    LOG[39m [38;5;3m[CustomerOrdersService] [39m[32mFetching orders (all branches) by user d26831b8-20ef-4b10-8a1c-737a83d9b21f[39m
[32m[Nest] 28644  - [39m2026. 03. 24. 오전 2:37:44 [32m    LOG[39m [38;5;3m[CustomerOrdersController] [39m[32mUser d26831b8-20ef-4b10-8a1c-737a83d9b21f fetching orders (all branches)[39m
[32m[Nest] 28644  - [39m2026. 03. 24. 오전 2:37:44 [32m    LOG[39m [38;5;3m[CustomerOrdersService] [39m[32mFetching orders (all branches) by user d26831b8-20ef-4b10-8a1c-737a83d9b21f[39m
[32m[Nest] 28644  - [39m2026. 03. 24. 오전 2:37:44 [32m    LOG[39m [38;5;3m[CustomerOrdersController] [39m[32mUser d26831b8-20ef-4b10-8a1c-737a83d9b21f fetching orders (all branches)[39m
[32m[Nest] 28644  - [39m2026. 03. 24. 오전 2:37:44 [32m    LOG[39m [38;5;3m[CustomerOrdersService] [39m[32mFetching orders (all branches) by user d26831b8-20ef-4b10-8a1c-737a83d9b21f[39m
[32m[Nest] 28644  - [39m2026. 03. 24. 오전 2:37:44 [32m    LOG[39m [38;5;3m[CustomerOrdersController] [39m[32mUser d26831b8-20ef-4b10-8a1c-737a83d9b21f fetching orders (all branches)[39m
[32m[Nest] 28644  - [39m2026. 03. 24. 오전 2:37:44 [32m    LOG[39m [38;5;3m[CustomerOrdersService] [39m[32mFetching orders (all branches) by user d26831b8-20ef-4b10-8a1c-737a83d9b21f[39m
[32m[Nest] 28644  - [39m2026. 03. 24. 오전 2:37:44 [32m    LOG[39m [38;5;3m[CustomerOrdersController] [39m[32mUser d26831b8-20ef-4b10-8a1c-737a83d9b21f fetching orders (all branches)[39m
[32m[Nest] 28644  - [39m2026. 03. 24. 오전 2:37:44 [32m    LOG[39m [38;5;3m[CustomerOrdersService] [39m[32mFetching orders (all branches) by user d26831b8-20ef-4b10-8a1c-737a83d9b21f[39m
[32m[Nest] 28644  - [39m2026. 03. 24. 오전 2:37:44 [32m    LOG[39m [38;5;3m[CustomerOrdersService] [39m[32mFetched 9 orders[39m
[32m[Nest] 28644  - [39m2026. 03. 24. 오전 2:37:44 [32m    LOG[39m [38;5;3m[HTTP] [39m[32mGET /customer/orders?page=1&limit=20&dateStart=2026-03-24&dateEnd=2026-03-24 - 1780ms[39m
[32m[Nest] 28644  - [39m2026. 03. 24. 오전 2:37:44 [32m    LOG[39m [38;5;3m[CustomerOrdersController] [39m[32mUser d26831b8-20ef-4b10-8a1c-737a83d9b21f fetching orders (all branches)[39m
[32m[Nest] 28644  - [39m2026. 03. 24. 오전 2:37:44 [32m    LOG[39m [38;5;3m[CustomerOrdersService] [39m[32mFetching orders (all branches) by user d26831b8-20ef-4b10-8a1c-737a83d9b21f[39m
[32m[Nest] 28644  - [39m2026. 03. 24. 오전 2:37:45 [32m    LOG[39m [38;5;3m[CustomerOrdersService] [39m[32mFetched 0 orders[39m
[32m[Nest] 28644  - [39m2026. 03. 24. 오전 2:37:45 [32m    LOG[39m [38;5;3m[HTTP] [39m[32mGET /customer/orders?page=1&limit=1&dateStart=2026-03-24&dateEnd=2026-03-24&status=CONFIRMED - 526ms[39m
[32m[Nest] 28644  - [39m2026. 03. 24. 오전 2:37:45 [32m    LOG[39m [38;5;3m[CustomerOrdersController] [39m[32mUser d26831b8-20ef-4b10-8a1c-737a83d9b21f fetching orders (all branches)[39m
[32m[Nest] 28644  - [39m2026. 03. 24. 오전 2:37:45 [32m    LOG[39m [38;5;3m[CustomerOrdersService] [39m[32mFetching orders (all branches) by user d26831b8-20ef-4b10-8a1c-737a83d9b21f[39m
[32m[Nest] 28644  - [39m2026. 03. 24. 오전 2:37:45 [32m    LOG[39m [38;5;3m[CustomerOrdersService] [39m[32mFetched 0 orders[39m
[32m[Nest] 28644  - [39m2026. 03. 24. 오전 2:37:45 [32m    LOG[39m [38;5;3m[HTTP] [39m[32mGET /customer/orders?page=1&limit=1&dateStart=2026-03-24&dateEnd=2026-03-24&status=READY - 545ms[39m
[32m[Nest] 28644  - [39m2026. 03. 24. 오전 2:37:45 [32m    LOG[39m [38;5;3m[CustomerOrdersService] [39m[32mFetched 0 orders[39m
[32m[Nest] 28644  - [39m2026. 03. 24. 오전 2:37:45 [32m    LOG[39m [38;5;3m[HTTP] [39m[32mGET /customer/orders?page=1&limit=1&dateStart=2026-03-24&dateEnd=2026-03-24&status=PREPARING - 568ms[39m
[32m[Nest] 28644  - [39m2026. 03. 24. 오전 2:37:45 [32m    LOG[39m [38;5;3m[CustomerOrdersService] [39m[32mFetched 0 orders[39m
[32m[Nest] 28644  - [39m2026. 03. 24. 오전 2:37:45 [32m    LOG[39m [38;5;3m[HTTP] [39m[32mGET /customer/orders?page=1&limit=1&dateStart=2026-03-24&dateEnd=2026-03-24&status=COMPLETED - 563ms[39m
[32m[Nest] 28644  - [39m2026. 03. 24. 오전 2:37:45 [32m    LOG[39m [38;5;3m[CustomerOrdersService] [39m[32mFetched 0 orders[39m
[32m[Nest] 28644  - [39m2026. 03. 24. 오전 2:37:45 [32m    LOG[39m [38;5;3m[HTTP] [39m[32mGET /customer/orders?page=1&limit=1&dateStart=2026-03-24&dateEnd=2026-03-24&status=CANCELLED - 521ms[39m
[32m[Nest] 28644  - [39m2026. 03. 24. 오전 2:37:45 [32m    LOG[39m [38;5;3m[CustomerOrdersService] [39m[32mFetched 0 orders[39m
[32m[Nest] 28644  - [39m2026. 03. 24. 오전 2:37:45 [32m    LOG[39m [38;5;3m[HTTP] [39m[32mGET /customer/orders?page=1&limit=1&dateStart=2026-03-24&dateEnd=2026-03-24&status=REFUNDED - 477ms[39m
[33m[Nest] 28644  - [39m2026. 03. 24. 오전 2:37:45 [33m   WARN[39m [38;5;3m[CustomerOrdersService] [39m[33mFailed to load order payment methods for customer orders: column orders.payment_method does not exist[39m
[32m[Nest] 28644  - [39m2026. 03. 24. 오전 2:37:46 [32m    LOG[39m [38;5;3m[CustomerOrdersService] [39m[32mFetched 1 orders[39m
[32m[Nest] 28644  - [39m2026. 03. 24. 오전 2:37:46 [32m    LOG[39m [38;5;3m[HTTP] [39m[32mGET /customer/orders?page=1&limit=1&dateStart=2026-03-24&dateEnd=2026-03-24&status=CREATED - 1584ms[39m
[32m[Nest] 28644  - [39m2026. 03. 24. 오전 2:37:52 [32m    LOG[39m [38;5;3m[CustomerOrdersController] [39m[32mUser d26831b8-20ef-4b10-8a1c-737a83d9b21f fetching orders (all branches)[39m
[32m[Nest] 28644  - [39m2026. 03. 24. 오전 2:37:52 [32m    LOG[39m [38;5;3m[CustomerOrdersService] [39m[32mFetching orders (all branches) by user d26831b8-20ef-4b10-8a1c-737a83d9b21f[39m
[32m[Nest] 28644  - [39m2026. 03. 24. 오전 2:37:52 [32m    LOG[39m [38;5;3m[CustomerOrdersController] [39m[32mUser d26831b8-20ef-4b10-8a1c-737a83d9b21f fetching orders (all branches)[39m
[32m[Nest] 28644  - [39m2026. 03. 24. 오전 2:37:52 [32m    LOG[39m [38;5;3m[CustomerOrdersService] [39m[32mFetching orders (all branches) by user d26831b8-20ef-4b10-8a1c-737a83d9b21f[39m
[33m[Nest] 28644  - [39m2026. 03. 24. 오전 2:37:54 [33m   WARN[39m [38;5;3m[CustomerOrdersService] [39m[33mFailed to load order payment methods for customer orders: column orders.payment_method does not exist[39m
[33m[Nest] 28644  - [39m2026. 03. 24. 오전 2:37:54 [33m   WARN[39m [38;5;3m[CustomerOrdersService] [39m[33mFailed to load order payment methods for customer orders: column orders.payment_method does not exist[39m
[32m[Nest] 28644  - [39m2026. 03. 24. 오전 2:37:54 [32m    LOG[39m [38;5;3m[CustomerOrdersService] [39m[32mFetched 1 orders[39m
[32m[Nest] 28644  - [39m2026. 03. 24. 오전 2:37:54 [32m    LOG[39m [38;5;3m[HTTP] [39m[32mGET /customer/orders?page=1&limit=1&dateStart=2026-03-24&dateEnd=2026-03-24 - 1595ms[39m
[32m[Nest] 28644  - [39m2026. 03. 24. 오전 2:37:54 [32m    LOG[39m [38;5;3m[CustomerOrdersController] [39m[32mUser d26831b8-20ef-4b10-8a1c-737a83d9b21f fetching orders (all branches)[39m
[32m[Nest] 28644  - [39m2026. 03. 24. 오전 2:37:54 [32m    LOG[39m [38;5;3m[CustomerOrdersService] [39m[32mFetching orders (all branches) by user d26831b8-20ef-4b10-8a1c-737a83d9b21f[39m
[32m[Nest] 28644  - [39m2026. 03. 24. 오전 2:37:54 [32m    LOG[39m [38;5;3m[CustomerOrdersController] [39m[32mUser d26831b8-20ef-4b10-8a1c-737a83d9b21f fetching orders (all branches)[39m
[32m[Nest] 28644  - [39m2026. 03. 24. 오전 2:37:54 [32m    LOG[39m [38;5;3m[CustomerOrdersService] [39m[32mFetching orders (all branches) by user d26831b8-20ef-4b10-8a1c-737a83d9b21f[39m
[32m[Nest] 28644  - [39m2026. 03. 24. 오전 2:37:54 [32m    LOG[39m [38;5;3m[CustomerOrdersService] [39m[32mFetched 9 orders[39m
[32m[Nest] 28644  - [39m2026. 03. 24. 오전 2:37:54 [32m    LOG[39m [38;5;3m[HTTP] [39m[32mGET /customer/orders?page=1&limit=20&dateStart=2026-03-24&dateEnd=2026-03-24 - 1604ms[39m
[32m[Nest] 28644  - [39m2026. 03. 24. 오전 2:37:54 [32m    LOG[39m [38;5;3m[CustomerOrdersController] [39m[32mUser d26831b8-20ef-4b10-8a1c-737a83d9b21f fetching orders (all branches)[39m
[32m[Nest] 28644  - [39m2026. 03. 24. 오전 2:37:54 [32m    LOG[39m [38;5;3m[CustomerOrdersService] [39m[32mFetching orders (all branches) by user d26831b8-20ef-4b10-8a1c-737a83d9b21f[39m
[32m[Nest] 28644  - [39m2026. 03. 24. 오전 2:37:54 [32m    LOG[39m [38;5;3m[CustomerOrdersController] [39m[32mUser d26831b8-20ef-4b10-8a1c-737a83d9b21f fetching orders (all branches)[39m
[32m[Nest] 28644  - [39m2026. 03. 24. 오전 2:37:54 [32m    LOG[39m [38;5;3m[CustomerOrdersService] [39m[32mFetching orders (all branches) by user d26831b8-20ef-4b10-8a1c-737a83d9b21f[39m
[32m[Nest] 28644  - [39m2026. 03. 24. 오전 2:37:54 [32m    LOG[39m [38;5;3m[CustomerOrdersController] [39m[32mUser d26831b8-20ef-4b10-8a1c-737a83d9b21f fetching orders (all branches)[39m
[32m[Nest] 28644  - [39m2026. 03. 24. 오전 2:37:54 [32m    LOG[39m [38;5;3m[CustomerOrdersService] [39m[32mFetching orders (all branches) by user d26831b8-20ef-4b10-8a1c-737a83d9b21f[39m
[32m[Nest] 28644  - [39m2026. 03. 24. 오전 2:37:54 [32m    LOG[39m [38;5;3m[CustomerOrdersController] [39m[32mUser d26831b8-20ef-4b10-8a1c-737a83d9b21f fetching orders (all branches)[39m
[32m[Nest] 28644  - [39m2026. 03. 24. 오전 2:37:54 [32m    LOG[39m [38;5;3m[CustomerOrdersService] [39m[32mFetching orders (all branches) by user d26831b8-20ef-4b10-8a1c-737a83d9b21f[39m
[32m[Nest] 28644  - [39m2026. 03. 24. 오전 2:37:55 [32m    LOG[39m [38;5;3m[CustomerOrdersService] [39m[32mFetched 0 orders[39m
[32m[Nest] 28644  - [39m2026. 03. 24. 오전 2:37:55 [32m    LOG[39m [38;5;3m[HTTP] [39m[32mGET /customer/orders?page=1&limit=1&dateStart=2026-03-24&dateEnd=2026-03-24&status=CONFIRMED - 631ms[39m
[32m[Nest] 28644  - [39m2026. 03. 24. 오전 2:37:55 [32m    LOG[39m [38;5;3m[CustomerOrdersController] [39m[32mUser d26831b8-20ef-4b10-8a1c-737a83d9b21f fetching orders (all branches)[39m
[32m[Nest] 28644  - [39m2026. 03. 24. 오전 2:37:55 [32m    LOG[39m [38;5;3m[CustomerOrdersService] [39m[32mFetching orders (all branches) by user d26831b8-20ef-4b10-8a1c-737a83d9b21f[39m
[32m[Nest] 28644  - [39m2026. 03. 24. 오전 2:37:55 [32m    LOG[39m [38;5;3m[CustomerOrdersService] [39m[32mFetched 0 orders[39m
[32m[Nest] 28644  - [39m2026. 03. 24. 오전 2:37:55 [32m    LOG[39m [38;5;3m[HTTP] [39m[32mGET /customer/orders?page=1&limit=1&dateStart=2026-03-24&dateEnd=2026-03-24&status=CANCELLED - 654ms[39m
[32m[Nest] 28644  - [39m2026. 03. 24. 오전 2:37:55 [32m    LOG[39m [38;5;3m[CustomerOrdersService] [39m[32mFetched 0 orders[39m
[32m[Nest] 28644  - [39m2026. 03. 24. 오전 2:37:55 [32m    LOG[39m [38;5;3m[HTTP] [39m[32mGET /customer/orders?page=1&limit=1&dateStart=2026-03-24&dateEnd=2026-03-24&status=READY - 669ms[39m
[32m[Nest] 28644  - [39m2026. 03. 24. 오전 2:37:55 [32m    LOG[39m [38;5;3m[CustomerOrdersService] [39m[32mFetched 0 orders[39m
[32m[Nest] 28644  - [39m2026. 03. 24. 오전 2:37:55 [32m    LOG[39m [38;5;3m[HTTP] [39m[32mGET /customer/orders?page=1&limit=1&dateStart=2026-03-24&dateEnd=2026-03-24&status=COMPLETED - 674ms[39m
[32m[Nest] 28644  - [39m2026. 03. 24. 오전 2:37:55 [32m    LOG[39m [38;5;3m[CustomerOrdersService] [39m[32mFetched 0 orders[39m
[32m[Nest] 28644  - [39m2026. 03. 24. 오전 2:37:55 [32m    LOG[39m [38;5;3m[HTTP] [39m[32mGET /customer/orders?page=1&limit=1&dateStart=2026-03-24&dateEnd=2026-03-24&status=PREPARING - 691ms[39m
[33m[Nest] 28644  - [39m2026. 03. 24. 오전 2:37:55 [33m   WARN[39m [38;5;3m[CustomerOrdersService] [39m[33mFailed to load order payment methods for customer orders: column orders.payment_method does not exist[39m
[32m[Nest] 28644  - [39m2026. 03. 24. 오전 2:37:55 [32m    LOG[39m [38;5;3m[CustomerOrdersService] [39m[32mFetched 0 orders[39m
[32m[Nest] 28644  - [39m2026. 03. 24. 오전 2:37:55 [32m    LOG[39m [38;5;3m[HTTP] [39m[32mGET /customer/orders?page=1&limit=1&dateStart=2026-03-24&dateEnd=2026-03-24&status=REFUNDED - 726ms[39m
[32m[Nest] 28644  - [39m2026. 03. 24. 오전 2:37:56 [32m    LOG[39m [38;5;3m[CustomerOrdersService] [39m[32mFetched 1 orders[39m
[32m[Nest] 28644  - [39m2026. 03. 24. 오전 2:37:56 [32m    LOG[39m [38;5;3m[HTTP] [39m[32mGET /customer/orders?page=1&limit=1&dateStart=2026-03-24&dateEnd=2026-03-24&status=CREATED - 1782ms[39m
[32m[Nest] 28644  - [39m2026. 03. 24. 오전 2:38:03 [32m    LOG[39m [38;5;3m[CustomerGuard] [39m[32mCustomerGuard: User d26831b8-20ef-4b10-8a1c-737a83d9b21f authorized with 1 brand(s) and 0 branch(es)[39m
[32m[Nest] 28644  - [39m2026. 03. 24. 오전 2:38:03 [32m    LOG[39m [38;5;3m[CustomerOrdersController] [39m[32mUser d26831b8-20ef-4b10-8a1c-737a83d9b21f fetching orders (all branches)[39m
[32m[Nest] 28644  - [39m2026. 03. 24. 오전 2:38:03 [32m    LOG[39m [38;5;3m[CustomerOrdersService] [39m[32mFetching orders (all branches) by user d26831b8-20ef-4b10-8a1c-737a83d9b21f[39m
[32m[Nest] 28644  - [39m2026. 03. 24. 오전 2:38:03 [32m    LOG[39m [38;5;3m[CustomerGuard] [39m[32mCustomerGuard: User d26831b8-20ef-4b10-8a1c-737a83d9b21f authorized with 1 brand(s) and 0 branch(es)[39m
[32m[Nest] 28644  - [39m2026. 03. 24. 오전 2:38:03 [32m    LOG[39m [38;5;3m[CustomerOrdersController] [39m[32mUser d26831b8-20ef-4b10-8a1c-737a83d9b21f fetching orders (all branches)[39m
[32m[Nest] 28644  - [39m2026. 03. 24. 오전 2:38:03 [32m    LOG[39m [38;5;3m[CustomerOrdersService] [39m[32mFetching orders (all branches) by user d26831b8-20ef-4b10-8a1c-737a83d9b21f[39m
[32m[Nest] 28644  - [39m2026. 03. 24. 오전 2:38:04 [32m    LOG[39m [38;5;3m[CustomerGuard] [39m[32mCustomerGuard: User d26831b8-20ef-4b10-8a1c-737a83d9b21f authorized with 1 brand(s) and 0 branch(es)[39m
[32m[Nest] 28644  - [39m2026. 03. 24. 오전 2:38:04 [32m    LOG[39m [38;5;3m[CustomerBranchesController] [39m[32mUser d26831b8-20ef-4b10-8a1c-737a83d9b21f fetching branches (all)[39m
[32m[Nest] 28644  - [39m2026. 03. 24. 오전 2:38:04 [32m    LOG[39m [38;5;3m[CustomerBranchesService] [39m[32mFetching all accessible branches for user d26831b8-20ef-4b10-8a1c-737a83d9b21f[39m
[32m[Nest] 28644  - [39m2026. 03. 24. 오전 2:38:04 [32m    LOG[39m [38;5;3m[CustomerBranchesService] [39m[32mFetched 3 accessible branches for user d26831b8-20ef-4b10-8a1c-737a83d9b21f[39m
[32m[Nest] 28644  - [39m2026. 03. 24. 오전 2:38:04 [32m    LOG[39m [38;5;3m[HTTP] [39m[32mGET /customer/branches - 166ms[39m
[33m[Nest] 28644  - [39m2026. 03. 24. 오전 2:38:04 [33m   WARN[39m [38;5;3m[CustomerOrdersService] [39m[33mFailed to load order payment methods for customer orders: column orders.payment_method does not exist[39m
[33m[Nest] 28644  - [39m2026. 03. 24. 오전 2:38:04 [33m   WARN[39m [38;5;3m[CustomerOrdersService] [39m[33mFailed to load order payment methods for customer orders: column orders.payment_method does not exist[39m
[32m[Nest] 28644  - [39m2026. 03. 24. 오전 2:38:04 [32m    LOG[39m [38;5;3m[CustomerGuard] [39m[32mCustomerGuard: User d26831b8-20ef-4b10-8a1c-737a83d9b21f authorized with 1 brand(s) and 0 branch(es)[39m
[32m[Nest] 28644  - [39m2026. 03. 24. 오전 2:38:04 [32m    LOG[39m [38;5;3m[CustomerBrandsService] [39m[32mFetching brands for user: d26831b8-20ef-4b10-8a1c-737a83d9b21f[39m
[32m[Nest] 28644  - [39m2026. 03. 24. 오전 2:38:04 [32m    LOG[39m [38;5;3m[CustomerBrandsService] [39m[32mFetched 1 brands for user: d26831b8-20ef-4b10-8a1c-737a83d9b21f[39m
[32m[Nest] 28644  - [39m2026. 03. 24. 오전 2:38:04 [32m    LOG[39m [38;5;3m[HTTP] [39m[32mGET /customer/brands - 172ms[39m
[32m[Nest] 28644  - [39m2026. 03. 24. 오전 2:38:04 [32m    LOG[39m [38;5;3m[CustomerOrdersService] [39m[32mFetched 1 orders[39m
[32m[Nest] 28644  - [39m2026. 03. 24. 오전 2:38:04 [32m    LOG[39m [38;5;3m[HTTP] [39m[32mGET /customer/orders?page=1&limit=1&dateStart=2026-03-24&dateEnd=2026-03-24 - 1642ms[39m
[32m[Nest] 28644  - [39m2026. 03. 24. 오전 2:38:04 [32m    LOG[39m [38;5;3m[CustomerOrdersController] [39m[32mUser d26831b8-20ef-4b10-8a1c-737a83d9b21f fetching orders (all branches)[39m
[32m[Nest] 28644  - [39m2026. 03. 24. 오전 2:38:04 [32m    LOG[39m [38;5;3m[CustomerOrdersService] [39m[32mFetching orders (all branches) by user d26831b8-20ef-4b10-8a1c-737a83d9b21f[39m
[32m[Nest] 28644  - [39m2026. 03. 24. 오전 2:38:04 [32m    LOG[39m [38;5;3m[CustomerOrdersController] [39m[32mUser d26831b8-20ef-4b10-8a1c-737a83d9b21f fetching orders (all branches)[39m
[32m[Nest] 28644  - [39m2026. 03. 24. 오전 2:38:04 [32m    LOG[39m [38;5;3m[CustomerOrdersService] [39m[32mFetching orders (all branches) by user d26831b8-20ef-4b10-8a1c-737a83d9b21f[39m
[32m[Nest] 28644  - [39m2026. 03. 24. 오전 2:38:04 [32m    LOG[39m [38;5;3m[CustomerOrdersController] [39m[32mUser d26831b8-20ef-4b10-8a1c-737a83d9b21f fetching orders (all branches)[39m
[32m[Nest] 28644  - [39m2026. 03. 24. 오전 2:38:04 [32m    LOG[39m [38;5;3m[CustomerOrdersService] [39m[32mFetching orders (all branches) by user d26831b8-20ef-4b10-8a1c-737a83d9b21f[39m
[32m[Nest] 28644  - [39m2026. 03. 24. 오전 2:38:04 [32m    LOG[39m [38;5;3m[CustomerOrdersController] [39m[32mUser d26831b8-20ef-4b10-8a1c-737a83d9b21f fetching orders (all branches)[39m
[32m[Nest] 28644  - [39m2026. 03. 24. 오전 2:38:04 [32m    LOG[39m [38;5;3m[CustomerOrdersService] [39m[32mFetching orders (all branches) by user d26831b8-20ef-4b10-8a1c-737a83d9b21f[39m
[32m[Nest] 28644  - [39m2026. 03. 24. 오전 2:38:05 [32m    LOG[39m [38;5;3m[CustomerGuard] [39m[32mCustomerGuard: User d26831b8-20ef-4b10-8a1c-737a83d9b21f authorized with 1 brand(s) and 0 branch(es)[39m
[32m[Nest] 28644  - [39m2026. 03. 24. 오전 2:38:05 [32m    LOG[39m [38;5;3m[InventoryController] [39m[32mUser d26831b8-20ef-4b10-8a1c-737a83d9b21f fetching low stock alerts for all branches[39m
[32m[Nest] 28644  - [39m2026. 03. 24. 오전 2:38:05 [32m    LOG[39m [38;5;3m[InventoryService] [39m[32mFetching low stock alerts for all branches by user d26831b8-20ef-4b10-8a1c-737a83d9b21f[39m
[32m[Nest] 28644  - [39m2026. 03. 24. 오전 2:38:05 [32m    LOG[39m [38;5;3m[CustomerOrdersService] [39m[32mFetched 9 orders[39m
[32m[Nest] 28644  - [39m2026. 03. 24. 오전 2:38:05 [32m    LOG[39m [38;5;3m[HTTP] [39m[32mGET /customer/orders?page=1&limit=20&dateStart=2026-03-24&dateEnd=2026-03-24 - 1710ms[39m
[32m[Nest] 28644  - [39m2026. 03. 24. 오전 2:38:05 [32m    LOG[39m [38;5;3m[CustomerOrdersController] [39m[32mUser d26831b8-20ef-4b10-8a1c-737a83d9b21f fetching orders (all branches)[39m
[32m[Nest] 28644  - [39m2026. 03. 24. 오전 2:38:05 [32m    LOG[39m [38;5;3m[CustomerOrdersService] [39m[32mFetching orders (all branches) by user d26831b8-20ef-4b10-8a1c-737a83d9b21f[39m
[32m[Nest] 28644  - [39m2026. 03. 24. 오전 2:38:05 [32m    LOG[39m [38;5;3m[InventoryService] [39m[32mFound 6 low stock items for all branches[39m
[32m[Nest] 28644  - [39m2026. 03. 24. 오전 2:38:05 [32m    LOG[39m [38;5;3m[HTTP] [39m[32mGET /customer/inventory/alerts - 347ms[39m
[32m[Nest] 28644  - [39m2026. 03. 24. 오전 2:38:05 [32m    LOG[39m [38;5;3m[CustomerOrdersController] [39m[32mUser d26831b8-20ef-4b10-8a1c-737a83d9b21f fetching orders (all branches)[39m
[32m[Nest] 28644  - [39m2026. 03. 24. 오전 2:38:05 [32m    LOG[39m [38;5;3m[CustomerOrdersService] [39m[32mFetching orders (all branches) by user d26831b8-20ef-4b10-8a1c-737a83d9b21f[39m
[32m[Nest] 28644  - [39m2026. 03. 24. 오전 2:38:05 [32m    LOG[39m [38;5;3m[CustomerOrdersService] [39m[32mFetched 0 orders[39m
[32m[Nest] 28644  - [39m2026. 03. 24. 오전 2:38:05 [32m    LOG[39m [38;5;3m[HTTP] [39m[32mGET /customer/orders?page=1&limit=1&dateStart=2026-03-24&dateEnd=2026-03-24&status=PREPARING - 530ms[39m
[32m[Nest] 28644  - [39m2026. 03. 24. 오전 2:38:05 [32m    LOG[39m [38;5;3m[CustomerOrdersController] [39m[32mUser d26831b8-20ef-4b10-8a1c-737a83d9b21f fetching orders (all branches)[39m
[32m[Nest] 28644  - [39m2026. 03. 24. 오전 2:38:05 [32m    LOG[39m [38;5;3m[CustomerOrdersService] [39m[32mFetching orders (all branches) by user d26831b8-20ef-4b10-8a1c-737a83d9b21f[39m
[32m[Nest] 28644  - [39m2026. 03. 24. 오전 2:38:05 [32m    LOG[39m [38;5;3m[CustomerOrdersService] [39m[32mFetched 0 orders[39m
[32m[Nest] 28644  - [39m2026. 03. 24. 오전 2:38:05 [32m    LOG[39m [38;5;3m[HTTP] [39m[32mGET /customer/orders?page=1&limit=1&dateStart=2026-03-24&dateEnd=2026-03-24&status=READY - 560ms[39m
[32m[Nest] 28644  - [39m2026. 03. 24. 오전 2:38:05 [32m    LOG[39m [38;5;3m[CustomerOrdersController] [39m[32mUser d26831b8-20ef-4b10-8a1c-737a83d9b21f fetching orders (all branches)[39m
[32m[Nest] 28644  - [39m2026. 03. 24. 오전 2:38:05 [32m    LOG[39m [38;5;3m[CustomerOrdersService] [39m[32mFetching orders (all branches) by user d26831b8-20ef-4b10-8a1c-737a83d9b21f[39m
[32m[Nest] 28644  - [39m2026. 03. 24. 오전 2:38:05 [32m    LOG[39m [38;5;3m[CustomerOrdersService] [39m[32mFetched 0 orders[39m
[32m[Nest] 28644  - [39m2026. 03. 24. 오전 2:38:05 [32m    LOG[39m [38;5;3m[HTTP] [39m[32mGET /customer/orders?page=1&limit=1&dateStart=2026-03-24&dateEnd=2026-03-24&status=COMPLETED - 510ms[39m
[32m[Nest] 28644  - [39m2026. 03. 24. 오전 2:38:05 [32m    LOG[39m [38;5;3m[CustomerOrdersService] [39m[32mFetched 0 orders[39m
[32m[Nest] 28644  - [39m2026. 03. 24. 오전 2:38:05 [32m    LOG[39m [38;5;3m[HTTP] [39m[32mGET /customer/orders?page=1&limit=1&dateStart=2026-03-24&dateEnd=2026-03-24&status=CONFIRMED - 624ms[39m
[32m[Nest] 28644  - [39m2026. 03. 24. 오전 2:38:05 [32m    LOG[39m [38;5;3m[CustomerOrdersService] [39m[32mFetched 0 orders[39m
[32m[Nest] 28644  - [39m2026. 03. 24. 오전 2:38:05 [32m    LOG[39m [38;5;3m[HTTP] [39m[32mGET /customer/orders?page=1&limit=1&dateStart=2026-03-24&dateEnd=2026-03-24&status=CANCELLED - 505ms[39m
[33m[Nest] 28644  - [39m2026. 03. 24. 오전 2:38:05 [33m   WARN[39m [38;5;3m[CustomerOrdersService] [39m[33mFailed to load order payment methods for customer orders: column orders.payment_method does not exist[39m
[32m[Nest] 28644  - [39m2026. 03. 24. 오전 2:38:05 [32m    LOG[39m [38;5;3m[CustomerOrdersService] [39m[32mFetched 0 orders[39m
[32m[Nest] 28644  - [39m2026. 03. 24. 오전 2:38:05 [32m    LOG[39m [38;5;3m[HTTP] [39m[32mGET /customer/orders?page=1&limit=1&dateStart=2026-03-24&dateEnd=2026-03-24&status=REFUNDED - 497ms[39m
[32m[Nest] 28644  - [39m2026. 03. 24. 오전 2:38:06 [32m    LOG[39m [38;5;3m[CustomerOrdersService] [39m[32mFetched 1 orders[39m
[32m[Nest] 28644  - [39m2026. 03. 24. 오전 2:38:06 [32m    LOG[39m [38;5;3m[HTTP] [39m[32mGET /customer/orders?page=1&limit=1&dateStart=2026-03-24&dateEnd=2026-03-24&status=CREATED - 1520ms[39m
[33m[Nest] 28644  - [39m2026. 03. 24. 오전 2:38:06 [33m   WARN[39m [38;5;3m[CustomerOrdersService] [39m[33mFailed to load order payment methods for customer orders: column orders.payment_method does not exist[39m
[32m[Nest] 28644  - [39m2026. 03. 24. 오전 2:38:07 [32m    LOG[39m [38;5;3m[CustomerOrdersService] [39m[32mFetched 13 orders[39m
[32m[Nest] 28644  - [39m2026. 03. 24. 오전 2:38:07 [32m    LOG[39m [38;5;3m[HTTP] [39m[32mGET /customer/orders?page=1&limit=20 - 1512ms[39m
[32m[Nest] 28644  - [39m2026. 03. 24. 오전 2:38:07 [32m    LOG[39m [38;5;3m[CustomerBranchesController] [39m[32mUser d26831b8-20ef-4b10-8a1c-737a83d9b21f fetching branches (all)[39m
[32m[Nest] 28644  - [39m2026. 03. 24. 오전 2:38:07 [32m    LOG[39m [38;5;3m[CustomerBranchesService] [39m[32mFetching all accessible branches for user d26831b8-20ef-4b10-8a1c-737a83d9b21f[39m
[32m[Nest] 28644  - [39m2026. 03. 24. 오전 2:38:07 [32m    LOG[39m [38;5;3m[CustomerOrdersController] [39m[32mUser d26831b8-20ef-4b10-8a1c-737a83d9b21f fetching orders (all branches)[39m
[32m[Nest] 28644  - [39m2026. 03. 24. 오전 2:38:07 [32m    LOG[39m [38;5;3m[CustomerOrdersService] [39m[32mFetching orders (all branches) by user d26831b8-20ef-4b10-8a1c-737a83d9b21f[39m
[32m[Nest] 28644  - [39m2026. 03. 24. 오전 2:38:07 [32m    LOG[39m [38;5;3m[CustomerOrdersController] [39m[32mUser d26831b8-20ef-4b10-8a1c-737a83d9b21f fetching orders (all branches)[39m
[32m[Nest] 28644  - [39m2026. 03. 24. 오전 2:38:07 [32m    LOG[39m [38;5;3m[CustomerOrdersService] [39m[32mFetching orders (all branches) by user d26831b8-20ef-4b10-8a1c-737a83d9b21f[39m
[32m[Nest] 28644  - [39m2026. 03. 24. 오전 2:38:08 [32m    LOG[39m [38;5;3m[CustomerBranchesService] [39m[32mFetched 3 accessible branches for user d26831b8-20ef-4b10-8a1c-737a83d9b21f[39m
[32m[Nest] 28644  - [39m2026. 03. 24. 오전 2:38:08 [32m    LOG[39m [38;5;3m[HTTP] [39m[32mGET /customer/branches - 174ms[39m
[32m[Nest] 28644  - [39m2026. 03. 24. 오전 2:38:08 [32m    LOG[39m [38;5;3m[CustomerBrandsService] [39m[32mFetching brands for user: d26831b8-20ef-4b10-8a1c-737a83d9b21f[39m
[32m[Nest] 28644  - [39m2026. 03. 24. 오전 2:38:08 [32m    LOG[39m [38;5;3m[CustomerBrandsService] [39m[32mFetched 1 brands for user: d26831b8-20ef-4b10-8a1c-737a83d9b21f[39m
[32m[Nest] 28644  - [39m2026. 03. 24. 오전 2:38:08 [32m    LOG[39m [38;5;3m[HTTP] [39m[32mGET /customer/brands - 174ms[39m
[33m[Nest] 28644  - [39m2026. 03. 24. 오전 2:38:08 [33m   WARN[39m [38;5;3m[CustomerOrdersService] [39m[33mFailed to load order payment methods for customer orders: column orders.payment_method does not exist[39m
[33m[Nest] 28644  - [39m2026. 03. 24. 오전 2:38:08 [33m   WARN[39m [38;5;3m[CustomerOrdersService] [39m[33mFailed to load order payment methods for customer orders: column orders.payment_method does not exist[39m
[32m[Nest] 28644  - [39m2026. 03. 24. 오전 2:38:09 [32m    LOG[39m [38;5;3m[CustomerOrdersService] [39m[32mFetched 1 orders[39m
[32m[Nest] 28644  - [39m2026. 03. 24. 오전 2:38:09 [32m    LOG[39m [38;5;3m[HTTP] [39m[32mGET /customer/orders?page=1&limit=1&dateStart=2026-03-24&dateEnd=2026-03-24 - 1454ms[39m
[32m[Nest] 28644  - [39m2026. 03. 24. 오전 2:38:09 [32m    LOG[39m [38;5;3m[CustomerOrdersController] [39m[32mUser d26831b8-20ef-4b10-8a1c-737a83d9b21f fetching orders (all branches)[39m
[32m[Nest] 28644  - [39m2026. 03. 24. 오전 2:38:09 [32m    LOG[39m [38;5;3m[CustomerOrdersService] [39m[32mFetching orders (all branches) by user d26831b8-20ef-4b10-8a1c-737a83d9b21f[39m
[32m[Nest] 28644  - [39m2026. 03. 24. 오전 2:38:09 [32m    LOG[39m [38;5;3m[CustomerOrdersController] [39m[32mUser d26831b8-20ef-4b10-8a1c-737a83d9b21f fetching orders (all branches)[39m
[32m[Nest] 28644  - [39m2026. 03. 24. 오전 2:38:09 [32m    LOG[39m [38;5;3m[CustomerOrdersService] [39m[32mFetching orders (all branches) by user d26831b8-20ef-4b10-8a1c-737a83d9b21f[39m
[32m[Nest] 28644  - [39m2026. 03. 24. 오전 2:38:09 [32m    LOG[39m [38;5;3m[CustomerOrdersController] [39m[32mUser d26831b8-20ef-4b10-8a1c-737a83d9b21f fetching orders (all branches)[39m
[32m[Nest] 28644  - [39m2026. 03. 24. 오전 2:38:09 [32m    LOG[39m [38;5;3m[CustomerOrdersService] [39m[32mFetching orders (all branches) by user d26831b8-20ef-4b10-8a1c-737a83d9b21f[39m
[32m[Nest] 28644  - [39m2026. 03. 24. 오전 2:38:09 [32m    LOG[39m [38;5;3m[CustomerOrdersController] [39m[32mUser d26831b8-20ef-4b10-8a1c-737a83d9b21f fetching orders (all branches)[39m
[32m[Nest] 28644  - [39m2026. 03. 24. 오전 2:38:09 [32m    LOG[39m [38;5;3m[CustomerOrdersService] [39m[32mFetching orders (all branches) by user d26831b8-20ef-4b10-8a1c-737a83d9b21f[39m
[32m[Nest] 28644  - [39m2026. 03. 24. 오전 2:38:09 [32m    LOG[39m [38;5;3m[CustomerOrdersController] [39m[32mUser d26831b8-20ef-4b10-8a1c-737a83d9b21f fetching orders (all branches)[39m
[32m[Nest] 28644  - [39m2026. 03. 24. 오전 2:38:09 [32m    LOG[39m [38;5;3m[CustomerOrdersService] [39m[32mFetching orders (all branches) by user d26831b8-20ef-4b10-8a1c-737a83d9b21f[39m
[32m[Nest] 28644  - [39m2026. 03. 24. 오전 2:38:09 [32m    LOG[39m [38;5;3m[CustomerOrdersService] [39m[32mFetched 9 orders[39m
[32m[Nest] 28644  - [39m2026. 03. 24. 오전 2:38:09 [32m    LOG[39m [38;5;3m[HTTP] [39m[32mGET /customer/orders?page=1&limit=20&dateStart=2026-03-24&dateEnd=2026-03-24 - 1537ms[39m
[32m[Nest] 28644  - [39m2026. 03. 24. 오전 2:38:09 [32m    LOG[39m [38;5;3m[CustomerOrdersController] [39m[32mUser d26831b8-20ef-4b10-8a1c-737a83d9b21f fetching orders (all branches)[39m
[32m[Nest] 28644  - [39m2026. 03. 24. 오전 2:38:09 [32m    LOG[39m [38;5;3m[CustomerOrdersService] [39m[32mFetching orders (all branches) by user d26831b8-20ef-4b10-8a1c-737a83d9b21f[39m
[32m[Nest] 28644  - [39m2026. 03. 24. 오전 2:38:09 [32m    LOG[39m [38;5;3m[CustomerOrdersService] [39m[32mFetched 0 orders[39m
[32m[Nest] 28644  - [39m2026. 03. 24. 오전 2:38:09 [32m    LOG[39m [38;5;3m[HTTP] [39m[32mGET /customer/orders?page=1&limit=1&dateStart=2026-03-24&dateEnd=2026-03-24&status=CONFIRMED - 523ms[39m
[32m[Nest] 28644  - [39m2026. 03. 24. 오전 2:38:09 [32m    LOG[39m [38;5;3m[CustomerOrdersController] [39m[32mUser d26831b8-20ef-4b10-8a1c-737a83d9b21f fetching orders (all branches)[39m
[32m[Nest] 28644  - [39m2026. 03. 24. 오전 2:38:09 [32m    LOG[39m [38;5;3m[CustomerOrdersService] [39m[32mFetching orders (all branches) by user d26831b8-20ef-4b10-8a1c-737a83d9b21f[39m
[32m[Nest] 28644  - [39m2026. 03. 24. 오전 2:38:09 [32m    LOG[39m [38;5;3m[CustomerOrdersService] [39m[32mFetched 0 orders[39m
[32m[Nest] 28644  - [39m2026. 03. 24. 오전 2:38:09 [32m    LOG[39m [38;5;3m[HTTP] [39m[32mGET /customer/orders?page=1&limit=1&dateStart=2026-03-24&dateEnd=2026-03-24&status=READY - 531ms[39m
[32m[Nest] 28644  - [39m2026. 03. 24. 오전 2:38:09 [32m    LOG[39m [38;5;3m[CustomerOrdersService] [39m[32mFetched 0 orders[39m
[32m[Nest] 28644  - [39m2026. 03. 24. 오전 2:38:09 [32m    LOG[39m [38;5;3m[HTTP] [39m[32mGET /customer/orders?page=1&limit=1&dateStart=2026-03-24&dateEnd=2026-03-24&status=COMPLETED - 530ms[39m
[32m[Nest] 28644  - [39m2026. 03. 24. 오전 2:38:09 [32m    LOG[39m [38;5;3m[CustomerOrdersService] [39m[32mFetched 0 orders[39m
[32m[Nest] 28644  - [39m2026. 03. 24. 오전 2:38:09 [32m    LOG[39m [38;5;3m[HTTP] [39m[32mGET /customer/orders?page=1&limit=1&dateStart=2026-03-24&dateEnd=2026-03-24&status=PREPARING - 562ms[39m
[32m[Nest] 28644  - [39m2026. 03. 24. 오전 2:38:09 [32m    LOG[39m [38;5;3m[CustomerOrdersService] [39m[32mFetched 0 orders[39m
[32m[Nest] 28644  - [39m2026. 03. 24. 오전 2:38:09 [32m    LOG[39m [38;5;3m[HTTP] [39m[32mGET /customer/orders?page=1&limit=1&dateStart=2026-03-24&dateEnd=2026-03-24&status=CANCELLED - 526ms[39m
[32m[Nest] 28644  - [39m2026. 03. 24. 오전 2:38:10 [32m    LOG[39m [38;5;3m[CustomerOrdersService] [39m[32mFetched 0 orders[39m
[32m[Nest] 28644  - [39m2026. 03. 24. 오전 2:38:10 [32m    LOG[39m [38;5;3m[HTTP] [39m[32mGET /customer/orders?page=1&limit=1&dateStart=2026-03-24&dateEnd=2026-03-24&status=REFUNDED - 492ms[39m
[33m[Nest] 28644  - [39m2026. 03. 24. 오전 2:38:10 [33m   WARN[39m [38;5;3m[CustomerOrdersService] [39m[33mFailed to load order payment methods for customer orders: column orders.payment_method does not exist[39m
[32m[Nest] 28644  - [39m2026. 03. 24. 오전 2:38:10 [32m    LOG[39m [38;5;3m[CustomerOrdersService] [39m[32mFetched 1 orders[39m
[32m[Nest] 28644  - [39m2026. 03. 24. 오전 2:38:10 [32m    LOG[39m [38;5;3m[HTTP] [39m[32mGET /customer/orders?page=1&limit=1&dateStart=2026-03-24&dateEnd=2026-03-24&status=CREATED - 1605ms[39m
[33m[Nest] 28644  - [39m2026. 03. 24. 오전 2:38:30 [33m   WARN[39m [38;5;3m[DepositSyncService] [39m[33mShared deposit sheet mapping detected for "시트1" in spreadsheet "1MSwPe5z2ebuU1xNginda2Rt4d4sLrBXh9p5M4rNSKPI" across 2 branches. Deposit rows will be matched across those branches.[39m
[31m[Nest] 28644  - [39m2026. 03. 24. 오전 2:38:33 [31m  ERROR[39m [38;5;3m[DepositSyncService] [39m[31mFailed to auto-match deposit row 22[39m
[31m[Nest] 28644  - [39m2026. 03. 24. 오전 2:38:33 [31m  ERROR[39m [38;5;3m[DepositSyncService] [39mObject(4) {
  code: [32m'P0001'[39m,
  details: [1mnull[22m,
  hint: [1mnull[22m,
  message: [32m'Invalid order status transition: CREATED -> PREPARING'[39m
}
[31m[Nest] 28644  - [39m2026. 03. 24. 오전 2:38:34 [31m  ERROR[39m [38;5;3m[DepositSyncService] [39m[31mFailed to auto-match deposit row 23[39m
[31m[Nest] 28644  - [39m2026. 03. 24. 오전 2:38:34 [31m  ERROR[39m [38;5;3m[DepositSyncService] [39mObject(4) {
  code: [32m'P0001'[39m,
  details: [1mnull[22m,
  hint: [1mnull[22m,
  message: [32m'Invalid order status transition: CREATED -> PREPARING'[39m
}
[32m[Nest] 28644  - [39m2026. 03. 24. 오전 2:39:05 [32m    LOG[39m [38;5;3m[CustomerGuard] [39m[32mCustomerGuard: User d26831b8-20ef-4b10-8a1c-737a83d9b21f authorized with 1 brand(s) and 0 branch(es)[39m
[32m[Nest] 28644  - [39m2026. 03. 24. 오전 2:39:05 [32m    LOG[39m [38;5;3m[InventoryController] [39m[32mUser d26831b8-20ef-4b10-8a1c-737a83d9b21f fetching low stock alerts for all branches[39m
[32m[Nest] 28644  - [39m2026. 03. 24. 오전 2:39:05 [32m    LOG[39m [38;5;3m[InventoryService] [39m[32mFetching low stock alerts for all branches by user d26831b8-20ef-4b10-8a1c-737a83d9b21f[39m
[32m[Nest] 28644  - [39m2026. 03. 24. 오전 2:39:06 [32m    LOG[39m [38;5;3m[InventoryService] [39m[32mFound 6 low stock items for all branches[39m
[32m[Nest] 28644  - [39m2026. 03. 24. 오전 2:39:06 [32m    LOG[39m [38;5;3m[HTTP] [39m[32mGET /customer/inventory/alerts - 414ms[39m
[32m[Nest] 28644  - [39m2026. 03. 24. 오전 2:39:06 [32m    LOG[39m [38;5;3m[CustomerGuard] [39m[32mCustomerGuard: User d26831b8-20ef-4b10-8a1c-737a83d9b21f authorized with 1 brand(s) and 0 branch(es)[39m
[32m[Nest] 28644  - [39m2026. 03. 24. 오전 2:39:06 [32m    LOG[39m [38;5;3m[CustomerOrdersController] [39m[32mUser d26831b8-20ef-4b10-8a1c-737a83d9b21f fetching orders (all branches)[39m
[32m[Nest] 28644  - [39m2026. 03. 24. 오전 2:39:06 [32m    LOG[39m [38;5;3m[CustomerOrdersService] [39m[32mFetching orders (all branches) by user d26831b8-20ef-4b10-8a1c-737a83d9b21f[39m
[33m[Nest] 28644  - [39m2026. 03. 24. 오전 2:39:08 [33m   WARN[39m [38;5;3m[CustomerOrdersService] [39m[33mFailed to load order payment methods for customer orders: column orders.payment_method does not exist[39m
[32m[Nest] 28644  - [39m2026. 03. 24. 오전 2:39:08 [32m    LOG[39m [38;5;3m[CustomerOrdersService] [39m[32mFetched 13 orders[39m
[32m[Nest] 28644  - [39m2026. 03. 24. 오전 2:39:08 [32m    LOG[39m [38;5;3m[HTTP] [39m[32mGET /customer/orders?page=1&limit=20 - 1723ms[39m
[2J[3J[H[[90m오전 2:50:25[0m] File change detected. Starting incremental compilation...

[96msrc/modules/deposit-sync/deposit-sync.service.ts[0m:[93m423[0m:[93m37[0m - [91merror[0m[90m TS2339: [0mProperty 'transitionOrderToPreparing' does not exist on type 'DepositSyncService'.

[7m423[0m     const updatedOrder = await this.transitionOrderToPreparing(order);
[7m   [0m [91m                                    ~~~~~~~~~~~~~~~~~~~~~~~~~~[0m

[[90m오전 2:50:26[0m] Found 1 error. Watching for file changes.

[2J[3J[H[[90m오전 2:51:44[0m] File change detected. Starting incremental compilation...

[[90m오전 2:51:45[0m] Found 0 errors. Watching for file changes.

[33m[Nest] 42788  - [39m2026. 03. 24. 오전 2:51:50 [33m   WARN[39m [38;5;3m[Bootstrap] [39m[33mTOSS_SECRET_KEY not set — payment module will run in mock mode[39m
[33m[Nest] 42788  - [39m2026. 03. 24. 오전 2:51:50 [33m   WARN[39m [38;5;3m[Bootstrap] [39m[33mSENDGRID_API_KEY not set — email notifications will run in mock mode[39m
[33m[Nest] 42788  - [39m2026. 03. 24. 오전 2:51:50 [33m   WARN[39m [38;5;3m[Bootstrap] [39m[33mSMS_API_KEY not set — SMS notifications will run in mock mode[39m
[32m[Nest] 42788  - [39m2026. 03. 24. 오전 2:51:50 [32m    LOG[39m [38;5;3m[NestFactory] [39m[32mStarting Nest application...[39m[38;5;3m +6ms[39m
[32m[Nest] 42788  - [39m2026. 03. 24. 오전 2:51:50 [32m    LOG[39m [38;5;3m[InstanceLoader] [39m[32mConfigHostModule dependencies initialized[39m[38;5;3m +25ms[39m
[32m[Nest] 42788  - [39m2026. 03. 24. 오전 2:51:50 [32m    LOG[39m [38;5;3m[InstanceLoader] [39m[32mThrottlerModule dependencies initialized[39m[38;5;3m +1ms[39m
[33m[Nest] 42788  - [39m2026. 03. 24. 오전 2:51:50 [33m   WARN[39m [38;5;3m[NotificationsService] [39m[33mEmail notification running in mock mode (set SENDGRID_API_KEY + SENDGRID_LIVE_MODE=true for live mode)[39m
[33m[Nest] 42788  - [39m2026. 03. 24. 오전 2:51:50 [33m   WARN[39m [38;5;3m[NotificationsService] [39m[33mSMS notification running in mock mode (set SMS_API_KEY + SMS_API_URL + SMS_LIVE_MODE=true for live mode)[39m
[32m[Nest] 42788  - [39m2026. 03. 24. 오전 2:51:50 [32m    LOG[39m [38;5;3m[InstanceLoader] [39m[32mConfigModule dependencies initialized[39m[38;5;3m +1ms[39m
[32m[Nest] 42788  - [39m2026. 03. 24. 오전 2:51:50 [32m    LOG[39m [38;5;3m[InstanceLoader] [39m[32mConfigModule dependencies initialized[39m[38;5;3m +0ms[39m
[32m[Nest] 42788  - [39m2026. 03. 24. 오전 2:51:50 [32m    LOG[39m [38;5;3m[InstanceLoader] [39m[32mCacheModule dependencies initialized[39m[38;5;3m +0ms[39m
[32m[Nest] 42788  - [39m2026. 03. 24. 오전 2:51:50 [32m    LOG[39m [38;5;3m[InstanceLoader] [39m[32mTerminusModule dependencies initialized[39m[38;5;3m +0ms[39m
[33m[Nest] 42788  - [39m2026. 03. 24. 오전 2:51:50 [33m   WARN[39m [38;5;3m[ExportsQueue] [39m[33mbullmq package is not installed; order export queue and worker are disabled.[39m
[32m[Nest] 42788  - [39m2026. 03. 24. 오전 2:51:50 [32m    LOG[39m [38;5;3m[InstanceLoader] [39m[32mSupabaseModule dependencies initialized[39m[38;5;3m +2ms[39m
[32m[Nest] 42788  - [39m2026. 03. 24. 오전 2:51:50 [32m    LOG[39m [38;5;3m[InstanceLoader] [39m[32mAppModule dependencies initialized[39m[38;5;3m +2ms[39m
[32m[Nest] 42788  - [39m2026. 03. 24. 오전 2:51:50 [32m    LOG[39m [38;5;3m[InstanceLoader] [39m[32mDepositSyncModule dependencies initialized[39m[38;5;3m +1ms[39m
[32m[Nest] 42788  - [39m2026. 03. 24. 오전 2:51:50 [32m    LOG[39m [38;5;3m[InstanceLoader] [39m[32mAuthModule dependencies initialized[39m[38;5;3m +2ms[39m
[32m[Nest] 42788  - [39m2026. 03. 24. 오전 2:51:50 [32m    LOG[39m [38;5;3m[InstanceLoader] [39m[32mHealthModule dependencies initialized[39m[38;5;3m +0ms[39m
[32m[Nest] 42788  - [39m2026. 03. 24. 오전 2:51:50 [32m    LOG[39m [38;5;3m[InstanceLoader] [39m[32mPaymentsModule dependencies initialized[39m[38;5;3m +1ms[39m
[32m[Nest] 42788  - [39m2026. 03. 24. 오전 2:51:50 [32m    LOG[39m [38;5;3m[InstanceLoader] [39m[32mProductsModule dependencies initialized[39m[38;5;3m +0ms[39m
[32m[Nest] 42788  - [39m2026. 03. 24. 오전 2:51:50 [32m    LOG[39m [38;5;3m[InstanceLoader] [39m[32mBranchesModule dependencies initialized[39m[38;5;3m +0ms[39m
[32m[Nest] 42788  - [39m2026. 03. 24. 오전 2:51:50 [32m    LOG[39m [38;5;3m[InstanceLoader] [39m[32mBrandsModule dependencies initialized[39m[38;5;3m +0ms[39m
[32m[Nest] 42788  - [39m2026. 03. 24. 오전 2:51:50 [32m    LOG[39m [38;5;3m[InstanceLoader] [39m[32mMembersModule dependencies initialized[39m[38;5;3m +0ms[39m
[32m[Nest] 42788  - [39m2026. 03. 24. 오전 2:51:50 [32m    LOG[39m [38;5;3m[InstanceLoader] [39m[32mDashboardModule dependencies initialized[39m[38;5;3m +0ms[39m
[32m[Nest] 42788  - [39m2026. 03. 24. 오전 2:51:50 [32m    LOG[39m [38;5;3m[InstanceLoader] [39m[32mInventoryModule dependencies initialized[39m[38;5;3m +0ms[39m
[32m[Nest] 42788  - [39m2026. 03. 24. 오전 2:51:50 [32m    LOG[39m [38;5;3m[InstanceLoader] [39m[32mStampsModule dependencies initialized[39m[38;5;3m +0ms[39m
[32m[Nest] 42788  - [39m2026. 03. 24. 오전 2:51:50 [32m    LOG[39m [38;5;3m[InstanceLoader] [39m[32mCustomerDashboardModule dependencies initialized[39m[38;5;3m +0ms[39m
[32m[Nest] 42788  - [39m2026. 03. 24. 오전 2:51:50 [32m    LOG[39m [38;5;3m[InstanceLoader] [39m[32mCustomerBrandsModule dependencies initialized[39m[38;5;3m +1ms[39m
[32m[Nest] 42788  - [39m2026. 03. 24. 오전 2:51:50 [32m    LOG[39m [38;5;3m[InstanceLoader] [39m[32mCustomerBranchesModule dependencies initialized[39m[38;5;3m +0ms[39m
[32m[Nest] 42788  - [39m2026. 03. 24. 오전 2:51:50 [32m    LOG[39m [38;5;3m[InstanceLoader] [39m[32mCustomerMembersModule dependencies initialized[39m[38;5;3m +0ms[39m
[32m[Nest] 42788  - [39m2026. 03. 24. 오전 2:51:50 [32m    LOG[39m [38;5;3m[InstanceLoader] [39m[32mCustomerProductsModule dependencies initialized[39m[38;5;3m +0ms[39m
[32m[Nest] 42788  - [39m2026. 03. 24. 오전 2:51:50 [32m    LOG[39m [38;5;3m[InstanceLoader] [39m[32mAnalyticsModule dependencies initialized[39m[38;5;3m +0ms[39m
[32m[Nest] 42788  - [39m2026. 03. 24. 오전 2:51:50 [32m    LOG[39m [38;5;3m[InstanceLoader] [39m[32mUploadModule dependencies initialized[39m[38;5;3m +0ms[39m
[32m[Nest] 42788  - [39m2026. 03. 24. 오전 2:51:50 [32m    LOG[39m [38;5;3m[InstanceLoader] [39m[32mExportsModule dependencies initialized[39m[38;5;3m +0ms[39m
[32m[Nest] 42788  - [39m2026. 03. 24. 오전 2:51:50 [32m    LOG[39m [38;5;3m[InstanceLoader] [39m[32mNotificationsModule dependencies initialized[39m[38;5;3m +0ms[39m
[32m[Nest] 42788  - [39m2026. 03. 24. 오전 2:51:50 [32m    LOG[39m [38;5;3m[InstanceLoader] [39m[32mCustomerOrdersModule dependencies initialized[39m[38;5;3m +0ms[39m
[32m[Nest] 42788  - [39m2026. 03. 24. 오전 2:51:50 [32m    LOG[39m [38;5;3m[InstanceLoader] [39m[32mOrdersModule dependencies initialized[39m[38;5;3m +0ms[39m
[32m[Nest] 42788  - [39m2026. 03. 24. 오전 2:51:50 [32m    LOG[39m [38;5;3m[InstanceLoader] [39m[32mPublicOrderModule dependencies initialized[39m[38;5;3m +1ms[39m
[32m[Nest] 42788  - [39m2026. 03. 24. 오전 2:51:50 [32m    LOG[39m [38;5;3m[RoutesResolver] [39m[32mMeController {/}:[39m[38;5;3m +122ms[39m
[32m[Nest] 42788  - [39m2026. 03. 24. 오전 2:51:50 [32m    LOG[39m [38;5;3m[RouterExplorer] [39m[32mMapped {/me/profile, GET} route[39m[38;5;3m +5ms[39m
[32m[Nest] 42788  - [39m2026. 03. 24. 오전 2:51:50 [32m    LOG[39m [38;5;3m[RouterExplorer] [39m[32mMapped {/me/profile, PATCH} route[39m[38;5;3m +1ms[39m
[32m[Nest] 42788  - [39m2026. 03. 24. 오전 2:51:50 [32m    LOG[39m [38;5;3m[RouterExplorer] [39m[32mMapped {/me, GET} route[39m[38;5;3m +0ms[39m
[32m[Nest] 42788  - [39m2026. 03. 24. 오전 2:51:50 [32m    LOG[39m [38;5;3m[RoutesResolver] [39m[32mOrdersController {/admin/orders}:[39m[38;5;3m +0ms[39m
[32m[Nest] 42788  - [39m2026. 03. 24. 오전 2:51:50 [32m    LOG[39m [38;5;3m[RouterExplorer] [39m[32mMapped {/admin/orders, GET} route[39m[38;5;3m +1ms[39m
[32m[Nest] 42788  - [39m2026. 03. 24. 오전 2:51:50 [32m    LOG[39m [38;5;3m[RouterExplorer] [39m[32mMapped {/admin/orders/:orderId, GET} route[39m[38;5;3m +0ms[39m
[32m[Nest] 42788  - [39m2026. 03. 24. 오전 2:51:50 [32m    LOG[39m [38;5;3m[RouterExplorer] [39m[32mMapped {/admin/orders/:orderId/status, PATCH} route[39m[38;5;3m +0ms[39m
[32m[Nest] 42788  - [39m2026. 03. 24. 오전 2:51:50 [32m    LOG[39m [38;5;3m[RoutesResolver] [39m[32mPaymentsPublicController {/payments}:[39m[38;5;3m +0ms[39m
[32m[Nest] 42788  - [39m2026. 03. 24. 오전 2:51:50 [32m    LOG[39m [38;5;3m[RouterExplorer] [39m[32mMapped {/payments/prepare, POST} route[39m[38;5;3m +1ms[39m
[32m[Nest] 42788  - [39m2026. 03. 24. 오전 2:51:50 [32m    LOG[39m [38;5;3m[RouterExplorer] [39m[32mMapped {/payments/confirm, POST} route[39m[38;5;3m +1ms[39m
[32m[Nest] 42788  - [39m2026. 03. 24. 오전 2:51:50 [32m    LOG[39m [38;5;3m[RouterExplorer] [39m[32mMapped {/payments/:orderId/status, GET} route[39m[38;5;3m +0ms[39m
[32m[Nest] 42788  - [39m2026. 03. 24. 오전 2:51:50 [32m    LOG[39m [38;5;3m[RouterExplorer] [39m[32mMapped {/payments/webhook/toss, POST} route[39m[38;5;3m +0ms[39m
[32m[Nest] 42788  - [39m2026. 03. 24. 오전 2:51:50 [32m    LOG[39m [38;5;3m[RoutesResolver] [39m[32mPaymentsCustomerController {/customer/payments}:[39m[38;5;3m +0ms[39m
[32m[Nest] 42788  - [39m2026. 03. 24. 오전 2:51:50 [32m    LOG[39m [38;5;3m[RouterExplorer] [39m[32mMapped {/customer/payments, GET} route[39m[38;5;3m +1ms[39m
[32m[Nest] 42788  - [39m2026. 03. 24. 오전 2:51:50 [32m    LOG[39m [38;5;3m[RouterExplorer] [39m[32mMapped {/customer/payments/:paymentId, GET} route[39m[38;5;3m +0ms[39m
[32m[Nest] 42788  - [39m2026. 03. 24. 오전 2:51:50 [32m    LOG[39m [38;5;3m[RouterExplorer] [39m[32mMapped {/customer/payments/:paymentId/refund, POST} route[39m[38;5;3m +0ms[39m
[32m[Nest] 42788  - [39m2026. 03. 24. 오전 2:51:50 [32m    LOG[39m [38;5;3m[RoutesResolver] [39m[32mProductsController {/admin/products}:[39m[38;5;3m +0ms[39m
[32m[Nest] 42788  - [39m2026. 03. 24. 오전 2:51:50 [32m    LOG[39m [38;5;3m[RouterExplorer] [39m[32mMapped {/admin/products, GET} route[39m[38;5;3m +1ms[39m
[32m[Nest] 42788  - [39m2026. 03. 24. 오전 2:51:50 [32m    LOG[39m [38;5;3m[RouterExplorer] [39m[32mMapped {/admin/products/search, GET} route[39m[38;5;3m +0ms[39m
[32m[Nest] 42788  - [39m2026. 03. 24. 오전 2:51:50 [32m    LOG[39m [38;5;3m[RouterExplorer] [39m[32mMapped {/admin/products/categories, GET} route[39m[38;5;3m +0ms[39m
[32m[Nest] 42788  - [39m2026. 03. 24. 오전 2:51:50 [32m    LOG[39m [38;5;3m[RouterExplorer] [39m[32mMapped {/admin/products/:productId, GET} route[39m[38;5;3m +0ms[39m
[32m[Nest] 42788  - [39m2026. 03. 24. 오전 2:51:50 [32m    LOG[39m [38;5;3m[RouterExplorer] [39m[32mMapped {/admin/products, POST} route[39m[38;5;3m +0ms[39m
[32m[Nest] 42788  - [39m2026. 03. 24. 오전 2:51:50 [32m    LOG[39m [38;5;3m[RouterExplorer] [39m[32mMapped {/admin/products/:productId, PATCH} route[39m[38;5;3m +0ms[39m
[32m[Nest] 42788  - [39m2026. 03. 24. 오전 2:51:50 [32m    LOG[39m [38;5;3m[RouterExplorer] [39m[32mMapped {/admin/products/:productId, DELETE} route[39m[38;5;3m +1ms[39m
[32m[Nest] 42788  - [39m2026. 03. 24. 오전 2:51:50 [32m    LOG[39m [38;5;3m[RoutesResolver] [39m[32mBranchesController {/admin/branches}:[39m[38;5;3m +0ms[39m
[32m[Nest] 42788  - [39m2026. 03. 24. 오전 2:51:50 [32m    LOG[39m [38;5;3m[RouterExplorer] [39m[32mMapped {/admin/branches, GET} route[39m[38;5;3m +0ms[39m
[32m[Nest] 42788  - [39m2026. 03. 24. 오전 2:51:50 [32m    LOG[39m [38;5;3m[RouterExplorer] [39m[32mMapped {/admin/branches/:branchId, GET} route[39m[38;5;3m +0ms[39m
[32m[Nest] 42788  - [39m2026. 03. 24. 오전 2:51:50 [32m    LOG[39m [38;5;3m[RouterExplorer] [39m[32mMapped {/admin/branches, POST} route[39m[38;5;3m +0ms[39m
[32m[Nest] 42788  - [39m2026. 03. 24. 오전 2:51:50 [32m    LOG[39m [38;5;3m[RouterExplorer] [39m[32mMapped {/admin/branches/:branchId, PATCH} route[39m[38;5;3m +0ms[39m
[32m[Nest] 42788  - [39m2026. 03. 24. 오전 2:51:50 [32m    LOG[39m [38;5;3m[RouterExplorer] [39m[32mMapped {/admin/branches/:branchId, DELETE} route[39m[38;5;3m +1ms[39m
[32m[Nest] 42788  - [39m2026. 03. 24. 오전 2:51:50 [32m    LOG[39m [38;5;3m[RoutesResolver] [39m[32mBrandsController {/admin/brands}:[39m[38;5;3m +0ms[39m
[32m[Nest] 42788  - [39m2026. 03. 24. 오전 2:51:50 [32m    LOG[39m [38;5;3m[RouterExplorer] [39m[32mMapped {/admin/brands, GET} route[39m[38;5;3m +0ms[39m
[32m[Nest] 42788  - [39m2026. 03. 24. 오전 2:51:50 [32m    LOG[39m [38;5;3m[RouterExplorer] [39m[32mMapped {/admin/brands/:brandId, GET} route[39m[38;5;3m +0ms[39m
[32m[Nest] 42788  - [39m2026. 03. 24. 오전 2:51:50 [32m    LOG[39m [38;5;3m[RouterExplorer] [39m[32mMapped {/admin/brands, POST} route[39m[38;5;3m +0ms[39m
[32m[Nest] 42788  - [39m2026. 03. 24. 오전 2:51:50 [32m    LOG[39m [38;5;3m[RouterExplorer] [39m[32mMapped {/admin/brands/:brandId, PATCH} route[39m[38;5;3m +0ms[39m
[32m[Nest] 42788  - [39m2026. 03. 24. 오전 2:51:50 [32m    LOG[39m [38;5;3m[RouterExplorer] [39m[32mMapped {/admin/brands/:brandId, DELETE} route[39m[38;5;3m +1ms[39m
[32m[Nest] 42788  - [39m2026. 03. 24. 오전 2:51:50 [32m    LOG[39m [38;5;3m[RoutesResolver] [39m[32mMembersController {/admin/members}:[39m[38;5;3m +0ms[39m
[32m[Nest] 42788  - [39m2026. 03. 24. 오전 2:51:50 [32m    LOG[39m [38;5;3m[RouterExplorer] [39m[32mMapped {/admin/members/pending, GET} route[39m[38;5;3m +0ms[39m
[32m[Nest] 42788  - [39m2026. 03. 24. 오전 2:51:50 [32m    LOG[39m [38;5;3m[RouterExplorer] [39m[32mMapped {/admin/members/profile/:userId, PATCH} route[39m[38;5;3m +0ms[39m
[32m[Nest] 42788  - [39m2026. 03. 24. 오전 2:51:50 [32m    LOG[39m [38;5;3m[RouterExplorer] [39m[32mMapped {/admin/members/approve-brand-creator/:userId, POST} route[39m[38;5;3m +0ms[39m
[32m[Nest] 42788  - [39m2026. 03. 24. 오전 2:51:50 [32m    LOG[39m [38;5;3m[RouterExplorer] [39m[32mMapped {/admin/members/transfer, POST} route[39m[38;5;3m +0ms[39m
[32m[Nest] 42788  - [39m2026. 03. 24. 오전 2:51:50 [32m    LOG[39m [38;5;3m[RouterExplorer] [39m[32mMapped {/admin/members/brand/:brandId, GET} route[39m[38;5;3m +0ms[39m
[32m[Nest] 42788  - [39m2026. 03. 24. 오전 2:51:50 [32m    LOG[39m [38;5;3m[RouterExplorer] [39m[32mMapped {/admin/members/brand/:brandId, POST} route[39m[38;5;3m +1ms[39m
[32m[Nest] 42788  - [39m2026. 03. 24. 오전 2:51:50 [32m    LOG[39m [38;5;3m[RouterExplorer] [39m[32mMapped {/admin/members/brand/:brandId/:userId, PATCH} route[39m[38;5;3m +0ms[39m
[32m[Nest] 42788  - [39m2026. 03. 24. 오전 2:51:50 [32m    LOG[39m [38;5;3m[RouterExplorer] [39m[32mMapped {/admin/members/brand/:brandId/:userId, DELETE} route[39m[38;5;3m +1ms[39m
[32m[Nest] 42788  - [39m2026. 03. 24. 오전 2:51:50 [32m    LOG[39m [38;5;3m[RouterExplorer] [39m[32mMapped {/admin/members/branch/:branchId, GET} route[39m[38;5;3m +0ms[39m
[32m[Nest] 42788  - [39m2026. 03. 24. 오전 2:51:50 [32m    LOG[39m [38;5;3m[RouterExplorer] [39m[32mMapped {/admin/members/branch, POST} route[39m[38;5;3m +2ms[39m
[32m[Nest] 42788  - [39m2026. 03. 24. 오전 2:51:50 [32m    LOG[39m [38;5;3m[RouterExplorer] [39m[32mMapped {/admin/members/branch/:branchId/:userId, PATCH} route[39m[38;5;3m +1ms[39m
[32m[Nest] 42788  - [39m2026. 03. 24. 오전 2:51:50 [32m    LOG[39m [38;5;3m[RouterExplorer] [39m[32mMapped {/admin/members/branch/:branchId/:userId, DELETE} route[39m[38;5;3m +0ms[39m
[32m[Nest] 42788  - [39m2026. 03. 24. 오전 2:51:50 [32m    LOG[39m [38;5;3m[RoutesResolver] [39m[32mDashboardController {/admin/dashboard}:[39m[38;5;3m +0ms[39m
[32m[Nest] 42788  - [39m2026. 03. 24. 오전 2:51:50 [32m    LOG[39m [38;5;3m[RouterExplorer] [39m[32mMapped {/admin/dashboard/stats, GET} route[39m[38;5;3m +0ms[39m
[32m[Nest] 42788  - [39m2026. 03. 24. 오전 2:51:50 [32m    LOG[39m [38;5;3m[RoutesResolver] [39m[32mPublicOrderController {/public}:[39m[38;5;3m +1ms[39m
[32m[Nest] 42788  - [39m2026. 03. 24. 오전 2:51:50 [32m    LOG[39m [38;5;3m[RouterExplorer] [39m[32mMapped {/public/brands, GET} route[39m[38;5;3m +0ms[39m
[32m[Nest] 42788  - [39m2026. 03. 24. 오전 2:51:50 [32m    LOG[39m [38;5;3m[RouterExplorer] [39m[32mMapped {/public/shop/brands/:brandSlug, GET} route[39m[38;5;3m +0ms[39m
[32m[Nest] 42788  - [39m2026. 03. 24. 오전 2:51:50 [32m    LOG[39m [38;5;3m[RouterExplorer] [39m[32mMapped {/public/shop/brands/:brandSlug/orders, POST} route[39m[38;5;3m +0ms[39m
[32m[Nest] 42788  - [39m2026. 03. 24. 오전 2:51:50 [32m    LOG[39m [38;5;3m[RouterExplorer] [39m[32mMapped {/public/branches/:branchId, GET} route[39m[38;5;3m +0ms[39m
[32m[Nest] 42788  - [39m2026. 03. 24. 오전 2:51:50 [32m    LOG[39m [38;5;3m[RouterExplorer] [39m[32mMapped {/public/branch/:branchId, GET} route[39m[38;5;3m +1ms[39m
[32m[Nest] 42788  - [39m2026. 03. 24. 오전 2:51:50 [32m    LOG[39m [38;5;3m[RouterExplorer] [39m[32mMapped {/public/branches/slug/:slug, GET} route[39m[38;5;3m +0ms[39m
[32m[Nest] 42788  - [39m2026. 03. 24. 오전 2:51:50 [32m    LOG[39m [38;5;3m[RouterExplorer] [39m[32mMapped {/public/brands/:brandSlug/branches/:branchSlug, GET} route[39m[38;5;3m +0ms[39m
[32m[Nest] 42788  - [39m2026. 03. 24. 오전 2:51:50 [32m    LOG[39m [38;5;3m[RouterExplorer] [39m[32mMapped {/public/brands/:brandSlug/branches, GET} route[39m[38;5;3m +0ms[39m
[32m[Nest] 42788  - [39m2026. 03. 24. 오전 2:51:50 [32m    LOG[39m [38;5;3m[RouterExplorer] [39m[32mMapped {/public/branches/:branchId/categories, GET} route[39m[38;5;3m +0ms[39m
[32m[Nest] 42788  - [39m2026. 03. 24. 오전 2:51:50 [32m    LOG[39m [38;5;3m[RouterExplorer] [39m[32mMapped {/public/branches/:branchId/products, GET} route[39m[38;5;3m +0ms[39m
[32m[Nest] 42788  - [39m2026. 03. 24. 오전 2:51:50 [32m    LOG[39m [38;5;3m[RouterExplorer] [39m[32mMapped {/public/branch/:branchId/products, GET} route[39m[38;5;3m +2ms[39m
[32m[Nest] 42788  - [39m2026. 03. 24. 오전 2:51:50 [32m    LOG[39m [38;5;3m[RouterExplorer] [39m[32mMapped {/public/branch/:branchId/stamp-info, GET} route[39m[38;5;3m +0ms[39m
[32m[Nest] 42788  - [39m2026. 03. 24. 오전 2:51:50 [32m    LOG[39m [38;5;3m[RouterExplorer] [39m[32mMapped {/public/orders, POST} route[39m[38;5;3m +1ms[39m
[32m[Nest] 42788  - [39m2026. 03. 24. 오전 2:51:50 [32m    LOG[39m [38;5;3m[RouterExplorer] [39m[32mMapped {/public/orders/:orderIdOrNo, GET} route[39m[38;5;3m +0ms[39m
[32m[Nest] 42788  - [39m2026. 03. 24. 오전 2:51:50 [32m    LOG[39m [38;5;3m[RoutesResolver] [39m[32mMeOrdersController {/me/orders}:[39m[38;5;3m +0ms[39m
[32m[Nest] 42788  - [39m2026. 03. 24. 오전 2:51:50 [32m    LOG[39m [38;5;3m[RouterExplorer] [39m[32mMapped {/me/orders, POST} route[39m[38;5;3m +0ms[39m
[32m[Nest] 42788  - [39m2026. 03. 24. 오전 2:51:50 [32m    LOG[39m [38;5;3m[RouterExplorer] [39m[32mMapped {/me/orders/:orderId, GET} route[39m[38;5;3m +0ms[39m
[32m[Nest] 42788  - [39m2026. 03. 24. 오전 2:51:50 [32m    LOG[39m [38;5;3m[RouterExplorer] [39m[32mMapped {/me/orders/:orderId/cancel, POST} route[39m[38;5;3m +0ms[39m
[32m[Nest] 42788  - [39m2026. 03. 24. 오전 2:51:50 [32m    LOG[39m [38;5;3m[RoutesResolver] [39m[32mInventoryController {/customer/inventory}:[39m[38;5;3m +0ms[39m
[32m[Nest] 42788  - [39m2026. 03. 24. 오전 2:51:50 [32m    LOG[39m [38;5;3m[RouterExplorer] [39m[32mMapped {/customer/inventory, GET} route[39m[38;5;3m +1ms[39m
[32m[Nest] 42788  - [39m2026. 03. 24. 오전 2:51:50 [32m    LOG[39m [38;5;3m[RouterExplorer] [39m[32mMapped {/customer/inventory/alerts, GET} route[39m[38;5;3m +0ms[39m
[32m[Nest] 42788  - [39m2026. 03. 24. 오전 2:51:50 [32m    LOG[39m [38;5;3m[RouterExplorer] [39m[32mMapped {/customer/inventory/logs, GET} route[39m[38;5;3m +0ms[39m
[32m[Nest] 42788  - [39m2026. 03. 24. 오전 2:51:50 [32m    LOG[39m [38;5;3m[RouterExplorer] [39m[32mMapped {/customer/inventory/bulk-adjust, POST} route[39m[38;5;3m +0ms[39m
[32m[Nest] 42788  - [39m2026. 03. 24. 오전 2:51:50 [32m    LOG[39m [38;5;3m[RouterExplorer] [39m[32mMapped {/customer/inventory/bulk-deactivate, POST} route[39m[38;5;3m +0ms[39m
[32m[Nest] 42788  - [39m2026. 03. 24. 오전 2:51:50 [32m    LOG[39m [38;5;3m[RouterExplorer] [39m[32mMapped {/customer/inventory/:productId, GET} route[39m[38;5;3m +0ms[39m
[32m[Nest] 42788  - [39m2026. 03. 24. 오전 2:51:50 [32m    LOG[39m [38;5;3m[RouterExplorer] [39m[32mMapped {/customer/inventory/:productId, PATCH} route[39m[38;5;3m +1ms[39m
[32m[Nest] 42788  - [39m2026. 03. 24. 오전 2:51:50 [32m    LOG[39m [38;5;3m[RouterExplorer] [39m[32mMapped {/customer/inventory/:productId/adjust, POST} route[39m[38;5;3m +0ms[39m
[32m[Nest] 42788  - [39m2026. 03. 24. 오전 2:51:50 [32m    LOG[39m [38;5;3m[RoutesResolver] [39m[32mStampsController {/customer/branches/:branchId/stamp-card}:[39m[38;5;3m +0ms[39m
[32m[Nest] 42788  - [39m2026. 03. 24. 오전 2:51:50 [32m    LOG[39m [38;5;3m[RouterExplorer] [39m[32mMapped {/customer/branches/:branchId/stamp-card, GET} route[39m[38;5;3m +0ms[39m
[32m[Nest] 42788  - [39m2026. 03. 24. 오전 2:51:50 [32m    LOG[39m [38;5;3m[RouterExplorer] [39m[32mMapped {/customer/branches/:branchId/stamp-card, PUT} route[39m[38;5;3m +0ms[39m
[32m[Nest] 42788  - [39m2026. 03. 24. 오전 2:51:50 [32m    LOG[39m [38;5;3m[RoutesResolver] [39m[32mUserNotificationsController {/customer/notifications}:[39m[38;5;3m +0ms[39m
[32m[Nest] 42788  - [39m2026. 03. 24. 오전 2:51:50 [32m    LOG[39m [38;5;3m[RouterExplorer] [39m[32mMapped {/customer/notifications, GET} route[39m[38;5;3m +0ms[39m
[32m[Nest] 42788  - [39m2026. 03. 24. 오전 2:51:50 [32m    LOG[39m [38;5;3m[RouterExplorer] [39m[32mMapped {/customer/notifications/read-all, PATCH} route[39m[38;5;3m +0ms[39m
[32m[Nest] 42788  - [39m2026. 03. 24. 오전 2:51:50 [32m    LOG[39m [38;5;3m[RouterExplorer] [39m[32mMapped {/customer/notifications/:notificationId/read, PATCH} route[39m[38;5;3m +0ms[39m
[32m[Nest] 42788  - [39m2026. 03. 24. 오전 2:51:50 [32m    LOG[39m [38;5;3m[RouterExplorer] [39m[32mMapped {/customer/notifications/send-kakao, POST} route[39m[38;5;3m +1ms[39m
[32m[Nest] 42788  - [39m2026. 03. 24. 오전 2:51:50 [32m    LOG[39m [38;5;3m[RoutesResolver] [39m[32mHealthController {/health}:[39m[38;5;3m +0ms[39m
[32m[Nest] 42788  - [39m2026. 03. 24. 오전 2:51:50 [32m    LOG[39m [38;5;3m[RouterExplorer] [39m[32mMapped {/health, GET} route[39m[38;5;3m +0ms[39m
[32m[Nest] 42788  - [39m2026. 03. 24. 오전 2:51:50 [32m    LOG[39m [38;5;3m[RoutesResolver] [39m[32mCustomerDashboardController {/customer/dashboard}:[39m[38;5;3m +0ms[39m
[32m[Nest] 42788  - [39m2026. 03. 24. 오전 2:51:50 [32m    LOG[39m [38;5;3m[RouterExplorer] [39m[32mMapped {/customer/dashboard, GET} route[39m[38;5;3m +0ms[39m
[32m[Nest] 42788  - [39m2026. 03. 24. 오전 2:51:50 [32m    LOG[39m [38;5;3m[RoutesResolver] [39m[32mCustomerBrandsController {/customer/brands}:[39m[38;5;3m +0ms[39m
[32m[Nest] 42788  - [39m2026. 03. 24. 오전 2:51:50 [32m    LOG[39m [38;5;3m[RouterExplorer] [39m[32mMapped {/customer/brands, GET} route[39m[38;5;3m +0ms[39m
[32m[Nest] 42788  - [39m2026. 03. 24. 오전 2:51:50 [32m    LOG[39m [38;5;3m[RouterExplorer] [39m[32mMapped {/customer/brands, POST} route[39m[38;5;3m +0ms[39m
[32m[Nest] 42788  - [39m2026. 03. 24. 오전 2:51:50 [32m    LOG[39m [38;5;3m[RouterExplorer] [39m[32mMapped {/customer/brands/:brandId, GET} route[39m[38;5;3m +0ms[39m
[32m[Nest] 42788  - [39m2026. 03. 24. 오전 2:51:50 [32m    LOG[39m [38;5;3m[RouterExplorer] [39m[32mMapped {/customer/brands/:brandId, PATCH} route[39m[38;5;3m +1ms[39m
[32m[Nest] 42788  - [39m2026. 03. 24. 오전 2:51:50 [32m    LOG[39m [38;5;3m[RoutesResolver] [39m[32mCustomerBranchesController {/customer/branches}:[39m[38;5;3m +0ms[39m
[32m[Nest] 42788  - [39m2026. 03. 24. 오전 2:51:50 [32m    LOG[39m [38;5;3m[RouterExplorer] [39m[32mMapped {/customer/branches, GET} route[39m[38;5;3m +0ms[39m
[32m[Nest] 42788  - [39m2026. 03. 24. 오전 2:51:50 [32m    LOG[39m [38;5;3m[RouterExplorer] [39m[32mMapped {/customer/branches/:branchId, GET} route[39m[38;5;3m +0ms[39m
[32m[Nest] 42788  - [39m2026. 03. 24. 오전 2:51:50 [32m    LOG[39m [38;5;3m[RouterExplorer] [39m[32mMapped {/customer/branches, POST} route[39m[38;5;3m +0ms[39m
[32m[Nest] 42788  - [39m2026. 03. 24. 오전 2:51:50 [32m    LOG[39m [38;5;3m[RouterExplorer] [39m[32mMapped {/customer/branches/:branchId, PATCH} route[39m[38;5;3m +0ms[39m
[32m[Nest] 42788  - [39m2026. 03. 24. 오전 2:51:50 [32m    LOG[39m [38;5;3m[RouterExplorer] [39m[32mMapped {/customer/branches/:branchId, DELETE} route[39m[38;5;3m +0ms[39m
[32m[Nest] 42788  - [39m2026. 03. 24. 오전 2:51:50 [32m    LOG[39m [38;5;3m[RoutesResolver] [39m[32mCustomerMembersController {/customer/members}:[39m[38;5;3m +0ms[39m
[32m[Nest] 42788  - [39m2026. 03. 24. 오전 2:51:50 [32m    LOG[39m [38;5;3m[RouterExplorer] [39m[32mMapped {/customer/members/brand/:brandId, GET} route[39m[38;5;3m +1ms[39m
[32m[Nest] 42788  - [39m2026. 03. 24. 오전 2:51:50 [32m    LOG[39m [38;5;3m[RouterExplorer] [39m[32mMapped {/customer/members/brand/:brandId/history, GET} route[39m[38;5;3m +1ms[39m
[32m[Nest] 42788  - [39m2026. 03. 24. 오전 2:51:50 [32m    LOG[39m [38;5;3m[RouterExplorer] [39m[32mMapped {/customer/members/branch/:branchId, GET} route[39m[38;5;3m +0ms[39m
[32m[Nest] 42788  - [39m2026. 03. 24. 오전 2:51:50 [32m    LOG[39m [38;5;3m[RouterExplorer] [39m[32mMapped {/customer/members/branch/:branchId/history, GET} route[39m[38;5;3m +0ms[39m
[32m[Nest] 42788  - [39m2026. 03. 24. 오전 2:51:50 [32m    LOG[39m [38;5;3m[RouterExplorer] [39m[32mMapped {/customer/members/brand/:brandId/invite, POST} route[39m[38;5;3m +0ms[39m
[32m[Nest] 42788  - [39m2026. 03. 24. 오전 2:51:50 [32m    LOG[39m [38;5;3m[RouterExplorer] [39m[32mMapped {/customer/members/branch/:branchId/invite, POST} route[39m[38;5;3m +1ms[39m
[32m[Nest] 42788  - [39m2026. 03. 24. 오전 2:51:50 [32m    LOG[39m [38;5;3m[RouterExplorer] [39m[32mMapped {/customer/members/brand/:brandId/:userId, PATCH} route[39m[38;5;3m +0ms[39m
[32m[Nest] 42788  - [39m2026. 03. 24. 오전 2:51:50 [32m    LOG[39m [38;5;3m[RouterExplorer] [39m[32mMapped {/customer/members/branch/:branchId/:userId, PATCH} route[39m[38;5;3m +0ms[39m
[32m[Nest] 42788  - [39m2026. 03. 24. 오전 2:51:50 [32m    LOG[39m [38;5;3m[RoutesResolver] [39m[32mCustomerProductsController {/customer/products}:[39m[38;5;3m +0ms[39m
[32m[Nest] 42788  - [39m2026. 03. 24. 오전 2:51:50 [32m    LOG[39m [38;5;3m[RouterExplorer] [39m[32mMapped {/customer/products, GET} route[39m[38;5;3m +1ms[39m
[32m[Nest] 42788  - [39m2026. 03. 24. 오전 2:51:50 [32m    LOG[39m [38;5;3m[RouterExplorer] [39m[32mMapped {/customer/products/categories, GET} route[39m[38;5;3m +0ms[39m
[32m[Nest] 42788  - [39m2026. 03. 24. 오전 2:51:50 [32m    LOG[39m [38;5;3m[RouterExplorer] [39m[32mMapped {/customer/products/categories, POST} route[39m[38;5;3m +0ms[39m
[32m[Nest] 42788  - [39m2026. 03. 24. 오전 2:51:50 [32m    LOG[39m [38;5;3m[RouterExplorer] [39m[32mMapped {/customer/products/categories/bulk-create, POST} route[39m[38;5;3m +0ms[39m
[32m[Nest] 42788  - [39m2026. 03. 24. 오전 2:51:50 [32m    LOG[39m [38;5;3m[RouterExplorer] [39m[32mMapped {/customer/products/categories/reorder, PATCH} route[39m[38;5;3m +0ms[39m
[32m[Nest] 42788  - [39m2026. 03. 24. 오전 2:51:50 [32m    LOG[39m [38;5;3m[RouterExplorer] [39m[32mMapped {/customer/products/categories/:categoryId, PATCH} route[39m[38;5;3m +0ms[39m
[32m[Nest] 42788  - [39m2026. 03. 24. 오전 2:51:50 [32m    LOG[39m [38;5;3m[RouterExplorer] [39m[32mMapped {/customer/products/categories/:categoryId, DELETE} route[39m[38;5;3m +1ms[39m
[32m[Nest] 42788  - [39m2026. 03. 24. 오전 2:51:50 [32m    LOG[39m [38;5;3m[RouterExplorer] [39m[32mMapped {/customer/products/bulk-status, PATCH} route[39m[38;5;3m +0ms[39m
[32m[Nest] 42788  - [39m2026. 03. 24. 오전 2:51:50 [32m    LOG[39m [38;5;3m[RouterExplorer] [39m[32mMapped {/customer/products/categories/bulk-status, PATCH} route[39m[38;5;3m +0ms[39m
[32m[Nest] 42788  - [39m2026. 03. 24. 오전 2:51:50 [32m    LOG[39m [38;5;3m[RouterExplorer] [39m[32mMapped {/customer/products/reorder, PATCH} route[39m[38;5;3m +0ms[39m
[32m[Nest] 42788  - [39m2026. 03. 24. 오전 2:51:50 [32m    LOG[39m [38;5;3m[RouterExplorer] [39m[32mMapped {/customer/products/brand-templates, GET} route[39m[38;5;3m +0ms[39m
[32m[Nest] 42788  - [39m2026. 03. 24. 오전 2:51:50 [32m    LOG[39m [38;5;3m[RouterExplorer] [39m[32mMapped {/customer/products/brand-templates/:templateId/urgent-discount-histories, GET} route[39m[38;5;3m +0ms[39m
[32m[Nest] 42788  - [39m2026. 03. 24. 오전 2:51:50 [32m    LOG[39m [38;5;3m[RouterExplorer] [39m[32mMapped {/customer/products/brand-templates, POST} route[39m[38;5;3m +0ms[39m
[32m[Nest] 42788  - [39m2026. 03. 24. 오전 2:51:50 [32m    LOG[39m [38;5;3m[RouterExplorer] [39m[32mMapped {/customer/products/brand-templates/:templateId, PATCH} route[39m[38;5;3m +1ms[39m
[32m[Nest] 42788  - [39m2026. 03. 24. 오전 2:51:50 [32m    LOG[39m [38;5;3m[RouterExplorer] [39m[32mMapped {/customer/products/brand-templates/bulk/update, PATCH} route[39m[38;5;3m +0ms[39m
[32m[Nest] 42788  - [39m2026. 03. 24. 오전 2:51:50 [32m    LOG[39m [38;5;3m[RouterExplorer] [39m[32mMapped {/customer/products/brand-templates/:templateId, DELETE} route[39m[38;5;3m +0ms[39m
[32m[Nest] 42788  - [39m2026. 03. 24. 오전 2:51:50 [32m    LOG[39m [38;5;3m[RouterExplorer] [39m[32mMapped {/customer/products/brand-templates/:templateId/apply, POST} route[39m[38;5;3m +0ms[39m
[32m[Nest] 42788  - [39m2026. 03. 24. 오전 2:51:50 [32m    LOG[39m [38;5;3m[RouterExplorer] [39m[32mMapped {/customer/products/brand-templates/:templateId/unapply, POST} route[39m[38;5;3m +0ms[39m
[32m[Nest] 42788  - [39m2026. 03. 24. 오전 2:51:50 [32m    LOG[39m [38;5;3m[RouterExplorer] [39m[32mMapped {/customer/products/:productId, GET} route[39m[38;5;3m +0ms[39m
[32m[Nest] 42788  - [39m2026. 03. 24. 오전 2:51:50 [32m    LOG[39m [38;5;3m[RouterExplorer] [39m[32mMapped {/customer/products, POST} route[39m[38;5;3m +1ms[39m
[32m[Nest] 42788  - [39m2026. 03. 24. 오전 2:51:50 [32m    LOG[39m [38;5;3m[RouterExplorer] [39m[32mMapped {/customer/products/:productId, PATCH} route[39m[38;5;3m +0ms[39m
[32m[Nest] 42788  - [39m2026. 03. 24. 오전 2:51:50 [32m    LOG[39m [38;5;3m[RouterExplorer] [39m[32mMapped {/customer/products/:productId, DELETE} route[39m[38;5;3m +0ms[39m
[32m[Nest] 42788  - [39m2026. 03. 24. 오전 2:51:50 [32m    LOG[39m [38;5;3m[RoutesResolver] [39m[32mCustomerOrdersController {/customer/orders}:[39m[38;5;3m +0ms[39m
[32m[Nest] 42788  - [39m2026. 03. 24. 오전 2:51:50 [32m    LOG[39m [38;5;3m[RouterExplorer] [39m[32mMapped {/customer/orders, GET} route[39m[38;5;3m +0ms[39m
[32m[Nest] 42788  - [39m2026. 03. 24. 오전 2:51:50 [32m    LOG[39m [38;5;3m[RouterExplorer] [39m[32mMapped {/customer/orders/:orderId, GET} route[39m[38;5;3m +0ms[39m
[32m[Nest] 42788  - [39m2026. 03. 24. 오전 2:51:50 [32m    LOG[39m [38;5;3m[RouterExplorer] [39m[32mMapped {/customer/orders/:orderId/status, PATCH} route[39m[38;5;3m +0ms[39m
[32m[Nest] 42788  - [39m2026. 03. 24. 오전 2:51:50 [32m    LOG[39m [38;5;3m[RouterExplorer] [39m[32mMapped {/customer/orders/bulk-status, PATCH} route[39m[38;5;3m +1ms[39m
[32m[Nest] 42788  - [39m2026. 03. 24. 오전 2:51:50 [32m    LOG[39m [38;5;3m[RoutesResolver] [39m[32mAnalyticsController {/customer/analytics}:[39m[38;5;3m +0ms[39m
[32m[Nest] 42788  - [39m2026. 03. 24. 오전 2:51:50 [32m    LOG[39m [38;5;3m[RouterExplorer] [39m[32mMapped {/customer/analytics/sales, GET} route[39m[38;5;3m +1ms[39m
[32m[Nest] 42788  - [39m2026. 03. 24. 오전 2:51:50 [32m    LOG[39m [38;5;3m[RouterExplorer] [39m[32mMapped {/customer/analytics/products, GET} route[39m[38;5;3m +0ms[39m
[32m[Nest] 42788  - [39m2026. 03. 24. 오전 2:51:50 [32m    LOG[39m [38;5;3m[RouterExplorer] [39m[32mMapped {/customer/analytics/orders, GET} route[39m[38;5;3m +1ms[39m
[32m[Nest] 42788  - [39m2026. 03. 24. 오전 2:51:50 [32m    LOG[39m [38;5;3m[RouterExplorer] [39m[32mMapped {/customer/analytics/customers, GET} route[39m[38;5;3m +0ms[39m
[32m[Nest] 42788  - [39m2026. 03. 24. 오전 2:51:50 [32m    LOG[39m [38;5;3m[RouterExplorer] [39m[32mMapped {/customer/analytics/brand/sales, GET} route[39m[38;5;3m +0ms[39m
[32m[Nest] 42788  - [39m2026. 03. 24. 오전 2:51:50 [32m    LOG[39m [38;5;3m[RouterExplorer] [39m[32mMapped {/customer/analytics/brand/products, GET} route[39m[38;5;3m +0ms[39m
[32m[Nest] 42788  - [39m2026. 03. 24. 오전 2:51:50 [32m    LOG[39m [38;5;3m[RouterExplorer] [39m[32mMapped {/customer/analytics/brand/orders, GET} route[39m[38;5;3m +1ms[39m
[32m[Nest] 42788  - [39m2026. 03. 24. 오전 2:51:50 [32m    LOG[39m [38;5;3m[RouterExplorer] [39m[32mMapped {/customer/analytics/brand/customers, GET} route[39m[38;5;3m +0ms[39m
[32m[Nest] 42788  - [39m2026. 03. 24. 오전 2:51:50 [32m    LOG[39m [38;5;3m[RouterExplorer] [39m[32mMapped {/customer/analytics/products/abc, GET} route[39m[38;5;3m +0ms[39m
[32m[Nest] 42788  - [39m2026. 03. 24. 오전 2:51:50 [32m    LOG[39m [38;5;3m[RouterExplorer] [39m[32mMapped {/customer/analytics/products/hourly, GET} route[39m[38;5;3m +0ms[39m
[32m[Nest] 42788  - [39m2026. 03. 24. 오전 2:51:50 [32m    LOG[39m [38;5;3m[RouterExplorer] [39m[32mMapped {/customer/analytics/products/combinations, GET} route[39m[38;5;3m +0ms[39m
[32m[Nest] 42788  - [39m2026. 03. 24. 오전 2:51:50 [32m    LOG[39m [38;5;3m[RouterExplorer] [39m[32mMapped {/customer/analytics/customers/cohort, GET} route[39m[38;5;3m +0ms[39m
[32m[Nest] 42788  - [39m2026. 03. 24. 오전 2:51:50 [32m    LOG[39m [38;5;3m[RouterExplorer] [39m[32mMapped {/customer/analytics/customers/rfm, GET} route[39m[38;5;3m +0ms[39m
[32m[Nest] 42788  - [39m2026. 03. 24. 오전 2:51:50 [32m    LOG[39m [38;5;3m[RouterExplorer] [39m[32mMapped {/customer/analytics/brand/products/abc, GET} route[39m[38;5;3m +1ms[39m
[32m[Nest] 42788  - [39m2026. 03. 24. 오전 2:51:50 [32m    LOG[39m [38;5;3m[RouterExplorer] [39m[32mMapped {/customer/analytics/brand/customers/cohort, GET} route[39m[38;5;3m +0ms[39m
[32m[Nest] 42788  - [39m2026. 03. 24. 오전 2:51:50 [32m    LOG[39m [38;5;3m[RouterExplorer] [39m[32mMapped {/customer/analytics/brand/customers/rfm, GET} route[39m[38;5;3m +0ms[39m
[32m[Nest] 42788  - [39m2026. 03. 24. 오전 2:51:50 [32m    LOG[39m [38;5;3m[RoutesResolver] [39m[32mUploadController {/upload}:[39m[38;5;3m +0ms[39m
[32m[Nest] 42788  - [39m2026. 03. 24. 오전 2:51:50 [32m    LOG[39m [38;5;3m[RouterExplorer] [39m[32mMapped {/upload/image, POST} route[39m[38;5;3m +0ms[39m
[32m[Nest] 42788  - [39m2026. 03. 24. 오전 2:51:50 [32m    LOG[39m [38;5;3m[RouterExplorer] [39m[32mMapped {/upload/images, POST} route[39m[38;5;3m +0ms[39m
[32m[Nest] 42788  - [39m2026. 03. 24. 오전 2:51:50 [32m    LOG[39m [38;5;3m[RouterExplorer] [39m[32mMapped {/upload/image, DELETE} route[39m[38;5;3m +0ms[39m
[32m[Nest] 42788  - [39m2026. 03. 24. 오전 2:51:50 [32m    LOG[39m [38;5;3m[RouterExplorer] [39m[32mMapped {/upload/images, DELETE} route[39m[38;5;3m +1ms[39m
[32m[Nest] 42788  - [39m2026. 03. 24. 오전 2:51:50 [32m    LOG[39m [38;5;3m[RoutesResolver] [39m[32mExportsController {/exports}:[39m[38;5;3m +0ms[39m
[32m[Nest] 42788  - [39m2026. 03. 24. 오전 2:51:50 [32m    LOG[39m [38;5;3m[RouterExplorer] [39m[32mMapped {/exports/orders, POST} route[39m[38;5;3m +0ms[39m
[32m[Nest] 42788  - [39m2026. 03. 24. 오전 2:51:50 [32m    LOG[39m [38;5;3m[RouterExplorer] [39m[32mMapped {/exports/orders/:jobId, GET} route[39m[38;5;3m +0ms[39m
[32m[Nest] 42788  - [39m2026. 03. 24. 오전 2:51:50 [32m    LOG[39m [38;5;3m[DepositSyncService] [39m[32mDeposit sync enabled (poll=60000ms).[39m
[32m[Nest] 42788  - [39m2026. 03. 24. 오전 2:51:50 [32m    LOG[39m [38;5;3m[NestApplication] [39m[32mNest application successfully started[39m[38;5;3m +2ms[39m
Application is running on: http://localhost:4000
API Documentation: http://localhost:4000/api-docs
[32m[Nest] 42788  - [39m2026. 03. 24. 오전 2:51:51 [32m    LOG[39m [38;5;3m[CustomerGuard] [39m[32mCustomerGuard: User d26831b8-20ef-4b10-8a1c-737a83d9b21f authorized with 1 brand(s) and 0 branch(es)[39m
[32m[Nest] 42788  - [39m2026. 03. 24. 오전 2:51:51 [32m    LOG[39m [38;5;3m[CustomerOrdersController] [39m[32mUser d26831b8-20ef-4b10-8a1c-737a83d9b21f fetching orders (all branches)[39m
[32m[Nest] 42788  - [39m2026. 03. 24. 오전 2:51:51 [32m    LOG[39m [38;5;3m[CustomerOrdersService] [39m[32mFetching orders (all branches) by user d26831b8-20ef-4b10-8a1c-737a83d9b21f[39m
[32m[Nest] 42788  - [39m2026. 03. 24. 오전 2:51:51 [32m    LOG[39m [38;5;3m[CustomerGuard] [39m[32mCustomerGuard: User d26831b8-20ef-4b10-8a1c-737a83d9b21f authorized with 1 brand(s) and 0 branch(es)[39m
[32m[Nest] 42788  - [39m2026. 03. 24. 오전 2:51:51 [32m    LOG[39m [38;5;3m[CustomerOrdersController] [39m[32mUser d26831b8-20ef-4b10-8a1c-737a83d9b21f fetching orders (all branches)[39m
[32m[Nest] 42788  - [39m2026. 03. 24. 오전 2:51:51 [32m    LOG[39m [38;5;3m[CustomerOrdersService] [39m[32mFetching orders (all branches) by user d26831b8-20ef-4b10-8a1c-737a83d9b21f[39m
[33m[Nest] 42788  - [39m2026. 03. 24. 오전 2:51:52 [33m   WARN[39m [38;5;3m[CustomerOrdersService] [39m[33mFailed to load order payment methods for customer orders: column orders.payment_method does not exist[39m
[33m[Nest] 42788  - [39m2026. 03. 24. 오전 2:51:52 [33m   WARN[39m [38;5;3m[CustomerOrdersService] [39m[33mFailed to load order payment methods for customer orders: column orders.payment_method does not exist[39m
[32m[Nest] 42788  - [39m2026. 03. 24. 오전 2:51:53 [32m    LOG[39m [38;5;3m[CustomerOrdersService] [39m[32mFetched 1 orders[39m
[32m[Nest] 42788  - [39m2026. 03. 24. 오전 2:51:53 [32m    LOG[39m [38;5;3m[HTTP] [39m[32mGET /customer/orders?page=1&limit=1&dateStart=2026-03-24&dateEnd=2026-03-24 - 1471ms[39m
[32m[Nest] 42788  - [39m2026. 03. 24. 오전 2:51:53 [32m    LOG[39m [38;5;3m[CustomerOrdersController] [39m[32mUser d26831b8-20ef-4b10-8a1c-737a83d9b21f fetching orders (all branches)[39m
[32m[Nest] 42788  - [39m2026. 03. 24. 오전 2:51:53 [32m    LOG[39m [38;5;3m[CustomerOrdersService] [39m[32mFetching orders (all branches) by user d26831b8-20ef-4b10-8a1c-737a83d9b21f[39m
[32m[Nest] 42788  - [39m2026. 03. 24. 오전 2:51:53 [32m    LOG[39m [38;5;3m[CustomerOrdersController] [39m[32mUser d26831b8-20ef-4b10-8a1c-737a83d9b21f fetching orders (all branches)[39m
[32m[Nest] 42788  - [39m2026. 03. 24. 오전 2:51:53 [32m    LOG[39m [38;5;3m[CustomerOrdersService] [39m[32mFetching orders (all branches) by user d26831b8-20ef-4b10-8a1c-737a83d9b21f[39m
[32m[Nest] 42788  - [39m2026. 03. 24. 오전 2:51:53 [32m    LOG[39m [38;5;3m[CustomerOrdersController] [39m[32mUser d26831b8-20ef-4b10-8a1c-737a83d9b21f fetching orders (all branches)[39m
[32m[Nest] 42788  - [39m2026. 03. 24. 오전 2:51:53 [32m    LOG[39m [38;5;3m[CustomerOrdersService] [39m[32mFetching orders (all branches) by user d26831b8-20ef-4b10-8a1c-737a83d9b21f[39m
[32m[Nest] 42788  - [39m2026. 03. 24. 오전 2:51:53 [32m    LOG[39m [38;5;3m[CustomerOrdersController] [39m[32mUser d26831b8-20ef-4b10-8a1c-737a83d9b21f fetching orders (all branches)[39m
[32m[Nest] 42788  - [39m2026. 03. 24. 오전 2:51:53 [32m    LOG[39m [38;5;3m[CustomerOrdersService] [39m[32mFetching orders (all branches) by user d26831b8-20ef-4b10-8a1c-737a83d9b21f[39m
[32m[Nest] 42788  - [39m2026. 03. 24. 오전 2:51:53 [32m    LOG[39m [38;5;3m[CustomerOrdersService] [39m[32mFetched 10 orders[39m
[32m[Nest] 42788  - [39m2026. 03. 24. 오전 2:51:53 [32m    LOG[39m [38;5;3m[HTTP] [39m[32mGET /customer/orders?page=1&limit=20&dateStart=2026-03-24&dateEnd=2026-03-24 - 1489ms[39m
[32m[Nest] 42788  - [39m2026. 03. 24. 오전 2:51:53 [32m    LOG[39m [38;5;3m[CustomerOrdersController] [39m[32mUser d26831b8-20ef-4b10-8a1c-737a83d9b21f fetching orders (all branches)[39m
[32m[Nest] 42788  - [39m2026. 03. 24. 오전 2:51:53 [32m    LOG[39m [38;5;3m[CustomerOrdersService] [39m[32mFetching orders (all branches) by user d26831b8-20ef-4b10-8a1c-737a83d9b21f[39m
[32m[Nest] 42788  - [39m2026. 03. 24. 오전 2:51:53 [32m    LOG[39m [38;5;3m[CustomerOrdersController] [39m[32mUser d26831b8-20ef-4b10-8a1c-737a83d9b21f fetching orders (all branches)[39m
[32m[Nest] 42788  - [39m2026. 03. 24. 오전 2:51:53 [32m    LOG[39m [38;5;3m[CustomerOrdersService] [39m[32mFetching orders (all branches) by user d26831b8-20ef-4b10-8a1c-737a83d9b21f[39m
[32m[Nest] 42788  - [39m2026. 03. 24. 오전 2:51:53 [32m    LOG[39m [38;5;3m[CustomerOrdersService] [39m[32mFetched 0 orders[39m
[32m[Nest] 42788  - [39m2026. 03. 24. 오전 2:51:53 [32m    LOG[39m [38;5;3m[HTTP] [39m[32mGET /customer/orders?page=1&limit=1&dateStart=2026-03-24&dateEnd=2026-03-24&status=READY - 513ms[39m
[32m[Nest] 42788  - [39m2026. 03. 24. 오전 2:51:53 [32m    LOG[39m [38;5;3m[CustomerOrdersService] [39m[32mFetched 0 orders[39m
[32m[Nest] 42788  - [39m2026. 03. 24. 오전 2:51:53 [32m    LOG[39m [38;5;3m[HTTP] [39m[32mGET /customer/orders?page=1&limit=1&dateStart=2026-03-24&dateEnd=2026-03-24&status=PREPARING - 519ms[39m
[32m[Nest] 42788  - [39m2026. 03. 24. 오전 2:51:53 [32m    LOG[39m [38;5;3m[CustomerOrdersController] [39m[32mUser d26831b8-20ef-4b10-8a1c-737a83d9b21f fetching orders (all branches)[39m
[32m[Nest] 42788  - [39m2026. 03. 24. 오전 2:51:53 [32m    LOG[39m [38;5;3m[CustomerOrdersService] [39m[32mFetching orders (all branches) by user d26831b8-20ef-4b10-8a1c-737a83d9b21f[39m
[32m[Nest] 42788  - [39m2026. 03. 24. 오전 2:51:53 [32m    LOG[39m [38;5;3m[CustomerOrdersService] [39m[32mFetched 0 orders[39m
[32m[Nest] 42788  - [39m2026. 03. 24. 오전 2:51:53 [32m    LOG[39m [38;5;3m[HTTP] [39m[32mGET /customer/orders?page=1&limit=1&dateStart=2026-03-24&dateEnd=2026-03-24&status=CONFIRMED - 527ms[39m
[32m[Nest] 42788  - [39m2026. 03. 24. 오전 2:51:53 [32m    LOG[39m [38;5;3m[CustomerOrdersService] [39m[32mFetched 0 orders[39m
[32m[Nest] 42788  - [39m2026. 03. 24. 오전 2:51:53 [32m    LOG[39m [38;5;3m[HTTP] [39m[32mGET /customer/orders?page=1&limit=1&dateStart=2026-03-24&dateEnd=2026-03-24&status=COMPLETED - 520ms[39m
[32m[Nest] 42788  - [39m2026. 03. 24. 오전 2:51:53 [32m    LOG[39m [38;5;3m[CustomerOrdersService] [39m[32mFetched 0 orders[39m
[32m[Nest] 42788  - [39m2026. 03. 24. 오전 2:51:53 [32m    LOG[39m [38;5;3m[HTTP] [39m[32mGET /customer/orders?page=1&limit=1&dateStart=2026-03-24&dateEnd=2026-03-24&status=CANCELLED - 519ms[39m
[33m[Nest] 42788  - [39m2026. 03. 24. 오전 2:51:54 [33m   WARN[39m [38;5;3m[CustomerOrdersService] [39m[33mFailed to load order payment methods for customer orders: column orders.payment_method does not exist[39m
[32m[Nest] 42788  - [39m2026. 03. 24. 오전 2:51:54 [32m    LOG[39m [38;5;3m[CustomerOrdersService] [39m[32mFetched 0 orders[39m
[32m[Nest] 42788  - [39m2026. 03. 24. 오전 2:51:54 [32m    LOG[39m [38;5;3m[HTTP] [39m[32mGET /customer/orders?page=1&limit=1&dateStart=2026-03-24&dateEnd=2026-03-24&status=REFUNDED - 483ms[39m
[32m[Nest] 42788  - [39m2026. 03. 24. 오전 2:51:54 [32m    LOG[39m [38;5;3m[CustomerOrdersService] [39m[32mFetched 1 orders[39m
[32m[Nest] 42788  - [39m2026. 03. 24. 오전 2:51:54 [32m    LOG[39m [38;5;3m[HTTP] [39m[32mGET /customer/orders?page=1&limit=1&dateStart=2026-03-24&dateEnd=2026-03-24&status=CREATED - 1504ms[39m
[33m[Nest] 42788  - [39m2026. 03. 24. 오전 2:51:55 [33m   WARN[39m [38;5;3m[DepositSyncService] [39m[33mShared deposit sheet mapping detected for "시트1" in spreadsheet "1MSwPe5z2ebuU1xNginda2Rt4d4sLrBXh9p5M4rNSKPI" across 2 branches. Deposit rows will be matched across those branches.[39m
[31m[Nest] 42788  - [39m2026. 03. 24. 오전 2:51:59 [31m  ERROR[39m [38;5;3m[DepositSyncService] [39m[31mFailed to mark payment as matched for order eb47f08e-34bc-4a5c-b3f3-1748bcf6d26e[39m
[31m[Nest] 42788  - [39m2026. 03. 24. 오전 2:51:59 [31m  ERROR[39m [38;5;3m[DepositSyncService] [39mObject(4) {
  code: [32m'22P02'[39m,
  details: [1mnull[22m,
  hint: [1mnull[22m,
  message: [32m'invalid input value for enum order_status: "PENDING"'[39m
}
[32m[Nest] 42788  - [39m2026. 03. 24. 오전 2:51:59 [32m    LOG[39m [38;5;3m[DepositSyncService] [39m[32mDeposit row 22 auto-matched to order eb47f08e-34bc-4a5c-b3f3-1748bcf6d26e[39m
[31m[Nest] 42788  - [39m2026. 03. 24. 오전 2:52:00 [31m  ERROR[39m [38;5;3m[DepositSyncService] [39m[31mFailed to mark payment as matched for order 2a0a45c8-14c6-4dbf-893c-b25fbd2b33af[39m
[31m[Nest] 42788  - [39m2026. 03. 24. 오전 2:52:00 [31m  ERROR[39m [38;5;3m[DepositSyncService] [39mObject(4) {
  code: [32m'22P02'[39m,
  details: [1mnull[22m,
  hint: [1mnull[22m,
  message: [32m'invalid input value for enum order_status: "PENDING"'[39m
}
[32m[Nest] 42788  - [39m2026. 03. 24. 오전 2:52:00 [32m    LOG[39m [38;5;3m[CustomerOrdersController] [39m[32mUser d26831b8-20ef-4b10-8a1c-737a83d9b21f fetching orders (all branches)[39m
[32m[Nest] 42788  - [39m2026. 03. 24. 오전 2:52:00 [32m    LOG[39m [38;5;3m[CustomerOrdersService] [39m[32mFetching orders (all branches) by user d26831b8-20ef-4b10-8a1c-737a83d9b21f[39m
[32m[Nest] 42788  - [39m2026. 03. 24. 오전 2:52:00 [32m    LOG[39m [38;5;3m[CustomerOrdersController] [39m[32mUser d26831b8-20ef-4b10-8a1c-737a83d9b21f fetching orders (all branches)[39m
[32m[Nest] 42788  - [39m2026. 03. 24. 오전 2:52:00 [32m    LOG[39m [38;5;3m[CustomerOrdersService] [39m[32mFetching orders (all branches) by user d26831b8-20ef-4b10-8a1c-737a83d9b21f[39m
[32m[Nest] 42788  - [39m2026. 03. 24. 오전 2:52:00 [32m    LOG[39m [38;5;3m[DepositSyncService] [39m[32mDeposit row 23 auto-matched to order 2a0a45c8-14c6-4dbf-893c-b25fbd2b33af[39m
[31m[Nest] 42788  - [39m2026. 03. 24. 오전 2:52:01 [31m  ERROR[39m [38;5;3m[DepositSyncService] [39m[31mFailed to mark payment as matched for order 73e92499-13be-47b1-89f3-e21770e9d2ae[39m
[31m[Nest] 42788  - [39m2026. 03. 24. 오전 2:52:01 [31m  ERROR[39m [38;5;3m[DepositSyncService] [39mObject(4) {
  code: [32m'22P02'[39m,
  details: [1mnull[22m,
  hint: [1mnull[22m,
  message: [32m'invalid input value for enum order_status: "PENDING"'[39m
}
[33m[Nest] 42788  - [39m2026. 03. 24. 오전 2:52:01 [33m   WARN[39m [38;5;3m[CustomerOrdersService] [39m[33mFailed to load order payment methods for customer orders: column orders.payment_method does not exist[39m
[33m[Nest] 42788  - [39m2026. 03. 24. 오전 2:52:02 [33m   WARN[39m [38;5;3m[CustomerOrdersService] [39m[33mFailed to load order payment methods for customer orders: column orders.payment_method does not exist[39m
[32m[Nest] 42788  - [39m2026. 03. 24. 오전 2:52:02 [32m    LOG[39m [38;5;3m[DepositSyncService] [39m[32mDeposit row 24 auto-matched to order 73e92499-13be-47b1-89f3-e21770e9d2ae[39m
[32m[Nest] 42788  - [39m2026. 03. 24. 오전 2:52:02 [32m    LOG[39m [38;5;3m[CustomerOrdersService] [39m[32mFetched 1 orders[39m
[32m[Nest] 42788  - [39m2026. 03. 24. 오전 2:52:02 [32m    LOG[39m [38;5;3m[HTTP] [39m[32mGET /customer/orders?page=1&limit=1&dateStart=2026-03-24&dateEnd=2026-03-24 - 1576ms[39m
[32m[Nest] 42788  - [39m2026. 03. 24. 오전 2:52:02 [32m    LOG[39m [38;5;3m[CustomerOrdersController] [39m[32mUser d26831b8-20ef-4b10-8a1c-737a83d9b21f fetching orders (all branches)[39m
[32m[Nest] 42788  - [39m2026. 03. 24. 오전 2:52:02 [32m    LOG[39m [38;5;3m[CustomerOrdersService] [39m[32mFetching orders (all branches) by user d26831b8-20ef-4b10-8a1c-737a83d9b21f[39m
[32m[Nest] 42788  - [39m2026. 03. 24. 오전 2:52:02 [32m    LOG[39m [38;5;3m[CustomerOrdersController] [39m[32mUser d26831b8-20ef-4b10-8a1c-737a83d9b21f fetching orders (all branches)[39m
[32m[Nest] 42788  - [39m2026. 03. 24. 오전 2:52:02 [32m    LOG[39m [38;5;3m[CustomerOrdersService] [39m[32mFetching orders (all branches) by user d26831b8-20ef-4b10-8a1c-737a83d9b21f[39m
[32m[Nest] 42788  - [39m2026. 03. 24. 오전 2:52:02 [32m    LOG[39m [38;5;3m[CustomerOrdersController] [39m[32mUser d26831b8-20ef-4b10-8a1c-737a83d9b21f fetching orders (all branches)[39m
[32m[Nest] 42788  - [39m2026. 03. 24. 오전 2:52:02 [32m    LOG[39m [38;5;3m[CustomerOrdersService] [39m[32mFetching orders (all branches) by user d26831b8-20ef-4b10-8a1c-737a83d9b21f[39m
[32m[Nest] 42788  - [39m2026. 03. 24. 오전 2:52:02 [32m    LOG[39m [38;5;3m[CustomerOrdersController] [39m[32mUser d26831b8-20ef-4b10-8a1c-737a83d9b21f fetching orders (all branches)[39m
[32m[Nest] 42788  - [39m2026. 03. 24. 오전 2:52:02 [32m    LOG[39m [38;5;3m[CustomerOrdersService] [39m[32mFetching orders (all branches) by user d26831b8-20ef-4b10-8a1c-737a83d9b21f[39m
[32m[Nest] 42788  - [39m2026. 03. 24. 오전 2:52:02 [32m    LOG[39m [38;5;3m[CustomerOrdersController] [39m[32mUser d26831b8-20ef-4b10-8a1c-737a83d9b21f fetching orders (all branches)[39m
[32m[Nest] 42788  - [39m2026. 03. 24. 오전 2:52:02 [32m    LOG[39m [38;5;3m[CustomerOrdersService] [39m[32mFetching orders (all branches) by user d26831b8-20ef-4b10-8a1c-737a83d9b21f[39m
[32m[Nest] 42788  - [39m2026. 03. 24. 오전 2:52:02 [32m    LOG[39m [38;5;3m[CustomerOrdersService] [39m[32mFetched 10 orders[39m
[32m[Nest] 42788  - [39m2026. 03. 24. 오전 2:52:02 [32m    LOG[39m [38;5;3m[HTTP] [39m[32mGET /customer/orders?page=1&limit=20&dateStart=2026-03-24&dateEnd=2026-03-24 - 1630ms[39m
[32m[Nest] 42788  - [39m2026. 03. 24. 오전 2:52:02 [32m    LOG[39m [38;5;3m[CustomerOrdersController] [39m[32mUser d26831b8-20ef-4b10-8a1c-737a83d9b21f fetching orders (all branches)[39m
[32m[Nest] 42788  - [39m2026. 03. 24. 오전 2:52:02 [32m    LOG[39m [38;5;3m[CustomerOrdersService] [39m[32mFetching orders (all branches) by user d26831b8-20ef-4b10-8a1c-737a83d9b21f[39m
[32m[Nest] 42788  - [39m2026. 03. 24. 오전 2:52:03 [32m    LOG[39m [38;5;3m[CustomerOrdersService] [39m[32mFetched 0 orders[39m
[32m[Nest] 42788  - [39m2026. 03. 24. 오전 2:52:03 [32m    LOG[39m [38;5;3m[HTTP] [39m[32mGET /customer/orders?page=1&limit=1&dateStart=2026-03-24&dateEnd=2026-03-24&status=CONFIRMED - 515ms[39m
[32m[Nest] 42788  - [39m2026. 03. 24. 오전 2:52:03 [32m    LOG[39m [38;5;3m[CustomerOrdersController] [39m[32mUser d26831b8-20ef-4b10-8a1c-737a83d9b21f fetching orders (all branches)[39m
[32m[Nest] 42788  - [39m2026. 03. 24. 오전 2:52:03 [32m    LOG[39m [38;5;3m[CustomerOrdersService] [39m[32mFetching orders (all branches) by user d26831b8-20ef-4b10-8a1c-737a83d9b21f[39m
[32m[Nest] 42788  - [39m2026. 03. 24. 오전 2:52:03 [32m    LOG[39m [38;5;3m[CustomerOrdersService] [39m[32mFetched 0 orders[39m
[32m[Nest] 42788  - [39m2026. 03. 24. 오전 2:52:03 [32m    LOG[39m [38;5;3m[HTTP] [39m[32mGET /customer/orders?page=1&limit=1&dateStart=2026-03-24&dateEnd=2026-03-24&status=CANCELLED - 501ms[39m
[32m[Nest] 42788  - [39m2026. 03. 24. 오전 2:52:03 [32m    LOG[39m [38;5;3m[CustomerOrdersService] [39m[32mFetched 0 orders[39m
[32m[Nest] 42788  - [39m2026. 03. 24. 오전 2:52:03 [32m    LOG[39m [38;5;3m[HTTP] [39m[32mGET /customer/orders?page=1&limit=1&dateStart=2026-03-24&dateEnd=2026-03-24&status=READY - 551ms[39m
[32m[Nest] 42788  - [39m2026. 03. 24. 오전 2:52:03 [32m    LOG[39m [38;5;3m[CustomerOrdersService] [39m[32mFetched 0 orders[39m
[32m[Nest] 42788  - [39m2026. 03. 24. 오전 2:52:03 [32m    LOG[39m [38;5;3m[HTTP] [39m[32mGET /customer/orders?page=1&limit=1&dateStart=2026-03-24&dateEnd=2026-03-24&status=COMPLETED - 866ms[39m
[32m[Nest] 42788  - [39m2026. 03. 24. 오전 2:52:03 [32m    LOG[39m [38;5;3m[CustomerOrdersService] [39m[32mFetched 0 orders[39m
[32m[Nest] 42788  - [39m2026. 03. 24. 오전 2:52:03 [32m    LOG[39m [38;5;3m[HTTP] [39m[32mGET /customer/orders?page=1&limit=1&dateStart=2026-03-24&dateEnd=2026-03-24&status=REFUNDED - 484ms[39m
[33m[Nest] 42788  - [39m2026. 03. 24. 오전 2:52:03 [33m   WARN[39m [38;5;3m[CustomerOrdersService] [39m[33mFailed to load order payment methods for customer orders: column orders.payment_method does not exist[39m
[33m[Nest] 42788  - [39m2026. 03. 24. 오전 2:52:03 [33m   WARN[39m [38;5;3m[CustomerOrdersService] [39m[33mFailed to load order payment methods for customer orders: column orders.payment_method does not exist[39m
[32m[Nest] 42788  - [39m2026. 03. 24. 오전 2:52:04 [32m    LOG[39m [38;5;3m[CustomerOrdersService] [39m[32mFetched 1 orders[39m
[32m[Nest] 42788  - [39m2026. 03. 24. 오전 2:52:04 [32m    LOG[39m [38;5;3m[HTTP] [39m[32mGET /customer/orders?page=1&limit=1&dateStart=2026-03-24&dateEnd=2026-03-24&status=PREPARING - 1507ms[39m
[32m[Nest] 42788  - [39m2026. 03. 24. 오전 2:52:04 [32m    LOG[39m [38;5;3m[CustomerOrdersService] [39m[32mFetched 1 orders[39m
[32m[Nest] 42788  - [39m2026. 03. 24. 오전 2:52:04 [32m    LOG[39m [38;5;3m[HTTP] [39m[32mGET /customer/orders?page=1&limit=1&dateStart=2026-03-24&dateEnd=2026-03-24&status=CREATED - 1562ms[39m
[32m[Nest] 42788  - [39m2026. 03. 24. 오전 2:52:10 [32m    LOG[39m [38;5;3m[CustomerOrdersController] [39m[32mUser d26831b8-20ef-4b10-8a1c-737a83d9b21f fetching orders (all branches)[39m
[32m[Nest] 42788  - [39m2026. 03. 24. 오전 2:52:10 [32m    LOG[39m [38;5;3m[CustomerOrdersService] [39m[32mFetching orders (all branches) by user d26831b8-20ef-4b10-8a1c-737a83d9b21f[39m
[32m[Nest] 42788  - [39m2026. 03. 24. 오전 2:52:10 [32m    LOG[39m [38;5;3m[CustomerOrdersController] [39m[32mUser d26831b8-20ef-4b10-8a1c-737a83d9b21f fetching orders (all branches)[39m
[32m[Nest] 42788  - [39m2026. 03. 24. 오전 2:52:10 [32m    LOG[39m [38;5;3m[CustomerOrdersService] [39m[32mFetching orders (all branches) by user d26831b8-20ef-4b10-8a1c-737a83d9b21f[39m
[33m[Nest] 42788  - [39m2026. 03. 24. 오전 2:52:12 [33m   WARN[39m [38;5;3m[CustomerOrdersService] [39m[33mFailed to load order payment methods for customer orders: column orders.payment_method does not exist[39m
[33m[Nest] 42788  - [39m2026. 03. 24. 오전 2:52:12 [33m   WARN[39m [38;5;3m[CustomerOrdersService] [39m[33mFailed to load order payment methods for customer orders: column orders.payment_method does not exist[39m
[32m[Nest] 42788  - [39m2026. 03. 24. 오전 2:52:12 [32m    LOG[39m [38;5;3m[CustomerOrdersService] [39m[32mFetched 1 orders[39m
[32m[Nest] 42788  - [39m2026. 03. 24. 오전 2:52:12 [32m    LOG[39m [38;5;3m[HTTP] [39m[32mGET /customer/orders?page=1&limit=1&dateStart=2026-03-24&dateEnd=2026-03-24 - 1946ms[39m
[32m[Nest] 42788  - [39m2026. 03. 24. 오전 2:52:12 [32m    LOG[39m [38;5;3m[CustomerOrdersController] [39m[32mUser d26831b8-20ef-4b10-8a1c-737a83d9b21f fetching orders (all branches)[39m
[32m[Nest] 42788  - [39m2026. 03. 24. 오전 2:52:12 [32m    LOG[39m [38;5;3m[CustomerOrdersService] [39m[32mFetching orders (all branches) by user d26831b8-20ef-4b10-8a1c-737a83d9b21f[39m
[32m[Nest] 42788  - [39m2026. 03. 24. 오전 2:52:12 [32m    LOG[39m [38;5;3m[CustomerOrdersController] [39m[32mUser d26831b8-20ef-4b10-8a1c-737a83d9b21f fetching orders (all branches)[39m
[32m[Nest] 42788  - [39m2026. 03. 24. 오전 2:52:12 [32m    LOG[39m [38;5;3m[CustomerOrdersService] [39m[32mFetching orders (all branches) by user d26831b8-20ef-4b10-8a1c-737a83d9b21f[39m
[32m[Nest] 42788  - [39m2026. 03. 24. 오전 2:52:12 [32m    LOG[39m [38;5;3m[CustomerOrdersController] [39m[32mUser d26831b8-20ef-4b10-8a1c-737a83d9b21f fetching orders (all branches)[39m
[32m[Nest] 42788  - [39m2026. 03. 24. 오전 2:52:12 [32m    LOG[39m [38;5;3m[CustomerOrdersService] [39m[32mFetching orders (all branches) by user d26831b8-20ef-4b10-8a1c-737a83d9b21f[39m
[32m[Nest] 42788  - [39m2026. 03. 24. 오전 2:52:12 [32m    LOG[39m [38;5;3m[CustomerOrdersController] [39m[32mUser d26831b8-20ef-4b10-8a1c-737a83d9b21f fetching orders (all branches)[39m
[32m[Nest] 42788  - [39m2026. 03. 24. 오전 2:52:12 [32m    LOG[39m [38;5;3m[CustomerOrdersService] [39m[32mFetching orders (all branches) by user d26831b8-20ef-4b10-8a1c-737a83d9b21f[39m
[32m[Nest] 42788  - [39m2026. 03. 24. 오전 2:52:12 [32m    LOG[39m [38;5;3m[CustomerOrdersController] [39m[32mUser d26831b8-20ef-4b10-8a1c-737a83d9b21f fetching orders (all branches)[39m
[32m[Nest] 42788  - [39m2026. 03. 24. 오전 2:52:12 [32m    LOG[39m [38;5;3m[CustomerOrdersService] [39m[32mFetching orders (all branches) by user d26831b8-20ef-4b10-8a1c-737a83d9b21f[39m
[32m[Nest] 42788  - [39m2026. 03. 24. 오전 2:52:12 [32m    LOG[39m [38;5;3m[CustomerOrdersService] [39m[32mFetched 10 orders[39m
[32m[Nest] 42788  - [39m2026. 03. 24. 오전 2:52:12 [32m    LOG[39m [38;5;3m[HTTP] [39m[32mGET /customer/orders?page=1&limit=20&dateStart=2026-03-24&dateEnd=2026-03-24 - 1990ms[39m
[32m[Nest] 42788  - [39m2026. 03. 24. 오전 2:52:12 [32m    LOG[39m [38;5;3m[CustomerOrdersController] [39m[32mUser d26831b8-20ef-4b10-8a1c-737a83d9b21f fetching orders (all branches)[39m
[32m[Nest] 42788  - [39m2026. 03. 24. 오전 2:52:12 [32m    LOG[39m [38;5;3m[CustomerOrdersService] [39m[32mFetching orders (all branches) by user d26831b8-20ef-4b10-8a1c-737a83d9b21f[39m
[32m[Nest] 42788  - [39m2026. 03. 24. 오전 2:52:13 [32m    LOG[39m [38;5;3m[CustomerOrdersService] [39m[32mFetched 0 orders[39m
[32m[Nest] 42788  - [39m2026. 03. 24. 오전 2:52:13 [32m    LOG[39m [38;5;3m[HTTP] [39m[32mGET /customer/orders?page=1&limit=1&dateStart=2026-03-24&dateEnd=2026-03-24&status=CONFIRMED - 577ms[39m
[32m[Nest] 42788  - [39m2026. 03. 24. 오전 2:52:13 [32m    LOG[39m [38;5;3m[CustomerOrdersService] [39m[32mFetched 0 orders[39m
[32m[Nest] 42788  - [39m2026. 03. 24. 오전 2:52:13 [32m    LOG[39m [38;5;3m[HTTP] [39m[32mGET /customer/orders?page=1&limit=1&dateStart=2026-03-24&dateEnd=2026-03-24&status=COMPLETED - 554ms[39m
[32m[Nest] 42788  - [39m2026. 03. 24. 오전 2:52:13 [32m    LOG[39m [38;5;3m[CustomerOrdersService] [39m[32mFetched 0 orders[39m
[32m[Nest] 42788  - [39m2026. 03. 24. 오전 2:52:13 [32m    LOG[39m [38;5;3m[HTTP] [39m[32mGET /customer/orders?page=1&limit=1&dateStart=2026-03-24&dateEnd=2026-03-24&status=READY - 568ms[39m
[32m[Nest] 42788  - [39m2026. 03. 24. 오전 2:52:13 [32m    LOG[39m [38;5;3m[CustomerOrdersController] [39m[32mUser d26831b8-20ef-4b10-8a1c-737a83d9b21f fetching orders (all branches)[39m
[32m[Nest] 42788  - [39m2026. 03. 24. 오전 2:52:13 [32m    LOG[39m [38;5;3m[CustomerOrdersService] [39m[32mFetching orders (all branches) by user d26831b8-20ef-4b10-8a1c-737a83d9b21f[39m
[32m[Nest] 42788  - [39m2026. 03. 24. 오전 2:52:13 [32m    LOG[39m [38;5;3m[CustomerOrdersService] [39m[32mFetched 0 orders[39m
[32m[Nest] 42788  - [39m2026. 03. 24. 오전 2:52:13 [32m    LOG[39m [38;5;3m[HTTP] [39m[32mGET /customer/orders?page=1&limit=1&dateStart=2026-03-24&dateEnd=2026-03-24&status=CANCELLED - 588ms[39m
[32m[Nest] 42788  - [39m2026. 03. 24. 오전 2:52:13 [32m    LOG[39m [38;5;3m[CustomerOrdersService] [39m[32mFetched 0 orders[39m
[32m[Nest] 42788  - [39m2026. 03. 24. 오전 2:52:13 [32m    LOG[39m [38;5;3m[HTTP] [39m[32mGET /customer/orders?page=1&limit=1&dateStart=2026-03-24&dateEnd=2026-03-24&status=REFUNDED - 498ms[39m
[33m[Nest] 42788  - [39m2026. 03. 24. 오전 2:52:13 [33m   WARN[39m [38;5;3m[CustomerOrdersService] [39m[33mFailed to load order payment methods for customer orders: column orders.payment_method does not exist[39m
[33m[Nest] 42788  - [39m2026. 03. 24. 오전 2:52:14 [33m   WARN[39m [38;5;3m[CustomerOrdersService] [39m[33mFailed to load order payment methods for customer orders: column orders.payment_method does not exist[39m
[32m[Nest] 42788  - [39m2026. 03. 24. 오전 2:52:14 [32m    LOG[39m [38;5;3m[CustomerOrdersService] [39m[32mFetched 1 orders[39m
[32m[Nest] 42788  - [39m2026. 03. 24. 오전 2:52:14 [32m    LOG[39m [38;5;3m[HTTP] [39m[32mGET /customer/orders?page=1&limit=1&dateStart=2026-03-24&dateEnd=2026-03-24&status=PREPARING - 1598ms[39m
[32m[Nest] 42788  - [39m2026. 03. 24. 오전 2:52:14 [32m    LOG[39m [38;5;3m[CustomerOrdersService] [39m[32mFetched 1 orders[39m
[32m[Nest] 42788  - [39m2026. 03. 24. 오전 2:52:14 [32m    LOG[39m [38;5;3m[HTTP] [39m[32mGET /customer/orders?page=1&limit=1&dateStart=2026-03-24&dateEnd=2026-03-24&status=CREATED - 1622ms[39m
[32m[Nest] 42788  - [39m2026. 03. 24. 오전 2:52:20 [32m    LOG[39m [38;5;3m[CustomerOrdersController] [39m[32mUser d26831b8-20ef-4b10-8a1c-737a83d9b21f fetching orders (all branches)[39m
[32m[Nest] 42788  - [39m2026. 03. 24. 오전 2:52:20 [32m    LOG[39m [38;5;3m[CustomerOrdersService] [39m[32mFetching orders (all branches) by user d26831b8-20ef-4b10-8a1c-737a83d9b21f[39m
[32m[Nest] 42788  - [39m2026. 03. 24. 오전 2:52:20 [32m    LOG[39m [38;5;3m[CustomerOrdersController] [39m[32mUser d26831b8-20ef-4b10-8a1c-737a83d9b21f fetching orders (all branches)[39m
[32m[Nest] 42788  - [39m2026. 03. 24. 오전 2:52:20 [32m    LOG[39m [38;5;3m[CustomerOrdersService] [39m[32mFetching orders (all branches) by user d26831b8-20ef-4b10-8a1c-737a83d9b21f[39m
[32m[Nest] 42788  - [39m2026. 03. 24. 오전 2:52:21 [32m    LOG[39m [38;5;3m[CustomerGuard] [39m[32mCustomerGuard: User d26831b8-20ef-4b10-8a1c-737a83d9b21f authorized with 1 brand(s) and 0 branch(es)[39m
[32m[Nest] 42788  - [39m2026. 03. 24. 오전 2:52:21 [32m    LOG[39m [38;5;3m[InventoryController] [39m[32mUser d26831b8-20ef-4b10-8a1c-737a83d9b21f fetching low stock alerts for all branches[39m
[32m[Nest] 42788  - [39m2026. 03. 24. 오전 2:52:21 [32m    LOG[39m [38;5;3m[InventoryService] [39m[32mFetching low stock alerts for all branches by user d26831b8-20ef-4b10-8a1c-737a83d9b21f[39m
[33m[Nest] 42788  - [39m2026. 03. 24. 오전 2:52:21 [33m   WARN[39m [38;5;3m[CustomerOrdersService] [39m[33mFailed to load order payment methods for customer orders: column orders.payment_method does not exist[39m
[33m[Nest] 42788  - [39m2026. 03. 24. 오전 2:52:22 [33m   WARN[39m [38;5;3m[CustomerOrdersService] [39m[33mFailed to load order payment methods for customer orders: column orders.payment_method does not exist[39m
[32m[Nest] 42788  - [39m2026. 03. 24. 오전 2:52:22 [32m    LOG[39m [38;5;3m[InventoryService] [39m[32mFound 6 low stock items for all branches[39m
[32m[Nest] 42788  - [39m2026. 03. 24. 오전 2:52:22 [32m    LOG[39m [38;5;3m[HTTP] [39m[32mGET /customer/inventory/alerts - 457ms[39m
[32m[Nest] 42788  - [39m2026. 03. 24. 오전 2:52:22 [32m    LOG[39m [38;5;3m[CustomerGuard] [39m[32mCustomerGuard: User d26831b8-20ef-4b10-8a1c-737a83d9b21f authorized with 1 brand(s) and 0 branch(es)[39m
[32m[Nest] 42788  - [39m2026. 03. 24. 오전 2:52:22 [32m    LOG[39m [38;5;3m[CustomerOrdersController] [39m[32mUser d26831b8-20ef-4b10-8a1c-737a83d9b21f fetching orders (all branches)[39m
[32m[Nest] 42788  - [39m2026. 03. 24. 오전 2:52:22 [32m    LOG[39m [38;5;3m[CustomerOrdersService] [39m[32mFetching orders (all branches) by user d26831b8-20ef-4b10-8a1c-737a83d9b21f[39m
[32m[Nest] 42788  - [39m2026. 03. 24. 오전 2:52:22 [32m    LOG[39m [38;5;3m[CustomerOrdersService] [39m[32mFetched 1 orders[39m
[32m[Nest] 42788  - [39m2026. 03. 24. 오전 2:52:22 [32m    LOG[39m [38;5;3m[HTTP] [39m[32mGET /customer/orders?page=1&limit=1&dateStart=2026-03-24&dateEnd=2026-03-24 - 1577ms[39m
[32m[Nest] 42788  - [39m2026. 03. 24. 오전 2:52:22 [32m    LOG[39m [38;5;3m[CustomerOrdersController] [39m[32mUser d26831b8-20ef-4b10-8a1c-737a83d9b21f fetching orders (all branches)[39m
[32m[Nest] 42788  - [39m2026. 03. 24. 오전 2:52:22 [32m    LOG[39m [38;5;3m[CustomerOrdersService] [39m[32mFetching orders (all branches) by user d26831b8-20ef-4b10-8a1c-737a83d9b21f[39m
[32m[Nest] 42788  - [39m2026. 03. 24. 오전 2:52:22 [32m    LOG[39m [38;5;3m[CustomerOrdersController] [39m[32mUser d26831b8-20ef-4b10-8a1c-737a83d9b21f fetching orders (all branches)[39m
[32m[Nest] 42788  - [39m2026. 03. 24. 오전 2:52:22 [32m    LOG[39m [38;5;3m[CustomerOrdersService] [39m[32mFetching orders (all branches) by user d26831b8-20ef-4b10-8a1c-737a83d9b21f[39m
[32m[Nest] 42788  - [39m2026. 03. 24. 오전 2:52:22 [32m    LOG[39m [38;5;3m[CustomerOrdersController] [39m[32mUser d26831b8-20ef-4b10-8a1c-737a83d9b21f fetching orders (all branches)[39m
[32m[Nest] 42788  - [39m2026. 03. 24. 오전 2:52:22 [32m    LOG[39m [38;5;3m[CustomerOrdersService] [39m[32mFetching orders (all branches) by user d26831b8-20ef-4b10-8a1c-737a83d9b21f[39m
[32m[Nest] 42788  - [39m2026. 03. 24. 오전 2:52:22 [32m    LOG[39m [38;5;3m[CustomerOrdersController] [39m[32mUser d26831b8-20ef-4b10-8a1c-737a83d9b21f fetching orders (all branches)[39m
[32m[Nest] 42788  - [39m2026. 03. 24. 오전 2:52:22 [32m    LOG[39m [38;5;3m[CustomerOrdersService] [39m[32mFetching orders (all branches) by user d26831b8-20ef-4b10-8a1c-737a83d9b21f[39m
[32m[Nest] 42788  - [39m2026. 03. 24. 오전 2:52:22 [32m    LOG[39m [38;5;3m[CustomerOrdersService] [39m[32mFetched 10 orders[39m
[32m[Nest] 42788  - [39m2026. 03. 24. 오전 2:52:22 [32m    LOG[39m [38;5;3m[HTTP] [39m[32mGET /customer/orders?page=1&limit=20&dateStart=2026-03-24&dateEnd=2026-03-24 - 1605ms[39m
[32m[Nest] 42788  - [39m2026. 03. 24. 오전 2:52:22 [32m    LOG[39m [38;5;3m[CustomerOrdersController] [39m[32mUser d26831b8-20ef-4b10-8a1c-737a83d9b21f fetching orders (all branches)[39m
[32m[Nest] 42788  - [39m2026. 03. 24. 오전 2:52:22 [32m    LOG[39m [38;5;3m[CustomerOrdersService] [39m[32mFetching orders (all branches) by user d26831b8-20ef-4b10-8a1c-737a83d9b21f[39m
[32m[Nest] 42788  - [39m2026. 03. 24. 오전 2:52:22 [32m    LOG[39m [38;5;3m[CustomerOrdersService] [39m[32mFetched 0 orders[39m
[32m[Nest] 42788  - [39m2026. 03. 24. 오전 2:52:22 [32m    LOG[39m [38;5;3m[HTTP] [39m[32mGET /customer/orders?page=1&limit=1&dateStart=2026-03-24&dateEnd=2026-03-24&status=CONFIRMED - 507ms[39m
[32m[Nest] 42788  - [39m2026. 03. 24. 오전 2:52:23 [32m    LOG[39m [38;5;3m[CustomerOrdersController] [39m[32mUser d26831b8-20ef-4b10-8a1c-737a83d9b21f fetching orders (all branches)[39m
[32m[Nest] 42788  - [39m2026. 03. 24. 오전 2:52:23 [32m    LOG[39m [38;5;3m[CustomerOrdersService] [39m[32mFetching orders (all branches) by user d26831b8-20ef-4b10-8a1c-737a83d9b21f[39m
[32m[Nest] 42788  - [39m2026. 03. 24. 오전 2:52:23 [32m    LOG[39m [38;5;3m[CustomerOrdersService] [39m[32mFetched 0 orders[39m
[32m[Nest] 42788  - [39m2026. 03. 24. 오전 2:52:23 [32m    LOG[39m [38;5;3m[HTTP] [39m[32mGET /customer/orders?page=1&limit=1&dateStart=2026-03-24&dateEnd=2026-03-24&status=READY - 531ms[39m
[32m[Nest] 42788  - [39m2026. 03. 24. 오전 2:52:23 [32m    LOG[39m [38;5;3m[CustomerOrdersController] [39m[32mUser d26831b8-20ef-4b10-8a1c-737a83d9b21f fetching orders (all branches)[39m
[32m[Nest] 42788  - [39m2026. 03. 24. 오전 2:52:23 [32m    LOG[39m [38;5;3m[CustomerOrdersService] [39m[32mFetching orders (all branches) by user d26831b8-20ef-4b10-8a1c-737a83d9b21f[39m
[32m[Nest] 42788  - [39m2026. 03. 24. 오전 2:52:23 [32m    LOG[39m [38;5;3m[CustomerOrdersService] [39m[32mFetched 0 orders[39m
[32m[Nest] 42788  - [39m2026. 03. 24. 오전 2:52:23 [32m    LOG[39m [38;5;3m[HTTP] [39m[32mGET /customer/orders?page=1&limit=1&dateStart=2026-03-24&dateEnd=2026-03-24&status=COMPLETED - 524ms[39m
[33m[Nest] 42788  - [39m2026. 03. 24. 오전 2:52:23 [33m   WARN[39m [38;5;3m[CustomerOrdersService] [39m[33mFailed to load order payment methods for customer orders: column orders.payment_method does not exist[39m
[33m[Nest] 42788  - [39m2026. 03. 24. 오전 2:52:23 [33m   WARN[39m [38;5;3m[CustomerOrdersService] [39m[33mFailed to load order payment methods for customer orders: column orders.payment_method does not exist[39m
[32m[Nest] 42788  - [39m2026. 03. 24. 오전 2:52:23 [32m    LOG[39m [38;5;3m[CustomerOrdersService] [39m[32mFetched 0 orders[39m
[32m[Nest] 42788  - [39m2026. 03. 24. 오전 2:52:23 [32m    LOG[39m [38;5;3m[HTTP] [39m[32mGET /customer/orders?page=1&limit=1&dateStart=2026-03-24&dateEnd=2026-03-24&status=CANCELLED - 503ms[39m
[32m[Nest] 42788  - [39m2026. 03. 24. 오전 2:52:23 [32m    LOG[39m [38;5;3m[CustomerOrdersService] [39m[32mFetched 0 orders[39m
[32m[Nest] 42788  - [39m2026. 03. 24. 오전 2:52:23 [32m    LOG[39m [38;5;3m[HTTP] [39m[32mGET /customer/orders?page=1&limit=1&dateStart=2026-03-24&dateEnd=2026-03-24&status=REFUNDED - 502ms[39m
[33m[Nest] 42788  - [39m2026. 03. 24. 오전 2:52:23 [33m   WARN[39m [38;5;3m[CustomerOrdersService] [39m[33mFailed to load order payment methods for customer orders: column orders.payment_method does not exist[39m
[32m[Nest] 42788  - [39m2026. 03. 24. 오전 2:52:23 [32m    LOG[39m [38;5;3m[CustomerOrdersService] [39m[32mFetched 14 orders[39m
[32m[Nest] 42788  - [39m2026. 03. 24. 오전 2:52:23 [32m    LOG[39m [38;5;3m[HTTP] [39m[32mGET /customer/orders?page=1&limit=20 - 1572ms[39m
[32m[Nest] 42788  - [39m2026. 03. 24. 오전 2:52:24 [32m    LOG[39m [38;5;3m[CustomerOrdersService] [39m[32mFetched 1 orders[39m
[32m[Nest] 42788  - [39m2026. 03. 24. 오전 2:52:24 [32m    LOG[39m [38;5;3m[HTTP] [39m[32mGET /customer/orders?page=1&limit=1&dateStart=2026-03-24&dateEnd=2026-03-24&status=PREPARING - 1513ms[39m
[32m[Nest] 42788  - [39m2026. 03. 24. 오전 2:52:24 [32m    LOG[39m [38;5;3m[CustomerOrdersService] [39m[32mFetched 1 orders[39m
[32m[Nest] 42788  - [39m2026. 03. 24. 오전 2:52:24 [32m    LOG[39m [38;5;3m[HTTP] [39m[32mGET /customer/orders?page=1&limit=1&dateStart=2026-03-24&dateEnd=2026-03-24&status=CREATED - 1551ms[39m
[32m[Nest] 42788  - [39m2026. 03. 24. 오전 2:52:27 [32m    LOG[39m [38;5;3m[HTTP] [39m[32mGET /public/branches/051d7e95-8a82-44d3-aa8d-d4c6aa698cf2/categories - 237ms[39m
[32m[Nest] 42788  - [39m2026. 03. 24. 오전 2:52:27 [32m    LOG[39m [38;5;3m[HTTP] [39m[32mGET /public/brands/minamfruits/branches/bundang1 - 579ms[39m
[32m[Nest] 42788  - [39m2026. 03. 24. 오전 2:52:27 [32m    LOG[39m [38;5;3m[HTTP] [39m[32mGET /public/branches/051d7e95-8a82-44d3-aa8d-d4c6aa698cf2/products - 602ms[39m
[32m[Nest] 42788  - [39m2026. 03. 24. 오전 2:52:31 [32m    LOG[39m [38;5;3m[CustomerOrdersController] [39m[32mUser d26831b8-20ef-4b10-8a1c-737a83d9b21f fetching orders (all branches)[39m
[32m[Nest] 42788  - [39m2026. 03. 24. 오전 2:52:31 [32m    LOG[39m [38;5;3m[CustomerOrdersService] [39m[32mFetching orders (all branches) by user d26831b8-20ef-4b10-8a1c-737a83d9b21f[39m
[32m[Nest] 42788  - [39m2026. 03. 24. 오전 2:52:32 [32m    LOG[39m [38;5;3m[HTTP] [39m[32mGET /public/branches/051d7e95-8a82-44d3-aa8d-d4c6aa698cf2 - 581ms[39m
[33m[Nest] 42788  - [39m2026. 03. 24. 오전 2:52:32 [33m   WARN[39m [38;5;3m[CustomerOrdersService] [39m[33mFailed to load order payment methods for customer orders: column orders.payment_method does not exist[39m
[32m[Nest] 42788  - [39m2026. 03. 24. 오전 2:52:33 [32m    LOG[39m [38;5;3m[CustomerOrdersService] [39m[32mFetched 1 orders[39m
[32m[Nest] 42788  - [39m2026. 03. 24. 오전 2:52:33 [32m    LOG[39m [38;5;3m[HTTP] [39m[32mGET /customer/orders?page=1&limit=1 - 1580ms[39m
[32m[Nest] 42788  - [39m2026. 03. 24. 오전 2:52:33 [32m    LOG[39m [38;5;3m[CustomerOrdersController] [39m[32mUser d26831b8-20ef-4b10-8a1c-737a83d9b21f fetching order 73e92499-13be-47b1-89f3-e21770e9d2ae[39m
[32m[Nest] 42788  - [39m2026. 03. 24. 오전 2:52:33 [32m    LOG[39m [38;5;3m[CustomerOrdersService] [39m[32mFetching order 73e92499-13be-47b1-89f3-e21770e9d2ae by user d26831b8-20ef-4b10-8a1c-737a83d9b21f[39m
[33m[Nest] 42788  - [39m2026. 03. 24. 오전 2:52:33 [33m   WARN[39m [38;5;3m[CustomerOrdersService] [39m[33mFailed to load order payment methods for customer orders: column orders.payment_method does not exist[39m
[32m[Nest] 42788  - [39m2026. 03. 24. 오전 2:52:34 [32m    LOG[39m [38;5;3m[HTTP] [39m[32mGET /customer/orders/73e92499-13be-47b1-89f3-e21770e9d2ae - 1158ms[39m
[32m[Nest] 42788  - [39m2026. 03. 24. 오전 2:52:44 [32m    LOG[39m [38;5;3m[PublicOrderService] [39m[32m[METRIC] order.create.start {"branchId":"051d7e95-8a82-44d3-aa8d-d4c6aa698cf2","totalAmount":96000,"paymentMethod":"TRANSFER","fulfillmentType":"DELIVERY","channelId":"7985788e-d0d6-4d2c-9eec-dad06b1c7adc"}[39m
[33m[Nest] 42788  - [39m2026. 03. 24. 오전 2:52:47 [33m   WARN[39m [38;5;3m[PublicOrderService] [39m[33mInventory RPC unavailable. Skip reservation for order 3c3212b1-009e-4162-9b32-941471fc5ef4: Could not find the function public.reserve_inventory_for_order(branch_id, items, order_id, order_no) in the schema cache[39m
[32m[Nest] 42788  - [39m2026. 03. 24. 오전 2:52:47 [32m    LOG[39m [38;5;3m[PublicOrderService] [39m[32m[METRIC] order.create.success {"branchId":"051d7e95-8a82-44d3-aa8d-d4c6aa698cf2","orderId":"3c3212b1-009e-4162-9b32-941471fc5ef4","totalAmount":96000}[39m
[32m[Nest] 42788  - [39m2026. 03. 24. 오전 2:52:47 [32m    LOG[39m [38;5;3m[NotificationsService] [39m[32mSending order completion KakaoTalk for order: 3c3212b1-009e-4162-9b32-941471fc5ef4[39m
[32m[Nest] 42788  - [39m2026. 03. 24. 오전 2:52:47 [32m    LOG[39m [38;5;3m[HTTP] [39m[32mPOST /me/orders - 3928ms[39m
[33m[Nest] 42788  - [39m2026. 03. 24. 오전 2:52:47 [33m   WARN[39m [38;5;3m[HTTP] [39m[33mSlow request detected: POST /me/orders - 3928ms[39m
[31m[Nest] 42788  - [39m2026. 03. 24. 오전 2:52:47 [31m  ERROR[39m [38;5;3m[NotificationsService] [39m[31mFailed to send KAKAO_TALK to 01047225906 (attempt 1/3): KakaoTalk API error: 402 {"errors":[{"type":"group","value":"G4V20260324025247BJR9K1EYDTQM3RW","detail":"보유 잔액이 부족하여 발송에 실패하였습니다.\n[차감금액: 13, 보유잔액: 0, 보유포인트: 1]"}],"errorCode":"NotEnoughBalance","errorMessage":"보유 잔액이 부족하여 발송에 실패하였습니다.\n[차감금액: 13, 보유잔액: 0, 보유포인트: 1]"}[39m
Error: KakaoTalk API error: 402 {"errors":[{"type":"group","value":"G4V20260324025247BJR9K1EYDTQM3RW","detail":"보유 잔액이 부족하여 발송에 실패하였습니다.\n[차감금액: 13, 보유잔액: 0, 보유포인트: 1]"}],"errorCode":"NotEnoughBalance","errorMessage":"보유 잔액이 부족하여 발송에 실패하였습니다.\n[차감금액: 13, 보유잔액: 0, 보유포인트: 1]"}
    at NotificationsService.deliverKakaoTalk (C:\dev\order_friends\src\modules\notifications\notifications.service.ts:724:13)
    at process.processTicksAndRejections (node:internal/process/task_queues:103:5)
    at async NotificationsService.sendWithRetry (C:\dev\order_friends\src\modules\notifications\notifications.service.ts:754:9)
[31m[Nest] 42788  - [39m2026. 03. 24. 오전 2:52:47 [31m  ERROR[39m [38;5;3m[NotificationsService] [39m[31mFailed to send KAKAO_TALK to 01047225906 (attempt 2/3): KakaoTalk API error: 402 {"errors":[{"type":"group","value":"G4V202603240252479NEUDQ0PN1J72I4","detail":"보유 잔액이 부족하여 발송에 실패하였습니다.\n[차감금액: 13, 보유잔액: 0, 보유포인트: 1]"}],"errorCode":"NotEnoughBalance","errorMessage":"보유 잔액이 부족하여 발송에 실패하였습니다.\n[차감금액: 13, 보유잔액: 0, 보유포인트: 1]"}[39m
Error: KakaoTalk API error: 402 {"errors":[{"type":"group","value":"G4V202603240252479NEUDQ0PN1J72I4","detail":"보유 잔액이 부족하여 발송에 실패하였습니다.\n[차감금액: 13, 보유잔액: 0, 보유포인트: 1]"}],"errorCode":"NotEnoughBalance","errorMessage":"보유 잔액이 부족하여 발송에 실패하였습니다.\n[차감금액: 13, 보유잔액: 0, 보유포인트: 1]"}
    at NotificationsService.deliverKakaoTalk (C:\dev\order_friends\src\modules\notifications\notifications.service.ts:724:13)
    at process.processTicksAndRejections (node:internal/process/task_queues:103:5)
    at async NotificationsService.sendWithRetry (C:\dev\order_friends\src\modules\notifications\notifications.service.ts:754:9)
[32m[Nest] 42788  - [39m2026. 03. 24. 오전 2:52:48 [32m    LOG[39m [38;5;3m[HTTP] [39m[32mGET /public/brands/minamfruits/branches/bundang1 - 496ms[39m
[32m[Nest] 42788  - [39m2026. 03. 24. 오전 2:52:48 [32m    LOG[39m [38;5;3m[HTTP] [39m[32mGET /public/branch/051d7e95-8a82-44d3-aa8d-d4c6aa698cf2/stamp-info?phone=01047225906 - 175ms[39m
[31m[Nest] 42788  - [39m2026. 03. 24. 오전 2:52:48 [31m  ERROR[39m [38;5;3m[NotificationsService] [39m[31mFailed to send KAKAO_TALK to 01047225906 (attempt 3/3): KakaoTalk API error: 402 {"errors":[{"type":"group","value":"G4V20260324025247X7WVPXSENGFQNDG","detail":"보유 잔액이 부족하여 발송에 실패하였습니다.\n[차감금액: 13, 보유잔액: 0, 보유포인트: 1]"}],"errorCode":"NotEnoughBalance","errorMessage":"보유 잔액이 부족하여 발송에 실패하였습니다.\n[차감금액: 13, 보유잔액: 0, 보유포인트: 1]"}[39m
Error: KakaoTalk API error: 402 {"errors":[{"type":"group","value":"G4V20260324025247X7WVPXSENGFQNDG","detail":"보유 잔액이 부족하여 발송에 실패하였습니다.\n[차감금액: 13, 보유잔액: 0, 보유포인트: 1]"}],"errorCode":"NotEnoughBalance","errorMessage":"보유 잔액이 부족하여 발송에 실패하였습니다.\n[차감금액: 13, 보유잔액: 0, 보유포인트: 1]"}
    at NotificationsService.deliverKakaoTalk (C:\dev\order_friends\src\modules\notifications\notifications.service.ts:724:13)
    at process.processTicksAndRejections (node:internal/process/task_queues:103:5)
    at async NotificationsService.sendWithRetry (C:\dev\order_friends\src\modules\notifications\notifications.service.ts:754:9)
[33m[Nest] 42788  - [39m2026. 03. 24. 오전 2:52:48 [33m   WARN[39m [38;5;3m[PublicOrderService] [39m[33mFailed to send order completion KakaoTalk for order 3c3212b1-009e-4162-9b32-941471fc5ef4: KakaoTalk API error: 402 {"errors":[{"type":"group","value":"G4V20260324025247X7WVPXSENGFQNDG","detail":"보유 잔액이 부족하여 발송에 실패하였습니다.\n[차감금액: 13, 보유잔액: 0, 보유포인트: 1]"}],"errorCode":"NotEnoughBalance","errorMessage":"보유 잔액이 부족하여 발송에 실패하였습니다.\n[차감금액: 13, 보유잔액: 0, 보유포인트: 1]"}[39m
[33m[Nest] 42788  - [39m2026. 03. 24. 오전 2:52:50 [33m   WARN[39m [38;5;3m[DepositSyncService] [39m[33mShared deposit sheet mapping detected for "시트1" in spreadsheet "1MSwPe5z2ebuU1xNginda2Rt4d4sLrBXh9p5M4rNSKPI" across 2 branches. Deposit rows will be matched across those branches.[39m
[32m[Nest] 42788  - [39m2026. 03. 24. 오전 2:53:11 [32m    LOG[39m [38;5;3m[CustomerGuard] [39m[32mCustomerGuard: User d26831b8-20ef-4b10-8a1c-737a83d9b21f authorized with 1 brand(s) and 0 branch(es)[39m
[32m[Nest] 42788  - [39m2026. 03. 24. 오전 2:53:11 [32m    LOG[39m [38;5;3m[CustomerOrdersController] [39m[32mUser d26831b8-20ef-4b10-8a1c-737a83d9b21f fetching orders (all branches)[39m
[32m[Nest] 42788  - [39m2026. 03. 24. 오전 2:53:11 [32m    LOG[39m [38;5;3m[CustomerOrdersService] [39m[32mFetching orders (all branches) by user d26831b8-20ef-4b10-8a1c-737a83d9b21f[39m
[32m[Nest] 42788  - [39m2026. 03. 24. 오전 2:53:11 [32m    LOG[39m [38;5;3m[CustomerGuard] [39m[32mCustomerGuard: User d26831b8-20ef-4b10-8a1c-737a83d9b21f authorized with 1 brand(s) and 0 branch(es)[39m
[32m[Nest] 42788  - [39m2026. 03. 24. 오전 2:53:11 [32m    LOG[39m [38;5;3m[CustomerOrdersController] [39m[32mUser d26831b8-20ef-4b10-8a1c-737a83d9b21f fetching orders (all branches)[39m
[32m[Nest] 42788  - [39m2026. 03. 24. 오전 2:53:11 [32m    LOG[39m [38;5;3m[CustomerOrdersService] [39m[32mFetching orders (all branches) by user d26831b8-20ef-4b10-8a1c-737a83d9b21f[39m
[33m[Nest] 42788  - [39m2026. 03. 24. 오전 2:53:12 [33m   WARN[39m [38;5;3m[CustomerOrdersService] [39m[33mFailed to load order payment methods for customer orders: column orders.payment_method does not exist[39m
[33m[Nest] 42788  - [39m2026. 03. 24. 오전 2:53:12 [33m   WARN[39m [38;5;3m[CustomerOrdersService] [39m[33mFailed to load order payment methods for customer orders: column orders.payment_method does not exist[39m
[32m[Nest] 42788  - [39m2026. 03. 24. 오전 2:53:12 [32m    LOG[39m [38;5;3m[CustomerOrdersService] [39m[32mFetched 1 orders[39m
[32m[Nest] 42788  - [39m2026. 03. 24. 오전 2:53:12 [32m    LOG[39m [38;5;3m[HTTP] [39m[32mGET /customer/orders?page=1&limit=1&dateStart=2026-03-24&dateEnd=2026-03-24 - 1504ms[39m
[32m[Nest] 42788  - [39m2026. 03. 24. 오전 2:53:12 [32m    LOG[39m [38;5;3m[CustomerOrdersController] [39m[32mUser d26831b8-20ef-4b10-8a1c-737a83d9b21f fetching orders (all branches)[39m
[32m[Nest] 42788  - [39m2026. 03. 24. 오전 2:53:12 [32m    LOG[39m [38;5;3m[CustomerOrdersService] [39m[32mFetching orders (all branches) by user d26831b8-20ef-4b10-8a1c-737a83d9b21f[39m
[32m[Nest] 42788  - [39m2026. 03. 24. 오전 2:53:12 [32m    LOG[39m [38;5;3m[CustomerOrdersController] [39m[32mUser d26831b8-20ef-4b10-8a1c-737a83d9b21f fetching orders (all branches)[39m
[32m[Nest] 42788  - [39m2026. 03. 24. 오전 2:53:12 [32m    LOG[39m [38;5;3m[CustomerOrdersService] [39m[32mFetching orders (all branches) by user d26831b8-20ef-4b10-8a1c-737a83d9b21f[39m
[32m[Nest] 42788  - [39m2026. 03. 24. 오전 2:53:12 [32m    LOG[39m [38;5;3m[CustomerOrdersController] [39m[32mUser d26831b8-20ef-4b10-8a1c-737a83d9b21f fetching orders (all branches)[39m
[32m[Nest] 42788  - [39m2026. 03. 24. 오전 2:53:12 [32m    LOG[39m [38;5;3m[CustomerOrdersService] [39m[32mFetching orders (all branches) by user d26831b8-20ef-4b10-8a1c-737a83d9b21f[39m
[32m[Nest] 42788  - [39m2026. 03. 24. 오전 2:53:12 [32m    LOG[39m [38;5;3m[CustomerOrdersController] [39m[32mUser d26831b8-20ef-4b10-8a1c-737a83d9b21f fetching orders (all branches)[39m
[32m[Nest] 42788  - [39m2026. 03. 24. 오전 2:53:12 [32m    LOG[39m [38;5;3m[CustomerOrdersService] [39m[32mFetching orders (all branches) by user d26831b8-20ef-4b10-8a1c-737a83d9b21f[39m
[32m[Nest] 42788  - [39m2026. 03. 24. 오전 2:53:12 [32m    LOG[39m [38;5;3m[CustomerOrdersController] [39m[32mUser d26831b8-20ef-4b10-8a1c-737a83d9b21f fetching orders (all branches)[39m
[32m[Nest] 42788  - [39m2026. 03. 24. 오전 2:53:12 [32m    LOG[39m [38;5;3m[CustomerOrdersService] [39m[32mFetching orders (all branches) by user d26831b8-20ef-4b10-8a1c-737a83d9b21f[39m
[32m[Nest] 42788  - [39m2026. 03. 24. 오전 2:53:12 [32m    LOG[39m [38;5;3m[CustomerOrdersService] [39m[32mFetched 11 orders[39m
[32m[Nest] 42788  - [39m2026. 03. 24. 오전 2:53:12 [32m    LOG[39m [38;5;3m[HTTP] [39m[32mGET /customer/orders?page=1&limit=20&dateStart=2026-03-24&dateEnd=2026-03-24 - 1531ms[39m
[32m[Nest] 42788  - [39m2026. 03. 24. 오전 2:53:12 [32m    LOG[39m [38;5;3m[CustomerOrdersController] [39m[32mUser d26831b8-20ef-4b10-8a1c-737a83d9b21f fetching orders (all branches)[39m
[32m[Nest] 42788  - [39m2026. 03. 24. 오전 2:53:12 [32m    LOG[39m [38;5;3m[CustomerOrdersService] [39m[32mFetching orders (all branches) by user d26831b8-20ef-4b10-8a1c-737a83d9b21f[39m
[32m[Nest] 42788  - [39m2026. 03. 24. 오전 2:53:13 [32m    LOG[39m [38;5;3m[CustomerOrdersService] [39m[32mFetched 0 orders[39m
[32m[Nest] 42788  - [39m2026. 03. 24. 오전 2:53:13 [32m    LOG[39m [38;5;3m[HTTP] [39m[32mGET /customer/orders?page=1&limit=1&dateStart=2026-03-24&dateEnd=2026-03-24&status=READY - 518ms[39m
[32m[Nest] 42788  - [39m2026. 03. 24. 오전 2:53:13 [32m    LOG[39m [38;5;3m[CustomerOrdersController] [39m[32mUser d26831b8-20ef-4b10-8a1c-737a83d9b21f fetching orders (all branches)[39m
[32m[Nest] 42788  - [39m2026. 03. 24. 오전 2:53:13 [32m    LOG[39m [38;5;3m[CustomerOrdersService] [39m[32mFetching orders (all branches) by user d26831b8-20ef-4b10-8a1c-737a83d9b21f[39m
[32m[Nest] 42788  - [39m2026. 03. 24. 오전 2:53:13 [32m    LOG[39m [38;5;3m[CustomerOrdersService] [39m[32mFetched 0 orders[39m
[32m[Nest] 42788  - [39m2026. 03. 24. 오전 2:53:13 [32m    LOG[39m [38;5;3m[HTTP] [39m[32mGET /customer/orders?page=1&limit=1&dateStart=2026-03-24&dateEnd=2026-03-24&status=CONFIRMED - 530ms[39m
[32m[Nest] 42788  - [39m2026. 03. 24. 오전 2:53:13 [32m    LOG[39m [38;5;3m[CustomerOrdersService] [39m[32mFetched 0 orders[39m
[32m[Nest] 42788  - [39m2026. 03. 24. 오전 2:53:13 [32m    LOG[39m [38;5;3m[HTTP] [39m[32mGET /customer/orders?page=1&limit=1&dateStart=2026-03-24&dateEnd=2026-03-24&status=COMPLETED - 520ms[39m
[32m[Nest] 42788  - [39m2026. 03. 24. 오전 2:53:13 [32m    LOG[39m [38;5;3m[CustomerOrdersService] [39m[32mFetched 0 orders[39m
[32m[Nest] 42788  - [39m2026. 03. 24. 오전 2:53:13 [32m    LOG[39m [38;5;3m[HTTP] [39m[32mGET /customer/orders?page=1&limit=1&dateStart=2026-03-24&dateEnd=2026-03-24&status=CANCELLED - 514ms[39m
[32m[Nest] 42788  - [39m2026. 03. 24. 오전 2:53:13 [32m    LOG[39m [38;5;3m[CustomerOrdersService] [39m[32mFetched 0 orders[39m
[32m[Nest] 42788  - [39m2026. 03. 24. 오전 2:53:13 [32m    LOG[39m [38;5;3m[HTTP] [39m[32mGET /customer/orders?page=1&limit=1&dateStart=2026-03-24&dateEnd=2026-03-24&status=REFUNDED - 505ms[39m
[33m[Nest] 42788  - [39m2026. 03. 24. 오전 2:53:13 [33m   WARN[39m [38;5;3m[CustomerOrdersService] [39m[33mFailed to load order payment methods for customer orders: column orders.payment_method does not exist[39m
[33m[Nest] 42788  - [39m2026. 03. 24. 오전 2:53:13 [33m   WARN[39m [38;5;3m[CustomerOrdersService] [39m[33mFailed to load order payment methods for customer orders: column orders.payment_method does not exist[39m
[32m[Nest] 42788  - [39m2026. 03. 24. 오전 2:53:14 [32m    LOG[39m [38;5;3m[CustomerOrdersService] [39m[32mFetched 1 orders[39m
[32m[Nest] 42788  - [39m2026. 03. 24. 오전 2:53:14 [32m    LOG[39m [38;5;3m[HTTP] [39m[32mGET /customer/orders?page=1&limit=1&dateStart=2026-03-24&dateEnd=2026-03-24&status=PREPARING - 1527ms[39m
[32m[Nest] 42788  - [39m2026. 03. 24. 오전 2:53:14 [32m    LOG[39m [38;5;3m[CustomerOrdersService] [39m[32mFetched 1 orders[39m
[32m[Nest] 42788  - [39m2026. 03. 24. 오전 2:53:14 [32m    LOG[39m [38;5;3m[HTTP] [39m[32mGET /customer/orders?page=1&limit=1&dateStart=2026-03-24&dateEnd=2026-03-24&status=CREATED - 1548ms[39m
[32m[Nest] 42788  - [39m2026. 03. 24. 오전 2:53:20 [32m    LOG[39m [38;5;3m[CustomerOrdersController] [39m[32mUser d26831b8-20ef-4b10-8a1c-737a83d9b21f fetching orders (all branches)[39m
[32m[Nest] 42788  - [39m2026. 03. 24. 오전 2:53:20 [32m    LOG[39m [38;5;3m[CustomerOrdersService] [39m[32mFetching orders (all branches) by user d26831b8-20ef-4b10-8a1c-737a83d9b21f[39m
[32m[Nest] 42788  - [39m2026. 03. 24. 오전 2:53:20 [32m    LOG[39m [38;5;3m[CustomerOrdersController] [39m[32mUser d26831b8-20ef-4b10-8a1c-737a83d9b21f fetching orders (all branches)[39m
[32m[Nest] 42788  - [39m2026. 03. 24. 오전 2:53:20 [32m    LOG[39m [38;5;3m[CustomerOrdersService] [39m[32mFetching orders (all branches) by user d26831b8-20ef-4b10-8a1c-737a83d9b21f[39m
[32m[Nest] 42788  - [39m2026. 03. 24. 오전 2:53:21 [32m    LOG[39m [38;5;3m[CustomerGuard] [39m[32mCustomerGuard: User d26831b8-20ef-4b10-8a1c-737a83d9b21f authorized with 1 brand(s) and 0 branch(es)[39m
[32m[Nest] 42788  - [39m2026. 03. 24. 오전 2:53:21 [32m    LOG[39m [38;5;3m[InventoryController] [39m[32mUser d26831b8-20ef-4b10-8a1c-737a83d9b21f fetching low stock alerts for all branches[39m
[32m[Nest] 42788  - [39m2026. 03. 24. 오전 2:53:21 [32m    LOG[39m [38;5;3m[InventoryService] [39m[32mFetching low stock alerts for all branches by user d26831b8-20ef-4b10-8a1c-737a83d9b21f[39m
[32m[Nest] 42788  - [39m2026. 03. 24. 오전 2:53:21 [32m    LOG[39m [38;5;3m[InventoryService] [39m[32mFound 6 low stock items for all branches[39m
[32m[Nest] 42788  - [39m2026. 03. 24. 오전 2:53:21 [32m    LOG[39m [38;5;3m[HTTP] [39m[32mGET /customer/inventory/alerts - 375ms[39m
[32m[Nest] 42788  - [39m2026. 03. 24. 오전 2:53:21 [32m    LOG[39m [38;5;3m[CustomerOrdersController] [39m[32mUser d26831b8-20ef-4b10-8a1c-737a83d9b21f fetching orders (all branches)[39m
[32m[Nest] 42788  - [39m2026. 03. 24. 오전 2:53:21 [32m    LOG[39m [38;5;3m[CustomerOrdersService] [39m[32mFetching orders (all branches) by user d26831b8-20ef-4b10-8a1c-737a83d9b21f[39m
[33m[Nest] 42788  - [39m2026. 03. 24. 오전 2:53:21 [33m   WARN[39m [38;5;3m[CustomerOrdersService] [39m[33mFailed to load order payment methods for customer orders: column orders.payment_method does not exist[39m
[33m[Nest] 42788  - [39m2026. 03. 24. 오전 2:53:22 [33m   WARN[39m [38;5;3m[CustomerOrdersService] [39m[33mFailed to load order payment methods for customer orders: column orders.payment_method does not exist[39m
[32m[Nest] 42788  - [39m2026. 03. 24. 오전 2:53:22 [32m    LOG[39m [38;5;3m[CustomerOrdersService] [39m[32mFetched 1 orders[39m
[32m[Nest] 42788  - [39m2026. 03. 24. 오전 2:53:22 [32m    LOG[39m [38;5;3m[HTTP] [39m[32mGET /customer/orders?page=1&limit=1&dateStart=2026-03-24&dateEnd=2026-03-24 - 1606ms[39m
[32m[Nest] 42788  - [39m2026. 03. 24. 오전 2:53:22 [32m    LOG[39m [38;5;3m[CustomerOrdersController] [39m[32mUser d26831b8-20ef-4b10-8a1c-737a83d9b21f fetching orders (all branches)[39m
[32m[Nest] 42788  - [39m2026. 03. 24. 오전 2:53:22 [32m    LOG[39m [38;5;3m[CustomerOrdersService] [39m[32mFetching orders (all branches) by user d26831b8-20ef-4b10-8a1c-737a83d9b21f[39m
[32m[Nest] 42788  - [39m2026. 03. 24. 오전 2:53:22 [32m    LOG[39m [38;5;3m[CustomerOrdersController] [39m[32mUser d26831b8-20ef-4b10-8a1c-737a83d9b21f fetching orders (all branches)[39m
[32m[Nest] 42788  - [39m2026. 03. 24. 오전 2:53:22 [32m    LOG[39m [38;5;3m[CustomerOrdersService] [39m[32mFetching orders (all branches) by user d26831b8-20ef-4b10-8a1c-737a83d9b21f[39m
[32m[Nest] 42788  - [39m2026. 03. 24. 오전 2:53:22 [32m    LOG[39m [38;5;3m[CustomerOrdersController] [39m[32mUser d26831b8-20ef-4b10-8a1c-737a83d9b21f fetching orders (all branches)[39m
[32m[Nest] 42788  - [39m2026. 03. 24. 오전 2:53:22 [32m    LOG[39m [38;5;3m[CustomerOrdersService] [39m[32mFetching orders (all branches) by user d26831b8-20ef-4b10-8a1c-737a83d9b21f[39m
[32m[Nest] 42788  - [39m2026. 03. 24. 오전 2:53:22 [32m    LOG[39m [38;5;3m[CustomerOrdersController] [39m[32mUser d26831b8-20ef-4b10-8a1c-737a83d9b21f fetching orders (all branches)[39m
[32m[Nest] 42788  - [39m2026. 03. 24. 오전 2:53:22 [32m    LOG[39m [38;5;3m[CustomerOrdersService] [39m[32mFetching orders (all branches) by user d26831b8-20ef-4b10-8a1c-737a83d9b21f[39m
[32m[Nest] 42788  - [39m2026. 03. 24. 오전 2:53:22 [32m    LOG[39m [38;5;3m[CustomerOrdersService] [39m[32mFetched 11 orders[39m
[32m[Nest] 42788  - [39m2026. 03. 24. 오전 2:53:22 [32m    LOG[39m [38;5;3m[HTTP] [39m[32mGET /customer/orders?page=1&limit=20&dateStart=2026-03-24&dateEnd=2026-03-24 - 1601ms[39m
[33m[Nest] 42788  - [39m2026. 03. 24. 오전 2:53:22 [33m   WARN[39m [38;5;3m[CustomerOrdersService] [39m[33mFailed to load order payment methods for customer orders: column orders.payment_method does not exist[39m
[32m[Nest] 42788  - [39m2026. 03. 24. 오전 2:53:22 [32m    LOG[39m [38;5;3m[CustomerOrdersController] [39m[32mUser d26831b8-20ef-4b10-8a1c-737a83d9b21f fetching orders (all branches)[39m
[32m[Nest] 42788  - [39m2026. 03. 24. 오전 2:53:22 [32m    LOG[39m [38;5;3m[CustomerOrdersService] [39m[32mFetching orders (all branches) by user d26831b8-20ef-4b10-8a1c-737a83d9b21f[39m
[32m[Nest] 42788  - [39m2026. 03. 24. 오전 2:53:23 [32m    LOG[39m [38;5;3m[CustomerOrdersService] [39m[32mFetched 0 orders[39m
[32m[Nest] 42788  - [39m2026. 03. 24. 오전 2:53:23 [32m    LOG[39m [38;5;3m[HTTP] [39m[32mGET /customer/orders?page=1&limit=1&dateStart=2026-03-24&dateEnd=2026-03-24&status=CONFIRMED - 521ms[39m
[32m[Nest] 42788  - [39m2026. 03. 24. 오전 2:53:23 [32m    LOG[39m [38;5;3m[CustomerOrdersController] [39m[32mUser d26831b8-20ef-4b10-8a1c-737a83d9b21f fetching orders (all branches)[39m
[32m[Nest] 42788  - [39m2026. 03. 24. 오전 2:53:23 [32m    LOG[39m [38;5;3m[CustomerOrdersService] [39m[32mFetching orders (all branches) by user d26831b8-20ef-4b10-8a1c-737a83d9b21f[39m
[32m[Nest] 42788  - [39m2026. 03. 24. 오전 2:53:23 [32m    LOG[39m [38;5;3m[CustomerOrdersService] [39m[32mFetched 15 orders[39m
[32m[Nest] 42788  - [39m2026. 03. 24. 오전 2:53:23 [32m    LOG[39m [38;5;3m[HTTP] [39m[32mGET /customer/orders?page=1&limit=20 - 1518ms[39m
[32m[Nest] 42788  - [39m2026. 03. 24. 오전 2:53:23 [32m    LOG[39m [38;5;3m[CustomerOrdersController] [39m[32mUser d26831b8-20ef-4b10-8a1c-737a83d9b21f fetching orders (all branches)[39m
[32m[Nest] 42788  - [39m2026. 03. 24. 오전 2:53:23 [32m    LOG[39m [38;5;3m[CustomerOrdersService] [39m[32mFetching orders (all branches) by user d26831b8-20ef-4b10-8a1c-737a83d9b21f[39m
[32m[Nest] 42788  - [39m2026. 03. 24. 오전 2:53:23 [32m    LOG[39m [38;5;3m[CustomerOrdersService] [39m[32mFetched 0 orders[39m
[32m[Nest] 42788  - [39m2026. 03. 24. 오전 2:53:23 [32m    LOG[39m [38;5;3m[HTTP] [39m[32mGET /customer/orders?page=1&limit=1&dateStart=2026-03-24&dateEnd=2026-03-24&status=COMPLETED - 526ms[39m
[32m[Nest] 42788  - [39m2026. 03. 24. 오전 2:53:23 [32m    LOG[39m [38;5;3m[CustomerOrdersService] [39m[32mFetched 0 orders[39m
[32m[Nest] 42788  - [39m2026. 03. 24. 오전 2:53:23 [32m    LOG[39m [38;5;3m[HTTP] [39m[32mGET /customer/orders?page=1&limit=1&dateStart=2026-03-24&dateEnd=2026-03-24&status=READY - 571ms[39m
[32m[Nest] 42788  - [39m2026. 03. 24. 오전 2:53:23 [32m    LOG[39m [38;5;3m[CustomerOrdersService] [39m[32mFetched 0 orders[39m
[32m[Nest] 42788  - [39m2026. 03. 24. 오전 2:53:23 [32m    LOG[39m [38;5;3m[HTTP] [39m[32mGET /customer/orders?page=1&limit=1&dateStart=2026-03-24&dateEnd=2026-03-24&status=CANCELLED - 493ms[39m
[33m[Nest] 42788  - [39m2026. 03. 24. 오전 2:53:23 [33m   WARN[39m [38;5;3m[CustomerOrdersService] [39m[33mFailed to load order payment methods for customer orders: column orders.payment_method does not exist[39m
[32m[Nest] 42788  - [39m2026. 03. 24. 오전 2:53:23 [32m    LOG[39m [38;5;3m[CustomerOrdersService] [39m[32mFetched 0 orders[39m
[32m[Nest] 42788  - [39m2026. 03. 24. 오전 2:53:23 [32m    LOG[39m [38;5;3m[HTTP] [39m[32mGET /customer/orders?page=1&limit=1&dateStart=2026-03-24&dateEnd=2026-03-24&status=REFUNDED - 519ms[39m
[33m[Nest] 42788  - [39m2026. 03. 24. 오전 2:53:23 [33m   WARN[39m [38;5;3m[CustomerOrdersService] [39m[33mFailed to load order payment methods for customer orders: column orders.payment_method does not exist[39m
[32m[Nest] 42788  - [39m2026. 03. 24. 오전 2:53:24 [32m    LOG[39m [38;5;3m[CustomerOrdersService] [39m[32mFetched 1 orders[39m
[32m[Nest] 42788  - [39m2026. 03. 24. 오전 2:53:24 [32m    LOG[39m [38;5;3m[HTTP] [39m[32mGET /customer/orders?page=1&limit=1&dateStart=2026-03-24&dateEnd=2026-03-24&status=PREPARING - 1625ms[39m
[32m[Nest] 42788  - [39m2026. 03. 24. 오전 2:53:24 [32m    LOG[39m [38;5;3m[CustomerOrdersService] [39m[32mFetched 1 orders[39m
[32m[Nest] 42788  - [39m2026. 03. 24. 오전 2:53:24 [32m    LOG[39m [38;5;3m[HTTP] [39m[32mGET /customer/orders?page=1&limit=1&dateStart=2026-03-24&dateEnd=2026-03-24&status=CREATED - 1650ms[39m
[32m[Nest] 42788  - [39m2026. 03. 24. 오전 2:53:30 [32m    LOG[39m [38;5;3m[CustomerOrdersController] [39m[32mUser d26831b8-20ef-4b10-8a1c-737a83d9b21f fetching orders (all branches)[39m
[32m[Nest] 42788  - [39m2026. 03. 24. 오전 2:53:30 [32m    LOG[39m [38;5;3m[CustomerOrdersService] [39m[32mFetching orders (all branches) by user d26831b8-20ef-4b10-8a1c-737a83d9b21f[39m
[32m[Nest] 42788  - [39m2026. 03. 24. 오전 2:53:30 [32m    LOG[39m [38;5;3m[CustomerOrdersController] [39m[32mUser d26831b8-20ef-4b10-8a1c-737a83d9b21f fetching orders (all branches)[39m
[32m[Nest] 42788  - [39m2026. 03. 24. 오전 2:53:30 [32m    LOG[39m [38;5;3m[CustomerOrdersService] [39m[32mFetching orders (all branches) by user d26831b8-20ef-4b10-8a1c-737a83d9b21f[39m
[33m[Nest] 42788  - [39m2026. 03. 24. 오전 2:53:32 [33m   WARN[39m [38;5;3m[CustomerOrdersService] [39m[33mFailed to load order payment methods for customer orders: column orders.payment_method does not exist[39m
[33m[Nest] 42788  - [39m2026. 03. 24. 오전 2:53:32 [33m   WARN[39m [38;5;3m[CustomerOrdersService] [39m[33mFailed to load order payment methods for customer orders: column orders.payment_method does not exist[39m
[32m[Nest] 42788  - [39m2026. 03. 24. 오전 2:53:32 [32m    LOG[39m [38;5;3m[CustomerOrdersService] [39m[32mFetched 11 orders[39m
[32m[Nest] 42788  - [39m2026. 03. 24. 오전 2:53:32 [32m    LOG[39m [38;5;3m[HTTP] [39m[32mGET /customer/orders?page=1&limit=20&dateStart=2026-03-24&dateEnd=2026-03-24 - 1818ms[39m
[32m[Nest] 42788  - [39m2026. 03. 24. 오전 2:53:32 [32m    LOG[39m [38;5;3m[CustomerOrdersService] [39m[32mFetched 1 orders[39m
[32m[Nest] 42788  - [39m2026. 03. 24. 오전 2:53:32 [32m    LOG[39m [38;5;3m[HTTP] [39m[32mGET /customer/orders?page=1&limit=1&dateStart=2026-03-24&dateEnd=2026-03-24 - 1917ms[39m
[32m[Nest] 42788  - [39m2026. 03. 24. 오전 2:53:32 [32m    LOG[39m [38;5;3m[CustomerOrdersController] [39m[32mUser d26831b8-20ef-4b10-8a1c-737a83d9b21f fetching orders (all branches)[39m
[32m[Nest] 42788  - [39m2026. 03. 24. 오전 2:53:32 [32m    LOG[39m [38;5;3m[CustomerOrdersService] [39m[32mFetching orders (all branches) by user d26831b8-20ef-4b10-8a1c-737a83d9b21f[39m
[32m[Nest] 42788  - [39m2026. 03. 24. 오전 2:53:32 [32m    LOG[39m [38;5;3m[CustomerOrdersController] [39m[32mUser d26831b8-20ef-4b10-8a1c-737a83d9b21f fetching orders (all branches)[39m
[32m[Nest] 42788  - [39m2026. 03. 24. 오전 2:53:32 [32m    LOG[39m [38;5;3m[CustomerOrdersService] [39m[32mFetching orders (all branches) by user d26831b8-20ef-4b10-8a1c-737a83d9b21f[39m
[32m[Nest] 42788  - [39m2026. 03. 24. 오전 2:53:32 [32m    LOG[39m [38;5;3m[CustomerOrdersController] [39m[32mUser d26831b8-20ef-4b10-8a1c-737a83d9b21f fetching orders (all branches)[39m
[32m[Nest] 42788  - [39m2026. 03. 24. 오전 2:53:32 [32m    LOG[39m [38;5;3m[CustomerOrdersService] [39m[32mFetching orders (all branches) by user d26831b8-20ef-4b10-8a1c-737a83d9b21f[39m
[32m[Nest] 42788  - [39m2026. 03. 24. 오전 2:53:33 [32m    LOG[39m [38;5;3m[CustomerOrdersController] [39m[32mUser d26831b8-20ef-4b10-8a1c-737a83d9b21f fetching orders (all branches)[39m
[32m[Nest] 42788  - [39m2026. 03. 24. 오전 2:53:33 [32m    LOG[39m [38;5;3m[CustomerOrdersService] [39m[32mFetching orders (all branches) by user d26831b8-20ef-4b10-8a1c-737a83d9b21f[39m
[32m[Nest] 42788  - [39m2026. 03. 24. 오전 2:53:33 [32m    LOG[39m [38;5;3m[CustomerOrdersController] [39m[32mUser d26831b8-20ef-4b10-8a1c-737a83d9b21f fetching orders (all branches)[39m
[32m[Nest] 42788  - [39m2026. 03. 24. 오전 2:53:33 [32m    LOG[39m [38;5;3m[CustomerOrdersService] [39m[32mFetching orders (all branches) by user d26831b8-20ef-4b10-8a1c-737a83d9b21f[39m
[32m[Nest] 42788  - [39m2026. 03. 24. 오전 2:53:33 [32m    LOG[39m [38;5;3m[CustomerOrdersController] [39m[32mUser d26831b8-20ef-4b10-8a1c-737a83d9b21f fetching orders (all branches)[39m
[32m[Nest] 42788  - [39m2026. 03. 24. 오전 2:53:33 [32m    LOG[39m [38;5;3m[CustomerOrdersService] [39m[32mFetching orders (all branches) by user d26831b8-20ef-4b10-8a1c-737a83d9b21f[39m
[32m[Nest] 42788  - [39m2026. 03. 24. 오전 2:53:33 [32m    LOG[39m [38;5;3m[CustomerOrdersService] [39m[32mFetched 0 orders[39m
[32m[Nest] 42788  - [39m2026. 03. 24. 오전 2:53:33 [32m    LOG[39m [38;5;3m[HTTP] [39m[32mGET /customer/orders?page=1&limit=1&dateStart=2026-03-24&dateEnd=2026-03-24&status=CONFIRMED - 825ms[39m
[32m[Nest] 42788  - [39m2026. 03. 24. 오전 2:53:33 [32m    LOG[39m [38;5;3m[CustomerOrdersController] [39m[32mUser d26831b8-20ef-4b10-8a1c-737a83d9b21f fetching orders (all branches)[39m
[32m[Nest] 42788  - [39m2026. 03. 24. 오전 2:53:33 [32m    LOG[39m [38;5;3m[CustomerOrdersService] [39m[32mFetching orders (all branches) by user d26831b8-20ef-4b10-8a1c-737a83d9b21f[39m
[32m[Nest] 42788  - [39m2026. 03. 24. 오전 2:53:33 [32m    LOG[39m [38;5;3m[CustomerOrdersService] [39m[32mFetched 0 orders[39m
[32m[Nest] 42788  - [39m2026. 03. 24. 오전 2:53:33 [32m    LOG[39m [38;5;3m[HTTP] [39m[32mGET /customer/orders?page=1&limit=1&dateStart=2026-03-24&dateEnd=2026-03-24&status=CANCELLED - 798ms[39m
[32m[Nest] 42788  - [39m2026. 03. 24. 오전 2:53:33 [32m    LOG[39m [38;5;3m[CustomerOrdersService] [39m[32mFetched 0 orders[39m
[32m[Nest] 42788  - [39m2026. 03. 24. 오전 2:53:34 [32m    LOG[39m [38;5;3m[HTTP] [39m[32mGET /customer/orders?page=1&limit=1&dateStart=2026-03-24&dateEnd=2026-03-24&status=READY - 947ms[39m
[32m[Nest] 42788  - [39m2026. 03. 24. 오전 2:53:34 [32m    LOG[39m [38;5;3m[CustomerOrdersService] [39m[32mFetched 0 orders[39m
[32m[Nest] 42788  - [39m2026. 03. 24. 오전 2:53:34 [32m    LOG[39m [38;5;3m[HTTP] [39m[32mGET /customer/orders?page=1&limit=1&dateStart=2026-03-24&dateEnd=2026-03-24&status=COMPLETED - 952ms[39m
[33m[Nest] 42788  - [39m2026. 03. 24. 오전 2:53:34 [33m   WARN[39m [38;5;3m[CustomerOrdersService] [39m[33mFailed to load order payment methods for customer orders: column orders.payment_method does not exist[39m
[32m[Nest] 42788  - [39m2026. 03. 24. 오전 2:53:34 [32m    LOG[39m [38;5;3m[CustomerOrdersService] [39m[32mFetched 0 orders[39m
[32m[Nest] 42788  - [39m2026. 03. 24. 오전 2:53:34 [32m    LOG[39m [38;5;3m[HTTP] [39m[32mGET /customer/orders?page=1&limit=1&dateStart=2026-03-24&dateEnd=2026-03-24&status=REFUNDED - 711ms[39m
[33m[Nest] 42788  - [39m2026. 03. 24. 오전 2:53:34 [33m   WARN[39m [38;5;3m[CustomerOrdersService] [39m[33mFailed to load order payment methods for customer orders: column orders.payment_method does not exist[39m
[32m[Nest] 42788  - [39m2026. 03. 24. 오전 2:53:34 [32m    LOG[39m [38;5;3m[CustomerOrdersService] [39m[32mFetched 1 orders[39m
[32m[Nest] 42788  - [39m2026. 03. 24. 오전 2:53:34 [32m    LOG[39m [38;5;3m[HTTP] [39m[32mGET /customer/orders?page=1&limit=1&dateStart=2026-03-24&dateEnd=2026-03-24&status=CREATED - 1988ms[39m
[32m[Nest] 42788  - [39m2026. 03. 24. 오전 2:53:35 [32m    LOG[39m [38;5;3m[CustomerOrdersService] [39m[32mFetched 1 orders[39m
[32m[Nest] 42788  - [39m2026. 03. 24. 오전 2:53:35 [32m    LOG[39m [38;5;3m[HTTP] [39m[32mGET /customer/orders?page=1&limit=1&dateStart=2026-03-24&dateEnd=2026-03-24&status=PREPARING - 2597ms[39m
[33m[Nest] 42788  - [39m2026. 03. 24. 오전 2:53:35 [33m   WARN[39m [38;5;3m[HTTP] [39m[33mSlow request detected: GET /customer/orders?page=1&limit=1&dateStart=2026-03-24&dateEnd=2026-03-24&status=PREPARING - 2597ms[39m
[32m[Nest] 42788  - [39m2026. 03. 24. 오전 2:53:40 [32m    LOG[39m [38;5;3m[CustomerOrdersController] [39m[32mUser d26831b8-20ef-4b10-8a1c-737a83d9b21f fetching orders (all branches)[39m
[32m[Nest] 42788  - [39m2026. 03. 24. 오전 2:53:40 [32m    LOG[39m [38;5;3m[CustomerOrdersService] [39m[32mFetching orders (all branches) by user d26831b8-20ef-4b10-8a1c-737a83d9b21f[39m
[32m[Nest] 42788  - [39m2026. 03. 24. 오전 2:53:40 [32m    LOG[39m [38;5;3m[CustomerOrdersController] [39m[32mUser d26831b8-20ef-4b10-8a1c-737a83d9b21f fetching orders (all branches)[39m
[32m[Nest] 42788  - [39m2026. 03. 24. 오전 2:53:40 [32m    LOG[39m [38;5;3m[CustomerOrdersService] [39m[32mFetching orders (all branches) by user d26831b8-20ef-4b10-8a1c-737a83d9b21f[39m
[33m[Nest] 42788  - [39m2026. 03. 24. 오전 2:53:41 [33m   WARN[39m [38;5;3m[CustomerOrdersService] [39m[33mFailed to load order payment methods for customer orders: column orders.payment_method does not exist[39m
[33m[Nest] 42788  - [39m2026. 03. 24. 오전 2:53:41 [33m   WARN[39m [38;5;3m[CustomerOrdersService] [39m[33mFailed to load order payment methods for customer orders: column orders.payment_method does not exist[39m
[32m[Nest] 42788  - [39m2026. 03. 24. 오전 2:53:42 [32m    LOG[39m [38;5;3m[CustomerOrdersService] [39m[32mFetched 1 orders[39m
[32m[Nest] 42788  - [39m2026. 03. 24. 오전 2:53:42 [32m    LOG[39m [38;5;3m[HTTP] [39m[32mGET /customer/orders?page=1&limit=1&dateStart=2026-03-24&dateEnd=2026-03-24 - 1526ms[39m
[32m[Nest] 42788  - [39m2026. 03. 24. 오전 2:53:42 [32m    LOG[39m [38;5;3m[CustomerOrdersService] [39m[32mFetched 11 orders[39m
[32m[Nest] 42788  - [39m2026. 03. 24. 오전 2:53:42 [32m    LOG[39m [38;5;3m[HTTP] [39m[32mGET /customer/orders?page=1&limit=20&dateStart=2026-03-24&dateEnd=2026-03-24 - 1554ms[39m
[32m[Nest] 42788  - [39m2026. 03. 24. 오전 2:53:42 [32m    LOG[39m [38;5;3m[CustomerGuard] [39m[32mCustomerGuard: User d26831b8-20ef-4b10-8a1c-737a83d9b21f authorized with 1 brand(s) and 0 branch(es)[39m
[32m[Nest] 42788  - [39m2026. 03. 24. 오전 2:53:42 [32m    LOG[39m [38;5;3m[CustomerOrdersController] [39m[32mUser d26831b8-20ef-4b10-8a1c-737a83d9b21f fetching orders (all branches)[39m
[32m[Nest] 42788  - [39m2026. 03. 24. 오전 2:53:42 [32m    LOG[39m [38;5;3m[CustomerOrdersService] [39m[32mFetching orders (all branches) by user d26831b8-20ef-4b10-8a1c-737a83d9b21f[39m
[32m[Nest] 42788  - [39m2026. 03. 24. 오전 2:53:42 [32m    LOG[39m [38;5;3m[CustomerGuard] [39m[32mCustomerGuard: User d26831b8-20ef-4b10-8a1c-737a83d9b21f authorized with 1 brand(s) and 0 branch(es)[39m
[32m[Nest] 42788  - [39m2026. 03. 24. 오전 2:53:42 [32m    LOG[39m [38;5;3m[CustomerOrdersController] [39m[32mUser d26831b8-20ef-4b10-8a1c-737a83d9b21f fetching orders (all branches)[39m
[32m[Nest] 42788  - [39m2026. 03. 24. 오전 2:53:42 [32m    LOG[39m [38;5;3m[CustomerOrdersService] [39m[32mFetching orders (all branches) by user d26831b8-20ef-4b10-8a1c-737a83d9b21f[39m
[32m[Nest] 42788  - [39m2026. 03. 24. 오전 2:53:42 [32m    LOG[39m [38;5;3m[CustomerGuard] [39m[32mCustomerGuard: User d26831b8-20ef-4b10-8a1c-737a83d9b21f authorized with 1 brand(s) and 0 branch(es)[39m
[32m[Nest] 42788  - [39m2026. 03. 24. 오전 2:53:42 [32m    LOG[39m [38;5;3m[CustomerOrdersController] [39m[32mUser d26831b8-20ef-4b10-8a1c-737a83d9b21f fetching orders (all branches)[39m
[32m[Nest] 42788  - [39m2026. 03. 24. 오전 2:53:42 [32m    LOG[39m [38;5;3m[CustomerOrdersService] [39m[32mFetching orders (all branches) by user d26831b8-20ef-4b10-8a1c-737a83d9b21f[39m
[32m[Nest] 42788  - [39m2026. 03. 24. 오전 2:53:42 [32m    LOG[39m [38;5;3m[CustomerGuard] [39m[32mCustomerGuard: User d26831b8-20ef-4b10-8a1c-737a83d9b21f authorized with 1 brand(s) and 0 branch(es)[39m
[32m[Nest] 42788  - [39m2026. 03. 24. 오전 2:53:42 [32m    LOG[39m [38;5;3m[CustomerOrdersController] [39m[32mUser d26831b8-20ef-4b10-8a1c-737a83d9b21f fetching orders (all branches)[39m
[32m[Nest] 42788  - [39m2026. 03. 24. 오전 2:53:42 [32m    LOG[39m [38;5;3m[CustomerOrdersService] [39m[32mFetching orders (all branches) by user d26831b8-20ef-4b10-8a1c-737a83d9b21f[39m
[32m[Nest] 42788  - [39m2026. 03. 24. 오전 2:53:42 [32m    LOG[39m [38;5;3m[CustomerGuard] [39m[32mCustomerGuard: User d26831b8-20ef-4b10-8a1c-737a83d9b21f authorized with 1 brand(s) and 0 branch(es)[39m
[32m[Nest] 42788  - [39m2026. 03. 24. 오전 2:53:42 [32m    LOG[39m [38;5;3m[CustomerOrdersController] [39m[32mUser d26831b8-20ef-4b10-8a1c-737a83d9b21f fetching orders (all branches)[39m
[32m[Nest] 42788  - [39m2026. 03. 24. 오전 2:53:42 [32m    LOG[39m [38;5;3m[CustomerOrdersService] [39m[32mFetching orders (all branches) by user d26831b8-20ef-4b10-8a1c-737a83d9b21f[39m
[32m[Nest] 42788  - [39m2026. 03. 24. 오전 2:53:42 [32m    LOG[39m [38;5;3m[CustomerGuard] [39m[32mCustomerGuard: User d26831b8-20ef-4b10-8a1c-737a83d9b21f authorized with 1 brand(s) and 0 branch(es)[39m
[32m[Nest] 42788  - [39m2026. 03. 24. 오전 2:53:42 [32m    LOG[39m [38;5;3m[CustomerOrdersController] [39m[32mUser d26831b8-20ef-4b10-8a1c-737a83d9b21f fetching orders (all branches)[39m
[32m[Nest] 42788  - [39m2026. 03. 24. 오전 2:53:42 [32m    LOG[39m [38;5;3m[CustomerOrdersService] [39m[32mFetching orders (all branches) by user d26831b8-20ef-4b10-8a1c-737a83d9b21f[39m
[32m[Nest] 42788  - [39m2026. 03. 24. 오전 2:53:43 [32m    LOG[39m [38;5;3m[CustomerOrdersService] [39m[32mFetched 0 orders[39m
[32m[Nest] 42788  - [39m2026. 03. 24. 오전 2:53:43 [32m    LOG[39m [38;5;3m[HTTP] [39m[32mGET /customer/orders?page=1&limit=1&dateStart=2026-03-24&dateEnd=2026-03-24&status=CONFIRMED - 484ms[39m
[32m[Nest] 42788  - [39m2026. 03. 24. 오전 2:53:43 [32m    LOG[39m [38;5;3m[CustomerOrdersController] [39m[32mUser d26831b8-20ef-4b10-8a1c-737a83d9b21f fetching orders (all branches)[39m
[32m[Nest] 42788  - [39m2026. 03. 24. 오전 2:53:43 [32m    LOG[39m [38;5;3m[CustomerOrdersService] [39m[32mFetching orders (all branches) by user d26831b8-20ef-4b10-8a1c-737a83d9b21f[39m
[32m[Nest] 42788  - [39m2026. 03. 24. 오전 2:53:43 [32m    LOG[39m [38;5;3m[CustomerOrdersService] [39m[32mFetched 0 orders[39m
[32m[Nest] 42788  - [39m2026. 03. 24. 오전 2:53:43 [32m    LOG[39m [38;5;3m[HTTP] [39m[32mGET /customer/orders?page=1&limit=1&dateStart=2026-03-24&dateEnd=2026-03-24&status=COMPLETED - 580ms[39m
[32m[Nest] 42788  - [39m2026. 03. 24. 오전 2:53:43 [32m    LOG[39m [38;5;3m[CustomerOrdersService] [39m[32mFetched 0 orders[39m
[32m[Nest] 42788  - [39m2026. 03. 24. 오전 2:53:43 [32m    LOG[39m [38;5;3m[HTTP] [39m[32mGET /customer/orders?page=1&limit=1&dateStart=2026-03-24&dateEnd=2026-03-24&status=READY - 583ms[39m
[32m[Nest] 42788  - [39m2026. 03. 24. 오전 2:53:43 [32m    LOG[39m [38;5;3m[CustomerOrdersService] [39m[32mFetched 0 orders[39m
[32m[Nest] 42788  - [39m2026. 03. 24. 오전 2:53:43 [32m    LOG[39m [38;5;3m[HTTP] [39m[32mGET /customer/orders?page=1&limit=1&dateStart=2026-03-24&dateEnd=2026-03-24&status=CANCELLED - 581ms[39m
[33m[Nest] 42788  - [39m2026. 03. 24. 오전 2:53:43 [33m   WARN[39m [38;5;3m[CustomerOrdersService] [39m[33mFailed to load order payment methods for customer orders: column orders.payment_method does not exist[39m
[32m[Nest] 42788  - [39m2026. 03. 24. 오전 2:53:43 [32m    LOG[39m [38;5;3m[CustomerOrdersService] [39m[32mFetched 0 orders[39m
[32m[Nest] 42788  - [39m2026. 03. 24. 오전 2:53:43 [32m    LOG[39m [38;5;3m[HTTP] [39m[32mGET /customer/orders?page=1&limit=1&dateStart=2026-03-24&dateEnd=2026-03-24&status=REFUNDED - 591ms[39m
[33m[Nest] 42788  - [39m2026. 03. 24. 오전 2:53:43 [33m   WARN[39m [38;5;3m[CustomerOrdersService] [39m[33mFailed to load order payment methods for customer orders: column orders.payment_method does not exist[39m
[32m[Nest] 42788  - [39m2026. 03. 24. 오전 2:53:44 [32m    LOG[39m [38;5;3m[CustomerOrdersController] [39m[32mUser d26831b8-20ef-4b10-8a1c-737a83d9b21f fetching order 73e92499-13be-47b1-89f3-e21770e9d2ae[39m
[32m[Nest] 42788  - [39m2026. 03. 24. 오전 2:53:44 [32m    LOG[39m [38;5;3m[CustomerOrdersService] [39m[32mFetching order 73e92499-13be-47b1-89f3-e21770e9d2ae by user d26831b8-20ef-4b10-8a1c-737a83d9b21f[39m
[32m[Nest] 42788  - [39m2026. 03. 24. 오전 2:53:44 [32m    LOG[39m [38;5;3m[CustomerOrdersService] [39m[32mFetched 1 orders[39m
[32m[Nest] 42788  - [39m2026. 03. 24. 오전 2:53:44 [32m    LOG[39m [38;5;3m[HTTP] [39m[32mGET /customer/orders?page=1&limit=1&dateStart=2026-03-24&dateEnd=2026-03-24&status=PREPARING - 1641ms[39m
[32m[Nest] 42788  - [39m2026. 03. 24. 오전 2:53:44 [32m    LOG[39m [38;5;3m[CustomerOrdersService] [39m[32mFetched 1 orders[39m
[32m[Nest] 42788  - [39m2026. 03. 24. 오전 2:53:44 [32m    LOG[39m [38;5;3m[HTTP] [39m[32mGET /customer/orders?page=1&limit=1&dateStart=2026-03-24&dateEnd=2026-03-24&status=CREATED - 1736ms[39m
[33m[Nest] 42788  - [39m2026. 03. 24. 오전 2:53:45 [33m   WARN[39m [38;5;3m[CustomerOrdersService] [39m[33mFailed to load order payment methods for customer orders: column orders.payment_method does not exist[39m
[32m[Nest] 42788  - [39m2026. 03. 24. 오전 2:53:45 [32m    LOG[39m [38;5;3m[HTTP] [39m[32mGET /customer/orders/73e92499-13be-47b1-89f3-e21770e9d2ae - 1231ms[39m
[32m[Nest] 42788  - [39m2026. 03. 24. 오전 2:53:48 [32m    LOG[39m [38;5;3m[CustomerOrdersController] [39m[32mUser d26831b8-20ef-4b10-8a1c-737a83d9b21f fetching orders (all branches)[39m
[32m[Nest] 42788  - [39m2026. 03. 24. 오전 2:53:48 [32m    LOG[39m [38;5;3m[CustomerOrdersService] [39m[32mFetching orders (all branches) by user d26831b8-20ef-4b10-8a1c-737a83d9b21f[39m
[32m[Nest] 42788  - [39m2026. 03. 24. 오전 2:53:48 [32m    LOG[39m [38;5;3m[CustomerOrdersController] [39m[32mUser d26831b8-20ef-4b10-8a1c-737a83d9b21f fetching orders (all branches)[39m
[32m[Nest] 42788  - [39m2026. 03. 24. 오전 2:53:48 [32m    LOG[39m [38;5;3m[CustomerOrdersService] [39m[32mFetching orders (all branches) by user d26831b8-20ef-4b10-8a1c-737a83d9b21f[39m
[32m[Nest] 42788  - [39m2026. 03. 24. 오전 2:53:49 [32m    LOG[39m [38;5;3m[CustomerGuard] [39m[32mCustomerGuard: User d26831b8-20ef-4b10-8a1c-737a83d9b21f authorized with 1 brand(s) and 0 branch(es)[39m
[32m[Nest] 42788  - [39m2026. 03. 24. 오전 2:53:49 [32m    LOG[39m [38;5;3m[CustomerBranchesController] [39m[32mUser d26831b8-20ef-4b10-8a1c-737a83d9b21f fetching branches (all)[39m
[32m[Nest] 42788  - [39m2026. 03. 24. 오전 2:53:49 [32m    LOG[39m [38;5;3m[CustomerBranchesService] [39m[32mFetching all accessible branches for user d26831b8-20ef-4b10-8a1c-737a83d9b21f[39m
[32m[Nest] 42788  - [39m2026. 03. 24. 오전 2:53:49 [32m    LOG[39m [38;5;3m[CustomerGuard] [39m[32mCustomerGuard: User d26831b8-20ef-4b10-8a1c-737a83d9b21f authorized with 1 brand(s) and 0 branch(es)[39m
[32m[Nest] 42788  - [39m2026. 03. 24. 오전 2:53:49 [32m    LOG[39m [38;5;3m[CustomerBrandsService] [39m[32mFetching brands for user: d26831b8-20ef-4b10-8a1c-737a83d9b21f[39m
[32m[Nest] 42788  - [39m2026. 03. 24. 오전 2:53:49 [32m    LOG[39m [38;5;3m[CustomerBranchesService] [39m[32mFetched 3 accessible branches for user d26831b8-20ef-4b10-8a1c-737a83d9b21f[39m
[32m[Nest] 42788  - [39m2026. 03. 24. 오전 2:53:49 [32m    LOG[39m [38;5;3m[HTTP] [39m[32mGET /customer/branches - 167ms[39m
[32m[Nest] 42788  - [39m2026. 03. 24. 오전 2:53:49 [32m    LOG[39m [38;5;3m[CustomerBrandsService] [39m[32mFetched 1 brands for user: d26831b8-20ef-4b10-8a1c-737a83d9b21f[39m
[32m[Nest] 42788  - [39m2026. 03. 24. 오전 2:53:49 [32m    LOG[39m [38;5;3m[HTTP] [39m[32mGET /customer/brands - 171ms[39m
[33m[Nest] 42788  - [39m2026. 03. 24. 오전 2:53:49 [33m   WARN[39m [38;5;3m[CustomerOrdersService] [39m[33mFailed to load order payment methods for customer orders: column orders.payment_method does not exist[39m
[33m[Nest] 42788  - [39m2026. 03. 24. 오전 2:53:49 [33m   WARN[39m [38;5;3m[CustomerOrdersService] [39m[33mFailed to load order payment methods for customer orders: column orders.payment_method does not exist[39m
[32m[Nest] 42788  - [39m2026. 03. 24. 오전 2:53:49 [32m    LOG[39m [38;5;3m[CustomerOrdersService] [39m[32mFetched 1 orders[39m
[32m[Nest] 42788  - [39m2026. 03. 24. 오전 2:53:49 [32m    LOG[39m [38;5;3m[HTTP] [39m[32mGET /customer/orders?page=1&limit=1&dateStart=2026-03-24&dateEnd=2026-03-24 - 1491ms[39m
[32m[Nest] 42788  - [39m2026. 03. 24. 오전 2:53:49 [32m    LOG[39m [38;5;3m[CustomerOrdersController] [39m[32mUser d26831b8-20ef-4b10-8a1c-737a83d9b21f fetching orders (all branches)[39m
[32m[Nest] 42788  - [39m2026. 03. 24. 오전 2:53:49 [32m    LOG[39m [38;5;3m[CustomerOrdersService] [39m[32mFetching orders (all branches) by user d26831b8-20ef-4b10-8a1c-737a83d9b21f[39m
[32m[Nest] 42788  - [39m2026. 03. 24. 오전 2:53:49 [32m    LOG[39m [38;5;3m[CustomerOrdersController] [39m[32mUser d26831b8-20ef-4b10-8a1c-737a83d9b21f fetching orders (all branches)[39m
[32m[Nest] 42788  - [39m2026. 03. 24. 오전 2:53:49 [32m    LOG[39m [38;5;3m[CustomerOrdersService] [39m[32mFetching orders (all branches) by user d26831b8-20ef-4b10-8a1c-737a83d9b21f[39m
[32m[Nest] 42788  - [39m2026. 03. 24. 오전 2:53:49 [32m    LOG[39m [38;5;3m[CustomerOrdersController] [39m[32mUser d26831b8-20ef-4b10-8a1c-737a83d9b21f fetching orders (all branches)[39m
[32m[Nest] 42788  - [39m2026. 03. 24. 오전 2:53:49 [32m    LOG[39m [38;5;3m[CustomerOrdersService] [39m[32mFetching orders (all branches) by user d26831b8-20ef-4b10-8a1c-737a83d9b21f[39m
[32m[Nest] 42788  - [39m2026. 03. 24. 오전 2:53:49 [32m    LOG[39m [38;5;3m[CustomerOrdersController] [39m[32mUser d26831b8-20ef-4b10-8a1c-737a83d9b21f fetching orders (all branches)[39m
[32m[Nest] 42788  - [39m2026. 03. 24. 오전 2:53:49 [32m    LOG[39m [38;5;3m[CustomerOrdersService] [39m[32mFetching orders (all branches) by user d26831b8-20ef-4b10-8a1c-737a83d9b21f[39m
[32m[Nest] 42788  - [39m2026. 03. 24. 오전 2:53:49 [32m    LOG[39m [38;5;3m[CustomerOrdersController] [39m[32mUser d26831b8-20ef-4b10-8a1c-737a83d9b21f fetching orders (all branches)[39m
[32m[Nest] 42788  - [39m2026. 03. 24. 오전 2:53:49 [32m    LOG[39m [38;5;3m[CustomerOrdersService] [39m[32mFetching orders (all branches) by user d26831b8-20ef-4b10-8a1c-737a83d9b21f[39m
[32m[Nest] 42788  - [39m2026. 03. 24. 오전 2:53:49 [32m    LOG[39m [38;5;3m[CustomerOrdersService] [39m[32mFetched 11 orders[39m
[32m[Nest] 42788  - [39m2026. 03. 24. 오전 2:53:49 [32m    LOG[39m [38;5;3m[HTTP] [39m[32mGET /customer/orders?page=1&limit=20&dateStart=2026-03-24&dateEnd=2026-03-24 - 1554ms[39m
[32m[Nest] 42788  - [39m2026. 03. 24. 오전 2:53:49 [32m    LOG[39m [38;5;3m[CustomerOrdersController] [39m[32mUser d26831b8-20ef-4b10-8a1c-737a83d9b21f fetching orders (all branches)[39m
[32m[Nest] 42788  - [39m2026. 03. 24. 오전 2:53:49 [32m    LOG[39m [38;5;3m[CustomerOrdersService] [39m[32mFetching orders (all branches) by user d26831b8-20ef-4b10-8a1c-737a83d9b21f[39m
[32m[Nest] 42788  - [39m2026. 03. 24. 오전 2:53:50 [32m    LOG[39m [38;5;3m[CustomerOrdersService] [39m[32mFetched 0 orders[39m
[32m[Nest] 42788  - [39m2026. 03. 24. 오전 2:53:50 [32m    LOG[39m [38;5;3m[HTTP] [39m[32mGET /customer/orders?page=1&limit=1&dateStart=2026-03-24&dateEnd=2026-03-24&status=CONFIRMED - 474ms[39m
[32m[Nest] 42788  - [39m2026. 03. 24. 오전 2:53:50 [32m    LOG[39m [38;5;3m[CustomerOrdersController] [39m[32mUser d26831b8-20ef-4b10-8a1c-737a83d9b21f fetching orders (all branches)[39m
[32m[Nest] 42788  - [39m2026. 03. 24. 오전 2:53:50 [32m    LOG[39m [38;5;3m[CustomerOrdersService] [39m[32mFetching orders (all branches) by user d26831b8-20ef-4b10-8a1c-737a83d9b21f[39m
[32m[Nest] 42788  - [39m2026. 03. 24. 오전 2:53:50 [32m    LOG[39m [38;5;3m[CustomerOrdersService] [39m[32mFetched 0 orders[39m
[32m[Nest] 42788  - [39m2026. 03. 24. 오전 2:53:50 [32m    LOG[39m [38;5;3m[HTTP] [39m[32mGET /customer/orders?page=1&limit=1&dateStart=2026-03-24&dateEnd=2026-03-24&status=READY - 501ms[39m
[32m[Nest] 42788  - [39m2026. 03. 24. 오전 2:53:50 [32m    LOG[39m [38;5;3m[CustomerOrdersService] [39m[32mFetched 0 orders[39m
[32m[Nest] 42788  - [39m2026. 03. 24. 오전 2:53:50 [32m    LOG[39m [38;5;3m[HTTP] [39m[32mGET /customer/orders?page=1&limit=1&dateStart=2026-03-24&dateEnd=2026-03-24&status=COMPLETED - 518ms[39m
[32m[Nest] 42788  - [39m2026. 03. 24. 오전 2:53:50 [32m    LOG[39m [38;5;3m[CustomerOrdersService] [39m[32mFetched 0 orders[39m
[32m[Nest] 42788  - [39m2026. 03. 24. 오전 2:53:50 [32m    LOG[39m [38;5;3m[HTTP] [39m[32mGET /customer/orders?page=1&limit=1&dateStart=2026-03-24&dateEnd=2026-03-24&status=CANCELLED - 500ms[39m
[32m[Nest] 42788  - [39m2026. 03. 24. 오전 2:53:50 [32m    LOG[39m [38;5;3m[CustomerOrdersService] [39m[32mFetched 0 orders[39m
[32m[Nest] 42788  - [39m2026. 03. 24. 오전 2:53:50 [32m    LOG[39m [38;5;3m[HTTP] [39m[32mGET /customer/orders?page=1&limit=1&dateStart=2026-03-24&dateEnd=2026-03-24&status=REFUNDED - 492ms[39m
[33m[Nest] 42788  - [39m2026. 03. 24. 오전 2:53:50 [33m   WARN[39m [38;5;3m[CustomerOrdersService] [39m[33mFailed to load order payment methods for customer orders: column orders.payment_method does not exist[39m
[33m[Nest] 42788  - [39m2026. 03. 24. 오전 2:53:50 [33m   WARN[39m [38;5;3m[CustomerOrdersService] [39m[33mFailed to load order payment methods for customer orders: column orders.payment_method does not exist[39m
[33m[Nest] 42788  - [39m2026. 03. 24. 오전 2:53:50 [33m   WARN[39m [38;5;3m[DepositSyncService] [39m[33mShared deposit sheet mapping detected for "시트1" in spreadsheet "1MSwPe5z2ebuU1xNginda2Rt4d4sLrBXh9p5M4rNSKPI" across 2 branches. Deposit rows will be matched across those branches.[39m
[32m[Nest] 42788  - [39m2026. 03. 24. 오전 2:53:51 [32m    LOG[39m [38;5;3m[CustomerOrdersService] [39m[32mFetched 1 orders[39m
[32m[Nest] 42788  - [39m2026. 03. 24. 오전 2:53:51 [32m    LOG[39m [38;5;3m[HTTP] [39m[32mGET /customer/orders?page=1&limit=1&dateStart=2026-03-24&dateEnd=2026-03-24&status=CREATED - 1627ms[39m
[32m[Nest] 42788  - [39m2026. 03. 24. 오전 2:53:51 [32m    LOG[39m [38;5;3m[CustomerOrdersService] [39m[32mFetched 1 orders[39m
[32m[Nest] 42788  - [39m2026. 03. 24. 오전 2:53:51 [32m    LOG[39m [38;5;3m[HTTP] [39m[32mGET /customer/orders?page=1&limit=1&dateStart=2026-03-24&dateEnd=2026-03-24&status=PREPARING - 1621ms[39m
[31m[Nest] 42788  - [39m2026. 03. 24. 오전 2:53:54 [31m  ERROR[39m [38;5;3m[DepositSyncService] [39m[31mFailed to mark payment as matched for order 3c3212b1-009e-4162-9b32-941471fc5ef4[39m
[31m[Nest] 42788  - [39m2026. 03. 24. 오전 2:53:54 [31m  ERROR[39m [38;5;3m[DepositSyncService] [39mObject(4) {
  code: [32m'22P02'[39m,
  details: [1mnull[22m,
  hint: [1mnull[22m,
  message: [32m'invalid input value for enum order_status: "PENDING"'[39m
}
[32m[Nest] 42788  - [39m2026. 03. 24. 오전 2:53:55 [32m    LOG[39m [38;5;3m[DepositSyncService] [39m[32mDeposit row 25 auto-matched to order 3c3212b1-009e-4162-9b32-941471fc5ef4[39m
[32m[Nest] 42788  - [39m2026. 03. 24. 오전 2:53:58 [32m    LOG[39m [38;5;3m[CustomerOrdersController] [39m[32mUser d26831b8-20ef-4b10-8a1c-737a83d9b21f fetching orders (all branches)[39m
[32m[Nest] 42788  - [39m2026. 03. 24. 오전 2:53:58 [32m    LOG[39m [38;5;3m[CustomerOrdersService] [39m[32mFetching orders (all branches) by user d26831b8-20ef-4b10-8a1c-737a83d9b21f[39m
[32m[Nest] 42788  - [39m2026. 03. 24. 오전 2:53:58 [32m    LOG[39m [38;5;3m[CustomerOrdersController] [39m[32mUser d26831b8-20ef-4b10-8a1c-737a83d9b21f fetching orders (all branches)[39m
[32m[Nest] 42788  - [39m2026. 03. 24. 오전 2:53:58 [32m    LOG[39m [38;5;3m[CustomerOrdersService] [39m[32mFetching orders (all branches) by user d26831b8-20ef-4b10-8a1c-737a83d9b21f[39m
[33m[Nest] 42788  - [39m2026. 03. 24. 오전 2:53:59 [33m   WARN[39m [38;5;3m[CustomerOrdersService] [39m[33mFailed to load order payment methods for customer orders: column orders.payment_method does not exist[39m
[33m[Nest] 42788  - [39m2026. 03. 24. 오전 2:53:59 [33m   WARN[39m [38;5;3m[CustomerOrdersService] [39m[33mFailed to load order payment methods for customer orders: column orders.payment_method does not exist[39m
[32m[Nest] 42788  - [39m2026. 03. 24. 오전 2:53:59 [32m    LOG[39m [38;5;3m[CustomerOrdersService] [39m[32mFetched 1 orders[39m
[32m[Nest] 42788  - [39m2026. 03. 24. 오전 2:53:59 [32m    LOG[39m [38;5;3m[HTTP] [39m[32mGET /customer/orders?page=1&limit=1&dateStart=2026-03-24&dateEnd=2026-03-24 - 1548ms[39m
[32m[Nest] 42788  - [39m2026. 03. 24. 오전 2:53:59 [32m    LOG[39m [38;5;3m[CustomerOrdersController] [39m[32mUser d26831b8-20ef-4b10-8a1c-737a83d9b21f fetching orders (all branches)[39m
[32m[Nest] 42788  - [39m2026. 03. 24. 오전 2:53:59 [32m    LOG[39m [38;5;3m[CustomerOrdersService] [39m[32mFetching orders (all branches) by user d26831b8-20ef-4b10-8a1c-737a83d9b21f[39m
[32m[Nest] 42788  - [39m2026. 03. 24. 오전 2:53:59 [32m    LOG[39m [38;5;3m[CustomerOrdersController] [39m[32mUser d26831b8-20ef-4b10-8a1c-737a83d9b21f fetching orders (all branches)[39m
[32m[Nest] 42788  - [39m2026. 03. 24. 오전 2:53:59 [32m    LOG[39m [38;5;3m[CustomerOrdersService] [39m[32mFetching orders (all branches) by user d26831b8-20ef-4b10-8a1c-737a83d9b21f[39m
[32m[Nest] 42788  - [39m2026. 03. 24. 오전 2:53:59 [32m    LOG[39m [38;5;3m[CustomerOrdersController] [39m[32mUser d26831b8-20ef-4b10-8a1c-737a83d9b21f fetching orders (all branches)[39m
[32m[Nest] 42788  - [39m2026. 03. 24. 오전 2:53:59 [32m    LOG[39m [38;5;3m[CustomerOrdersService] [39m[32mFetching orders (all branches) by user d26831b8-20ef-4b10-8a1c-737a83d9b21f[39m
[32m[Nest] 42788  - [39m2026. 03. 24. 오전 2:53:59 [32m    LOG[39m [38;5;3m[CustomerOrdersService] [39m[32mFetched 11 orders[39m
[32m[Nest] 42788  - [39m2026. 03. 24. 오전 2:53:59 [32m    LOG[39m [38;5;3m[HTTP] [39m[32mGET /customer/orders?page=1&limit=20&dateStart=2026-03-24&dateEnd=2026-03-24 - 1589ms[39m
[32m[Nest] 42788  - [39m2026. 03. 24. 오전 2:53:59 [32m    LOG[39m [38;5;3m[CustomerOrdersController] [39m[32mUser d26831b8-20ef-4b10-8a1c-737a83d9b21f fetching orders (all branches)[39m
[32m[Nest] 42788  - [39m2026. 03. 24. 오전 2:53:59 [32m    LOG[39m [38;5;3m[CustomerOrdersService] [39m[32mFetching orders (all branches) by user d26831b8-20ef-4b10-8a1c-737a83d9b21f[39m
[32m[Nest] 42788  - [39m2026. 03. 24. 오전 2:53:59 [32m    LOG[39m [38;5;3m[CustomerOrdersController] [39m[32mUser d26831b8-20ef-4b10-8a1c-737a83d9b21f fetching orders (all branches)[39m
[32m[Nest] 42788  - [39m2026. 03. 24. 오전 2:53:59 [32m    LOG[39m [38;5;3m[CustomerOrdersService] [39m[32mFetching orders (all branches) by user d26831b8-20ef-4b10-8a1c-737a83d9b21f[39m
[32m[Nest] 42788  - [39m2026. 03. 24. 오전 2:53:59 [32m    LOG[39m [38;5;3m[CustomerOrdersController] [39m[32mUser d26831b8-20ef-4b10-8a1c-737a83d9b21f fetching orders (all branches)[39m
[32m[Nest] 42788  - [39m2026. 03. 24. 오전 2:53:59 [32m    LOG[39m [38;5;3m[CustomerOrdersService] [39m[32mFetching orders (all branches) by user d26831b8-20ef-4b10-8a1c-737a83d9b21f[39m
[32m[Nest] 42788  - [39m2026. 03. 24. 오전 2:54:00 [32m    LOG[39m [38;5;3m[CustomerOrdersService] [39m[32mFetched 0 orders[39m
[32m[Nest] 42788  - [39m2026. 03. 24. 오전 2:54:00 [32m    LOG[39m [38;5;3m[HTTP] [39m[32mGET /customer/orders?page=1&limit=1&dateStart=2026-03-24&dateEnd=2026-03-24&status=CONFIRMED - 520ms[39m
[32m[Nest] 42788  - [39m2026. 03. 24. 오전 2:54:00 [32m    LOG[39m [38;5;3m[CustomerOrdersController] [39m[32mUser d26831b8-20ef-4b10-8a1c-737a83d9b21f fetching orders (all branches)[39m
[32m[Nest] 42788  - [39m2026. 03. 24. 오전 2:54:00 [32m    LOG[39m [38;5;3m[CustomerOrdersService] [39m[32mFetching orders (all branches) by user d26831b8-20ef-4b10-8a1c-737a83d9b21f[39m
[32m[Nest] 42788  - [39m2026. 03. 24. 오전 2:54:00 [32m    LOG[39m [38;5;3m[CustomerOrdersService] [39m[32mFetched 0 orders[39m
[32m[Nest] 42788  - [39m2026. 03. 24. 오전 2:54:00 [32m    LOG[39m [38;5;3m[HTTP] [39m[32mGET /customer/orders?page=1&limit=1&dateStart=2026-03-24&dateEnd=2026-03-24&status=COMPLETED - 547ms[39m
[32m[Nest] 42788  - [39m2026. 03. 24. 오전 2:54:00 [32m    LOG[39m [38;5;3m[CustomerOrdersService] [39m[32mFetched 0 orders[39m
[32m[Nest] 42788  - [39m2026. 03. 24. 오전 2:54:00 [32m    LOG[39m [38;5;3m[HTTP] [39m[32mGET /customer/orders?page=1&limit=1&dateStart=2026-03-24&dateEnd=2026-03-24&status=CANCELLED - 555ms[39m
[32m[Nest] 42788  - [39m2026. 03. 24. 오전 2:54:00 [32m    LOG[39m [38;5;3m[CustomerOrdersService] [39m[32mFetched 0 orders[39m
[32m[Nest] 42788  - [39m2026. 03. 24. 오전 2:54:00 [32m    LOG[39m [38;5;3m[HTTP] [39m[32mGET /customer/orders?page=1&limit=1&dateStart=2026-03-24&dateEnd=2026-03-24&status=READY - 588ms[39m
[32m[Nest] 42788  - [39m2026. 03. 24. 오전 2:54:00 [32m    LOG[39m [38;5;3m[CustomerOrdersService] [39m[32mFetched 0 orders[39m
[32m[Nest] 42788  - [39m2026. 03. 24. 오전 2:54:00 [32m    LOG[39m [38;5;3m[HTTP] [39m[32mGET /customer/orders?page=1&limit=1&dateStart=2026-03-24&dateEnd=2026-03-24&status=REFUNDED - 488ms[39m
[33m[Nest] 42788  - [39m2026. 03. 24. 오전 2:54:00 [33m   WARN[39m [38;5;3m[CustomerOrdersService] [39m[33mFailed to load order payment methods for customer orders: column orders.payment_method does not exist[39m
[33m[Nest] 42788  - [39m2026. 03. 24. 오전 2:54:00 [33m   WARN[39m [38;5;3m[CustomerOrdersService] [39m[33mFailed to load order payment methods for customer orders: column orders.payment_method does not exist[39m
[32m[Nest] 42788  - [39m2026. 03. 24. 오전 2:54:01 [32m    LOG[39m [38;5;3m[CustomerOrdersService] [39m[32mFetched 1 orders[39m
[32m[Nest] 42788  - [39m2026. 03. 24. 오전 2:54:01 [32m    LOG[39m [38;5;3m[HTTP] [39m[32mGET /customer/orders?page=1&limit=1&dateStart=2026-03-24&dateEnd=2026-03-24&status=PREPARING - 1492ms[39m
[32m[Nest] 42788  - [39m2026. 03. 24. 오전 2:54:01 [32m    LOG[39m [38;5;3m[CustomerOrdersService] [39m[32mFetched 1 orders[39m
[32m[Nest] 42788  - [39m2026. 03. 24. 오전 2:54:01 [32m    LOG[39m [38;5;3m[HTTP] [39m[32mGET /customer/orders?page=1&limit=1&dateStart=2026-03-24&dateEnd=2026-03-24&status=CREATED - 1518ms[39m
